PATIENT_DEMOTED,6058,3/3/2023 11:52,30a49dd8-c08a-4994-a622-57647670b5bb,100,Infinity,Mike_1 Root,"(2.6, 0.0, 0.1)","(0.0, 0.7, 0.0, -0.7)",DELAYED,waver,normal,normal,normal,upset,recovery
PATIENT_DEMOTED,6704,3/3/2023 11:52,30a49dd8-c08a-4994-a622-57647670b5bb,100,Infinity,Mike_2 Root,"(2.6, 0.0, 2.4)","(0.0, 0.7, 0.0, -0.7)",IMMEDIATE,walker,fast,normal,normal,upset,sittingGround
PATIENT_DEMOTED,7361,3/3/2023 11:52,30a49dd8-c08a-4994-a622-57647670b5bb,100,128,Mike_3 Root,"(3.0, 0.0, 4.3)","(0.0, 0.7, 0.0, -0.7)",IMMEDIATE,still,faint,collapsedRight,normal,unresponsive,supine
SESSION_START,8789,3/3/2023 11:52,30a49dd8-c08a-4994-a622-57647670b5bb,,,,,,,,,,,,
PATIENT_RECORD,8789,3/3/2023 11:52,30a49dd8-c08a-4994-a622-57647670b5bb,100,Infinity,Mike_0 Root,"(2.6, 0.0, -1.4)","(0.0, 0.7, 0.0, -0.7)",MINIMAL,walker,normal,normal,normal,upset,sittingGround
INJURY_RECORD,8789,3/3/2023 11:52,30a49dd8-c08a-4994-a622-57647670b5bb,R Forearm Laceration,Mike_0 Root,gauzePressure,low,rightArm,FALSE,FALSE,"(2.7, 1.4, -0.9)",,,,
PATIENT_RECORD,8789,3/3/2023 11:52,30a49dd8-c08a-4994-a622-57647670b5bb,100,Infinity,Mike_1 Root,"(2.9, 0.0, 0.1)","(0.0, 0.7, 0.0, -0.7)",DELAYED,waver,normal,normal,normal,upset,recovery
INJURY_RECORD,8789,3/3/2023 11:52,30a49dd8-c08a-4994-a622-57647670b5bb,L Thigh Laceration,Mike_1 Root,tourniquet,medium,leftLeg,FALSE,FALSE,"(2.8, 0.7, -0.1)",,,,
PATIENT_RECORD,8789,3/3/2023 11:52,30a49dd8-c08a-4994-a622-57647670b5bb,100,Infinity,Mike_2 Root,"(3.1, 0.0, 2.2)","(0.0, 0.7, 0.0, -0.7)",IMMEDIATE,walker,fast,normal,normal,upset,sittingGround
INJURY_RECORD,8789,3/3/2023 11:52,30a49dd8-c08a-4994-a622-57647670b5bb,L Shoulder Puncture,Mike_2 Root,woundpack,medium,chest,FALSE,FALSE,"(3.1, 1.5, 2.1)",,,,
PATIENT_RECORD,8789,3/3/2023 11:52,30a49dd8-c08a-4994-a622-57647670b5bb,100,128,Mike_3 Root,"(3.2, 0.0, 4.3)","(0.0, 0.7, 0.0, -0.7)",IMMEDIATE,still,faint,collapsedRight,normal,unresponsive,supine
INJURY_RECORD,8789,3/3/2023 11:52,30a49dd8-c08a-4994-a622-57647670b5bb,R Chest Collapse,Mike_3 Root,decompress,high,chest,FALSE,FALSE,"(0.0, 0.0, 0.0)",,,,
VOICE_CAPTURE,19692,3/3/2023 11:52,30a49dd8-c08a-4994-a622-57647670b5bb,walk,NA,,,,,,,,,,
VOICE_COMMAND,19692,3/3/2023 11:52,30a49dd8-c08a-4994-a622-57647670b5bb,walk to the safe area,walk,,,,,,,,,,
S_A_L_T_WALK_IF_CAN,19694,3/3/2023 11:52,30a49dd8-c08a-4994-a622-57647670b5bb,"(2.6, 0.0, -1.4)",walkIfCan,Mike_0 Root,,,,,,,,,
S_A_L_T_WALKED,19694,3/3/2023 11:52,30a49dd8-c08a-4994-a622-57647670b5bb,"(2.6, 0.0, -1.4)",walked,Mike_0 Root,,,,,,,,,
S_A_L_T_WALK_IF_CAN,19694,3/3/2023 11:52,30a49dd8-c08a-4994-a622-57647670b5bb,"(2.9, 0.0, 0.1)",walkIfCan,Mike_1 Root,,,,,,,,,
S_A_L_T_WALK_IF_CAN,19694,3/3/2023 11:52,30a49dd8-c08a-4994-a622-57647670b5bb,"(3.1, 0.0, 2.2)",walkIfCan,Mike_2 Root,,,,,,,,,
S_A_L_T_WALKED,19694,3/3/2023 11:52,30a49dd8-c08a-4994-a622-57647670b5bb,"(3.1, 0.0, 2.2)",walked,Mike_2 Root,,,,,,,,,
VOICE_CAPTURE,42745,3/3/2023 11:53,30a49dd8-c08a-4994-a622-57647670b5bb,wave,NA,,,,,,,,,,
VOICE_COMMAND,42745,3/3/2023 11:53,30a49dd8-c08a-4994-a622-57647670b5bb,wave if you can,wave,,,,,,,,,,
S_A_L_T_WAVE_IF_CAN,42746,3/3/2023 11:53,30a49dd8-c08a-4994-a622-57647670b5bb,"(3.1, 0.0, -4.9)",waveIfCan,Mike_0 Root,,,,,,,,,
S_A_L_T_WAVED,42746,3/3/2023 11:53,30a49dd8-c08a-4994-a622-57647670b5bb,"(3.1, 0.0, -4.9)",waved,Mike_0 Root,,,,,,,,,
S_A_L_T_WAVE_IF_CAN,42746,3/3/2023 11:53,30a49dd8-c08a-4994-a622-57647670b5bb,"(2.9, 0.0, 0.1)",waveIfCan,Mike_1 Root,,,,,,,,,
S_A_L_T_WAVED,42746,3/3/2023 11:53,30a49dd8-c08a-4994-a622-57647670b5bb,"(2.9, 0.0, 0.1)",waved,Mike_1 Root,,,,,,,,,
S_A_L_T_WAVE_IF_CAN,42747,3/3/2023 11:53,30a49dd8-c08a-4994-a622-57647670b5bb,"(2.6, 0.0, -3.7)",waveIfCan,Mike_2 Root,,,,,,,,,
S_A_L_T_WAVED,42747,3/3/2023 11:53,30a49dd8-c08a-4994-a622-57647670b5bb,"(2.6, 0.0, -3.7)",waved,Mike_2 Root,,,,,,,,,
TELEPORT,50165,3/3/2023 11:53,30a49dd8-c08a-4994-a622-57647670b5bb,"(0.8, 0.0, -3.4)",,,,,,,,,,,
TELEPORT,55695,3/3/2023 11:53,30a49dd8-c08a-4994-a622-57647670b5bb,"(0.8, 0.0, -3.4)",,,,,,,,,,,
PATIENT_ENGAGED,66394,3/3/2023 11:53,30a49dd8-c08a-4994-a622-57647670b5bb,100,128,Mike_3 Root,"(3.2, 0.0, 4.3)","(0.0, 0.7, 0.0, -0.7)",IMMEDIATE,still,faint,collapsedRight,normal,unresponsive,supine
PULSE_TAKEN,71219,3/3/2023 11:53,30a49dd8-c08a-4994-a622-57647670b5bb,pulse_faint,Mike_3 Root,,,,,,,,,,
PULSE_TAKEN,72526,3/3/2023 11:53,30a49dd8-c08a-4994-a622-57647670b5bb,pulse_faint,Mike_3 Root,,,,,,,,,,
PULSE_TAKEN,72559,3/3/2023 11:53,30a49dd8-c08a-4994-a622-57647670b5bb,pulse_faint,Mike_3 Root,,,,,,,,,,
PULSE_TAKEN,73844,3/3/2023 11:53,30a49dd8-c08a-4994-a622-57647670b5bb,pulse_faint,Mike_3 Root,,,,,,,,,,
BAG_ACCESS,92181,3/3/2023 11:54,30a49dd8-c08a-4994-a622-57647670b5bb,"(3.6, 0.7, 4.3)",,,,,,,,,,,
TOOL_HOVER,93719,3/3/2023 11:54,30a49dd8-c08a-4994-a622-57647670b5bb,Needle,999,,,,,,,,,,
TOOL_HOVER,93735,3/3/2023 11:54,30a49dd8-c08a-4994-a622-57647670b5bb,Needle,999,,,,,,,,,,
TOOL_HOVER,93752,3/3/2023 11:54,30a49dd8-c08a-4994-a622-57647670b5bb,Needle,999,,,,,,,,,,
TOOL_HOVER,93769,3/3/2023 11:54,30a49dd8-c08a-4994-a622-57647670b5bb,Needle,999,,,,,,,,,,
TOOL_HOVER,93788,3/3/2023 11:54,30a49dd8-c08a-4994-a622-57647670b5bb,Needle,999,,,,,,,,,,
TOOL_HOVER,93801,3/3/2023 11:54,30a49dd8-c08a-4994-a622-57647670b5bb,Needle,999,,,,,,,,,,
TOOL_HOVER,93818,3/3/2023 11:54,30a49dd8-c08a-4994-a622-57647670b5bb,Needle,999,,,,,,,,,,
TOOL_HOVER,93835,3/3/2023 11:54,30a49dd8-c08a-4994-a622-57647670b5bb,Needle,999,,,,,,,,,,
TOOL_HOVER,93852,3/3/2023 11:54,30a49dd8-c08a-4994-a622-57647670b5bb,Needle,999,,,,,,,,,,
TOOL_HOVER,93869,3/3/2023 11:54,30a49dd8-c08a-4994-a622-57647670b5bb,Needle,999,,,,,,,,,,
TOOL_HOVER,93885,3/3/2023 11:54,30a49dd8-c08a-4994-a622-57647670b5bb,Needle,999,,,,,,,,,,
TOOL_HOVER,93902,3/3/2023 11:54,30a49dd8-c08a-4994-a622-57647670b5bb,Needle,999,,,,,,,,,,
TOOL_HOVER,93919,3/3/2023 11:54,30a49dd8-c08a-4994-a622-57647670b5bb,Needle,999,,,,,,,,,,
TOOL_HOVER,93935,3/3/2023 11:54,30a49dd8-c08a-4994-a622-57647670b5bb,Needle,999,,,,,,,,,,
TOOL_HOVER,93952,3/3/2023 11:54,30a49dd8-c08a-4994-a622-57647670b5bb,Needle,999,,,,,,,,,,
TOOL_HOVER,93969,3/3/2023 11:54,30a49dd8-c08a-4994-a622-57647670b5bb,Needle,999,,,,,,,,,,
TOOL_HOVER,93986,3/3/2023 11:54,30a49dd8-c08a-4994-a622-57647670b5bb,Needle,999,,,,,,,,,,
TOOL_HOVER,94002,3/3/2023 11:54,30a49dd8-c08a-4994-a622-57647670b5bb,Needle,999,,,,,,,,,,
TOOL_HOVER,94019,3/3/2023 11:54,30a49dd8-c08a-4994-a622-57647670b5bb,Needle,999,,,,,,,,,,
TOOL_HOVER,94037,3/3/2023 11:54,30a49dd8-c08a-4994-a622-57647670b5bb,Needle,999,,,,,,,,,,
TOOL_HOVER,94053,3/3/2023 11:54,30a49dd8-c08a-4994-a622-57647670b5bb,Needle,999,,,,,,,,,,
TOOL_HOVER,94070,3/3/2023 11:54,30a49dd8-c08a-4994-a622-57647670b5bb,Needle,999,,,,,,,,,,
TOOL_HOVER,94087,3/3/2023 11:54,30a49dd8-c08a-4994-a622-57647670b5bb,Needle,999,,,,,,,,,,
TOOL_HOVER,94104,3/3/2023 11:54,30a49dd8-c08a-4994-a622-57647670b5bb,Needle,999,,,,,,,,,,
TOOL_HOVER,94119,3/3/2023 11:54,30a49dd8-c08a-4994-a622-57647670b5bb,Needle,999,,,,,,,,,,
TOOL_HOVER,94144,3/3/2023 11:54,30a49dd8-c08a-4994-a622-57647670b5bb,Needle,999,,,,,,,,,,
TOOL_HOVER,94159,3/3/2023 11:54,30a49dd8-c08a-4994-a622-57647670b5bb,Needle,999,,,,,,,,,,
TOOL_HOVER,94175,3/3/2023 11:54,30a49dd8-c08a-4994-a622-57647670b5bb,Needle,999,,,,,,,,,,
TOOL_HOVER,94192,3/3/2023 11:54,30a49dd8-c08a-4994-a622-57647670b5bb,Needle,999,,,,,,,,,,
TOOL_HOVER,94208,3/3/2023 11:54,30a49dd8-c08a-4994-a622-57647670b5bb,Needle,999,,,,,,,,,,
TOOL_HOVER,94226,3/3/2023 11:54,30a49dd8-c08a-4994-a622-57647670b5bb,Needle,999,,,,,,,,,,
TOOL_HOVER,94242,3/3/2023 11:54,30a49dd8-c08a-4994-a622-57647670b5bb,Needle,999,,,,,,,,,,
TOOL_HOVER,94259,3/3/2023 11:54,30a49dd8-c08a-4994-a622-57647670b5bb,Needle,999,,,,,,,,,,
TOOL_HOVER,94276,3/3/2023 11:54,30a49dd8-c08a-4994-a622-57647670b5bb,Needle,999,,,,,,,,,,
TOOL_HOVER,94293,3/3/2023 11:54,30a49dd8-c08a-4994-a622-57647670b5bb,Needle,999,,,,,,,,,,
TOOL_HOVER,94309,3/3/2023 11:54,30a49dd8-c08a-4994-a622-57647670b5bb,Needle,999,,,,,,,,,,
TOOL_HOVER,94326,3/3/2023 11:54,30a49dd8-c08a-4994-a622-57647670b5bb,Needle,999,,,,,,,,,,
TOOL_HOVER,94343,3/3/2023 11:54,30a49dd8-c08a-4994-a622-57647670b5bb,Needle,999,,,,,,,,,,
TOOL_HOVER,94360,3/3/2023 11:54,30a49dd8-c08a-4994-a622-57647670b5bb,Needle,999,,,,,,,,,,
TOOL_HOVER,94377,3/3/2023 11:54,30a49dd8-c08a-4994-a622-57647670b5bb,Needle,999,,,,,,,,,,
TOOL_HOVER,94393,3/3/2023 11:54,30a49dd8-c08a-4994-a622-57647670b5bb,Needle,999,,,,,,,,,,
TOOL_HOVER,94410,3/3/2023 11:54,30a49dd8-c08a-4994-a622-57647670b5bb,Needle,999,,,,,,,,,,
TOOL_HOVER,94427,3/3/2023 11:54,30a49dd8-c08a-4994-a622-57647670b5bb,Needle,999,,,,,,,,,,
TOOL_HOVER,94444,3/3/2023 11:54,30a49dd8-c08a-4994-a622-57647670b5bb,Needle,999,,,,,,,,,,
TOOL_HOVER,94461,3/3/2023 11:54,30a49dd8-c08a-4994-a622-57647670b5bb,Needle,999,,,,,,,,,,
TOOL_HOVER,94478,3/3/2023 11:54,30a49dd8-c08a-4994-a622-57647670b5bb,Needle,999,,,,,,,,,,
TOOL_HOVER,94494,3/3/2023 11:54,30a49dd8-c08a-4994-a622-57647670b5bb,Needle,999,,,,,,,,,,
TOOL_HOVER,94510,3/3/2023 11:54,30a49dd8-c08a-4994-a622-57647670b5bb,Needle,999,,,,,,,,,,
TOOL_HOVER,94528,3/3/2023 11:54,30a49dd8-c08a-4994-a622-57647670b5bb,Needle,999,,,,,,,,,,
TOOL_HOVER,94544,3/3/2023 11:54,30a49dd8-c08a-4994-a622-57647670b5bb,Needle,999,,,,,,,,,,
TOOL_HOVER,94560,3/3/2023 11:54,30a49dd8-c08a-4994-a622-57647670b5bb,Needle,999,,,,,,,,,,
TOOL_HOVER,94578,3/3/2023 11:54,30a49dd8-c08a-4994-a622-57647670b5bb,Needle,999,,,,,,,,,,
TOOL_HOVER,94594,3/3/2023 11:54,30a49dd8-c08a-4994-a622-57647670b5bb,Needle,999,,,,,,,,,,
TOOL_HOVER,94611,3/3/2023 11:54,30a49dd8-c08a-4994-a622-57647670b5bb,Needle,999,,,,,,,,,,
TOOL_HOVER,94628,3/3/2023 11:54,30a49dd8-c08a-4994-a622-57647670b5bb,Needle,999,,,,,,,,,,
TOOL_HOVER,94644,3/3/2023 11:54,30a49dd8-c08a-4994-a622-57647670b5bb,Needle,999,,,,,,,,,,
TOOL_HOVER,94662,3/3/2023 11:54,30a49dd8-c08a-4994-a622-57647670b5bb,Needle,999,,,,,,,,,,
TOOL_HOVER,94678,3/3/2023 11:54,30a49dd8-c08a-4994-a622-57647670b5bb,Needle,999,,,,,,,,,,
TOOL_HOVER,94695,3/3/2023 11:54,30a49dd8-c08a-4994-a622-57647670b5bb,Needle,999,,,,,,,,,,
TOOL_HOVER,94712,3/3/2023 11:54,30a49dd8-c08a-4994-a622-57647670b5bb,Needle,999,,,,,,,,,,
TOOL_HOVER,94727,3/3/2023 11:54,30a49dd8-c08a-4994-a622-57647670b5bb,Needle,999,,,,,,,,,,
TOOL_HOVER,94744,3/3/2023 11:54,30a49dd8-c08a-4994-a622-57647670b5bb,Needle,999,,,,,,,,,,
TOOL_HOVER,94761,3/3/2023 11:54,30a49dd8-c08a-4994-a622-57647670b5bb,Needle,999,,,,,,,,,,
TOOL_HOVER,94777,3/3/2023 11:54,30a49dd8-c08a-4994-a622-57647670b5bb,Needle,999,,,,,,,,,,
TOOL_HOVER,94794,3/3/2023 11:54,30a49dd8-c08a-4994-a622-57647670b5bb,Needle,999,,,,,,,,,,
TOOL_HOVER,94813,3/3/2023 11:54,30a49dd8-c08a-4994-a622-57647670b5bb,Needle,999,,,,,,,,,,
TOOL_HOVER,94830,3/3/2023 11:54,30a49dd8-c08a-4994-a622-57647670b5bb,Needle,999,,,,,,,,,,
TOOL_HOVER,94846,3/3/2023 11:54,30a49dd8-c08a-4994-a622-57647670b5bb,Needle,999,,,,,,,,,,
TOOL_HOVER,94862,3/3/2023 11:54,30a49dd8-c08a-4994-a622-57647670b5bb,Needle,999,,,,,,,,,,
TOOL_HOVER,94879,3/3/2023 11:54,30a49dd8-c08a-4994-a622-57647670b5bb,Needle,999,,,,,,,,,,
TOOL_HOVER,94897,3/3/2023 11:54,30a49dd8-c08a-4994-a622-57647670b5bb,Needle,999,,,,,,,,,,
TOOL_HOVER,94913,3/3/2023 11:54,30a49dd8-c08a-4994-a622-57647670b5bb,Needle,999,,,,,,,,,,
TOOL_HOVER,94930,3/3/2023 11:54,30a49dd8-c08a-4994-a622-57647670b5bb,Needle,999,,,,,,,,,,
TOOL_HOVER,94946,3/3/2023 11:54,30a49dd8-c08a-4994-a622-57647670b5bb,Needle,999,,,,,,,,,,
TOOL_HOVER,94961,3/3/2023 11:54,30a49dd8-c08a-4994-a622-57647670b5bb,Needle,999,,,,,,,,,,
TOOL_HOVER,94979,3/3/2023 11:54,30a49dd8-c08a-4994-a622-57647670b5bb,Needle,999,,,,,,,,,,
TOOL_SELECTED,94982,3/3/2023 11:54,30a49dd8-c08a-4994-a622-57647670b5bb,Needle,998,,,,,,,,,,
INJURY_TREATED,104072,3/3/2023 11:54,30a49dd8-c08a-4994-a622-57647670b5bb,R Chest Collapse,Mike_3 Root,decompress,high,chest,TRUE,FALSE,"(0.0, 0.0, 0.0)",,,,
TOOL_APPLIED,104072,3/3/2023 11:54,30a49dd8-c08a-4994-a622-57647670b5bb,Needle_Decomp(Clone),Needle,RChest_Breathe1 (UnityEngine.GameObject),cath_needle (UnityEngine.GameObject),right_chest,Needle_Decomp(Clone) (UnityEngine.GameObject),AppliedDecompNeedle,,,,,
TAG_SELECTED,114152,3/3/2023 11:54,30a49dd8-c08a-4994-a622-57647670b5bb,red,,,,,,,,,,,
TAG_APPLIED,117292,3/3/2023 11:54,30a49dd8-c08a-4994-a622-57647670b5bb,Mike_3 Root,red,,,,,,,,,,
BAG_CLOSED,124518,3/3/2023 11:54,30a49dd8-c08a-4994-a622-57647670b5bb,"(3.6, 0.7, 4.3)",,,,,,,,,,,
PATIENT_ENGAGED,137322,3/3/2023 11:54,30a49dd8-c08a-4994-a622-57647670b5bb,100,Infinity,Mike_1 Root,"(2.9, 0.0, 0.1)","(0.0, 0.7, 0.0, -0.7)",DELAYED,waver,normal,normal,normal,upset,recovery
TELEPORT,140463,3/3/2023 11:54,30a49dd8-c08a-4994-a622-57647670b5bb,"(2.3, 0.0, 2.6)",,,,,,,,,,,
BAG_ACCESS,148725,3/3/2023 11:55,30a49dd8-c08a-4994-a622-57647670b5bb,"(2.4, 0.7, 0.7)",,,,,,,,,,,
TOOL_HOVER,149427,3/3/2023 11:55,30a49dd8-c08a-4994-a622-57647670b5bb,Tourniquet,999,,,,,,,,,,
TOOL_HOVER,149443,3/3/2023 11:55,30a49dd8-c08a-4994-a622-57647670b5bb,Tourniquet,999,,,,,,,,,,
TOOL_HOVER,149459,3/3/2023 11:55,30a49dd8-c08a-4994-a622-57647670b5bb,Tourniquet,999,,,,,,,,,,
TOOL_HOVER,149474,3/3/2023 11:55,30a49dd8-c08a-4994-a622-57647670b5bb,Tourniquet,999,,,,,,,,,,
TOOL_HOVER,149491,3/3/2023 11:55,30a49dd8-c08a-4994-a622-57647670b5bb,Tourniquet,999,,,,,,,,,,
TOOL_HOVER,149508,3/3/2023 11:55,30a49dd8-c08a-4994-a622-57647670b5bb,Tourniquet,999,,,,,,,,,,
TOOL_HOVER,149524,3/3/2023 11:55,30a49dd8-c08a-4994-a622-57647670b5bb,Tourniquet,999,,,,,,,,,,
TOOL_HOVER,149541,3/3/2023 11:55,30a49dd8-c08a-4994-a622-57647670b5bb,Tourniquet,999,,,,,,,,,,
TOOL_HOVER,149559,3/3/2023 11:55,30a49dd8-c08a-4994-a622-57647670b5bb,Tourniquet,999,,,,,,,,,,
TOOL_HOVER,149575,3/3/2023 11:55,30a49dd8-c08a-4994-a622-57647670b5bb,Tourniquet,999,,,,,,,,,,
TOOL_HOVER,149593,3/3/2023 11:55,30a49dd8-c08a-4994-a622-57647670b5bb,Tourniquet,999,,,,,,,,,,
TOOL_HOVER,149610,3/3/2023 11:55,30a49dd8-c08a-4994-a622-57647670b5bb,Tourniquet,999,,,,,,,,,,
TOOL_HOVER,149626,3/3/2023 11:55,30a49dd8-c08a-4994-a622-57647670b5bb,Tourniquet,999,,,,,,,,,,
TOOL_HOVER,149643,3/3/2023 11:55,30a49dd8-c08a-4994-a622-57647670b5bb,Tourniquet,999,,,,,,,,,,
TOOL_HOVER,149660,3/3/2023 11:55,30a49dd8-c08a-4994-a622-57647670b5bb,Tourniquet,999,,,,,,,,,,
TOOL_HOVER,149676,3/3/2023 11:55,30a49dd8-c08a-4994-a622-57647670b5bb,Tourniquet,999,,,,,,,,,,
TOOL_HOVER,149693,3/3/2023 11:55,30a49dd8-c08a-4994-a622-57647670b5bb,Tourniquet,999,,,,,,,,,,
TOOL_HOVER,149710,3/3/2023 11:55,30a49dd8-c08a-4994-a622-57647670b5bb,Tourniquet,999,,,,,,,,,,
TOOL_HOVER,149727,3/3/2023 11:55,30a49dd8-c08a-4994-a622-57647670b5bb,Tourniquet,999,,,,,,,,,,
TOOL_SELECTED,149728,3/3/2023 11:55,30a49dd8-c08a-4994-a622-57647670b5bb,Tourniquet,998,,,,,,,,,,
TOOL_DISCARDED,153747,3/3/2023 11:55,30a49dd8-c08a-4994-a622-57647670b5bb,Tourniquet,998,"(2.9, 0.5, 0.4)",,,,,,,,,
TOOL_HOVER,159626,3/3/2023 11:55,30a49dd8-c08a-4994-a622-57647670b5bb,Tourniquet,999,,,,,,,,,,
TOOL_HOVER,159643,3/3/2023 11:55,30a49dd8-c08a-4994-a622-57647670b5bb,Tourniquet,999,,,,,,,,,,
TOOL_HOVER,159660,3/3/2023 11:55,30a49dd8-c08a-4994-a622-57647670b5bb,Tourniquet,999,,,,,,,,,,
TOOL_SELECTED,159661,3/3/2023 11:55,30a49dd8-c08a-4994-a622-57647670b5bb,Tourniquet,998,,,,,,,,,,
VOICE_CAPTURE,161313,3/3/2023 11:55,30a49dd8-c08a-4994-a622-57647670b5bb,show me,NA,,,,,,,,,,
VOICE_COMMAND,161313,3/3/2023 11:55,30a49dd8-c08a-4994-a622-57647670b5bb,reveal injury,show me,,,,,,,,,,
BAG_CLOSED,165483,3/3/2023 11:55,30a49dd8-c08a-4994-a622-57647670b5bb,"(2.4, 0.7, 0.7)",,,,,,,,,,,
TELEPORT,165483,3/3/2023 11:55,30a49dd8-c08a-4994-a622-57647670b5bb,"(2.4, 0.0, 2.3)",,,,,,,,,,,
INJURY_TREATED,165936,3/3/2023 11:55,30a49dd8-c08a-4994-a622-57647670b5bb,L Thigh Laceration,Mike_1 Root,tourniquet,medium,leftLeg,TRUE,FALSE,"(2.8, 0.3, 0.4)",,,,
TOOL_APPLIED,165936,3/3/2023 11:55,30a49dd8-c08a-4994-a622-57647670b5bb,Mike_1 Root,Tourniquet,LeftUpLeg (UnityEngine.GameObject),tor_ring (1) (UnityEngine.GameObject),tourniquet(Clone) (UnityEngine.GameObject),AppliedTourniquet,,,,,,
VOICE_CAPTURE,177300,3/3/2023 11:55,30a49dd8-c08a-4994-a622-57647670b5bb,show me,NA,,,,,,,,,,
VOICE_COMMAND,177300,3/3/2023 11:55,30a49dd8-c08a-4994-a622-57647670b5bb,reveal injury,show me,,,,,,,,,,
VOICE_CAPTURE,180843,3/3/2023 11:55,30a49dd8-c08a-4994-a622-57647670b5bb,show me,NA,,,,,,,,,,
VOICE_COMMAND,180843,3/3/2023 11:55,30a49dd8-c08a-4994-a622-57647670b5bb,reveal injury,show me,,,,,,,,,,
BAG_ACCESS,187693,3/3/2023 11:55,30a49dd8-c08a-4994-a622-57647670b5bb,"(2.4, 0.7, 0.6)",,,,,,,,,,,
TAG_SELECTED,189131,3/3/2023 11:55,30a49dd8-c08a-4994-a622-57647670b5bb,red,,,,,,,,,,,
TAG_APPLIED,191159,3/3/2023 11:55,30a49dd8-c08a-4994-a622-57647670b5bb,Mike_1 Root,red,,,,,,,,,,
BAG_CLOSED,198404,3/3/2023 11:55,30a49dd8-c08a-4994-a622-57647670b5bb,"(2.4, 0.7, 0.6)",,,,,,,,,,,
TELEPORT,198586,3/3/2023 11:55,30a49dd8-c08a-4994-a622-57647670b5bb,"(2.1, 0.0, 1.7)",,,,,,,,,,,
TELEPORT,199464,3/3/2023 11:55,30a49dd8-c08a-4994-a622-57647670b5bb,"(2.0, 0.0, 1.6)",,,,,,,,,,,
TELEPORT,201526,3/3/2023 11:55,30a49dd8-c08a-4994-a622-57647670b5bb,"(2.1, 0.0, 1.6)",,,,,,,,,,,
PATIENT_ENGAGED,204725,3/3/2023 11:55,30a49dd8-c08a-4994-a622-57647670b5bb,100,Infinity,Mike_2 Root,"(2.6, 0.0, -3.7)","(0.0, 0.6, 0.0, 0.8)",IMMEDIATE,walker,fast,normal,normal,upset,sittingGround
BAG_ACCESS,210008,3/3/2023 11:56,30a49dd8-c08a-4994-a622-57647670b5bb,"(2.3, 0.7, -3.2)",,,,,,,,,,,
BAG_CLOSED,217678,3/3/2023 11:56,30a49dd8-c08a-4994-a622-57647670b5bb,"(2.3, 0.7, -3.2)",,,,,,,,,,,
TELEPORT,223060,3/3/2023 11:56,30a49dd8-c08a-4994-a622-57647670b5bb,"(2.7, 0.0, -1.3)",,,,,,,,,,,
TELEPORT,226203,3/3/2023 11:56,30a49dd8-c08a-4994-a622-57647670b5bb,"(3.0, 0.0, -1.6)",,,,,,,,,,,
BAG_ACCESS,233997,3/3/2023 11:56,30a49dd8-c08a-4994-a622-57647670b5bb,"(2.0, 0.7, -2.8)",,,,,,,,,,,
TOOL_HOVER,235318,3/3/2023 11:56,30a49dd8-c08a-4994-a622-57647670b5bb,Hemostatic Gauze,999,,,,,,,,,,
TOOL_HOVER,235335,3/3/2023 11:56,30a49dd8-c08a-4994-a622-57647670b5bb,Hemostatic Gauze,999,,,,,,,,,,
TOOL_HOVER,235350,3/3/2023 11:56,30a49dd8-c08a-4994-a622-57647670b5bb,Hemostatic Gauze,999,,,,,,,,,,
TOOL_HOVER,235367,3/3/2023 11:56,30a49dd8-c08a-4994-a622-57647670b5bb,Hemostatic Gauze,999,,,,,,,,,,
TOOL_HOVER,235384,3/3/2023 11:56,30a49dd8-c08a-4994-a622-57647670b5bb,Hemostatic Gauze,999,,,,,,,,,,
TOOL_HOVER,235400,3/3/2023 11:56,30a49dd8-c08a-4994-a622-57647670b5bb,Hemostatic Gauze,999,,,,,,,,,,
TOOL_HOVER,235417,3/3/2023 11:56,30a49dd8-c08a-4994-a622-57647670b5bb,Hemostatic Gauze,999,,,,,,,,,,
TOOL_HOVER,235434,3/3/2023 11:56,30a49dd8-c08a-4994-a622-57647670b5bb,Hemostatic Gauze,999,,,,,,,,,,
TOOL_HOVER,235451,3/3/2023 11:56,30a49dd8-c08a-4994-a622-57647670b5bb,Hemostatic Gauze,999,,,,,,,,,,
TOOL_HOVER,235468,3/3/2023 11:56,30a49dd8-c08a-4994-a622-57647670b5bb,Hemostatic Gauze,999,,,,,,,,,,
TOOL_HOVER,235485,3/3/2023 11:56,30a49dd8-c08a-4994-a622-57647670b5bb,Hemostatic Gauze,999,,,,,,,,,,
TOOL_HOVER,235501,3/3/2023 11:56,30a49dd8-c08a-4994-a622-57647670b5bb,Hemostatic Gauze,999,,,,,,,,,,
TOOL_HOVER,235517,3/3/2023 11:56,30a49dd8-c08a-4994-a622-57647670b5bb,Hemostatic Gauze,999,,,,,,,,,,
TOOL_HOVER,235535,3/3/2023 11:56,30a49dd8-c08a-4994-a622-57647670b5bb,Hemostatic Gauze,999,,,,,,,,,,
TOOL_HOVER,235552,3/3/2023 11:56,30a49dd8-c08a-4994-a622-57647670b5bb,Hemostatic Gauze,999,,,,,,,,,,
TOOL_HOVER,235569,3/3/2023 11:56,30a49dd8-c08a-4994-a622-57647670b5bb,Hemostatic Gauze,999,,,,,,,,,,
TOOL_HOVER,235585,3/3/2023 11:56,30a49dd8-c08a-4994-a622-57647670b5bb,Hemostatic Gauze,999,,,,,,,,,,
TOOL_HOVER,235602,3/3/2023 11:56,30a49dd8-c08a-4994-a622-57647670b5bb,Hemostatic Gauze,999,,,,,,,,,,
TOOL_HOVER,235618,3/3/2023 11:56,30a49dd8-c08a-4994-a622-57647670b5bb,Hemostatic Gauze,999,,,,,,,,,,
TOOL_HOVER,235635,3/3/2023 11:56,30a49dd8-c08a-4994-a622-57647670b5bb,Hemostatic Gauze,999,,,,,,,,,,
TOOL_HOVER,235652,3/3/2023 11:56,30a49dd8-c08a-4994-a622-57647670b5bb,Hemostatic Gauze,999,,,,,,,,,,
TOOL_HOVER,235668,3/3/2023 11:56,30a49dd8-c08a-4994-a622-57647670b5bb,Hemostatic Gauze,999,,,,,,,,,,
TOOL_SELECTED,235669,3/3/2023 11:56,30a49dd8-c08a-4994-a622-57647670b5bb,Hemostatic Gauze,998,,,,,,,,,,
TOOL_DISCARDED,242686,3/3/2023 11:56,30a49dd8-c08a-4994-a622-57647670b5bb,Hemostatic Gauze,998,"(2.5, 0.4, -3.9)",,,,,,,,,
INJURY_TREATED,242687,3/3/2023 11:56,30a49dd8-c08a-4994-a622-57647670b5bb,L Shoulder Puncture,Mike_2 Root,woundpack,medium,chest,TRUE,FALSE,"(2.5, 0.4, -3.9)",,,,
TOOL_APPLIED,242687,3/3/2023 11:56,30a49dd8-c08a-4994-a622-57647670b5bb,Mike_2 Root,Gauze_Pack,skinCollider_BodyCollideLOD (UnityEngine.GameObject),null,null,AppliedPackingGauze,,,,,,
TOOL_HOVER,254722,3/3/2023 11:56,30a49dd8-c08a-4994-a622-57647670b5bb,Gauze,999,,,,,,,,,,
TOOL_HOVER,254739,3/3/2023 11:56,30a49dd8-c08a-4994-a622-57647670b5bb,Gauze,999,,,,,,,,,,
TOOL_HOVER,254755,3/3/2023 11:56,30a49dd8-c08a-4994-a622-57647670b5bb,Gauze,999,,,,,,,,,,
TOOL_HOVER,254772,3/3/2023 11:56,30a49dd8-c08a-4994-a622-57647670b5bb,Gauze,999,,,,,,,,,,
TOOL_HOVER,254788,3/3/2023 11:56,30a49dd8-c08a-4994-a622-57647670b5bb,Gauze,999,,,,,,,,,,
TOOL_HOVER,254805,3/3/2023 11:56,30a49dd8-c08a-4994-a622-57647670b5bb,Gauze,999,,,,,,,,,,
TOOL_HOVER,254822,3/3/2023 11:56,30a49dd8-c08a-4994-a622-57647670b5bb,Gauze,999,,,,,,,,,,
TOOL_HOVER,254839,3/3/2023 11:56,30a49dd8-c08a-4994-a622-57647670b5bb,Gauze,999,,,,,,,,,,
TOOL_HOVER,254856,3/3/2023 11:56,30a49dd8-c08a-4994-a622-57647670b5bb,Gauze,999,,,,,,,,,,
TOOL_HOVER,254872,3/3/2023 11:56,30a49dd8-c08a-4994-a622-57647670b5bb,Gauze,999,,,,,,,,,,
TOOL_HOVER,254888,3/3/2023 11:56,30a49dd8-c08a-4994-a622-57647670b5bb,Gauze,999,,,,,,,,,,
TOOL_HOVER,254905,3/3/2023 11:56,30a49dd8-c08a-4994-a622-57647670b5bb,Gauze,999,,,,,,,,,,
TOOL_HOVER,254922,3/3/2023 11:56,30a49dd8-c08a-4994-a622-57647670b5bb,Gauze,999,,,,,,,,,,
TOOL_HOVER,254939,3/3/2023 11:56,30a49dd8-c08a-4994-a622-57647670b5bb,Gauze,999,,,,,,,,,,
TOOL_HOVER,254955,3/3/2023 11:56,30a49dd8-c08a-4994-a622-57647670b5bb,Gauze,999,,,,,,,,,,
TOOL_HOVER,254973,3/3/2023 11:56,30a49dd8-c08a-4994-a622-57647670b5bb,Gauze,999,,,,,,,,,,
TOOL_HOVER,254989,3/3/2023 11:56,30a49dd8-c08a-4994-a622-57647670b5bb,Gauze,999,,,,,,,,,,
TOOL_HOVER,255005,3/3/2023 11:56,30a49dd8-c08a-4994-a622-57647670b5bb,Gauze,999,,,,,,,,,,
TOOL_HOVER,255022,3/3/2023 11:56,30a49dd8-c08a-4994-a622-57647670b5bb,Gauze,999,,,,,,,,,,
TOOL_HOVER,255041,3/3/2023 11:56,30a49dd8-c08a-4994-a622-57647670b5bb,Gauze,999,,,,,,,,,,
TOOL_HOVER,255057,3/3/2023 11:56,30a49dd8-c08a-4994-a622-57647670b5bb,Gauze,999,,,,,,,,,,
TOOL_HOVER,255073,3/3/2023 11:56,30a49dd8-c08a-4994-a622-57647670b5bb,Gauze,999,,,,,,,,,,
TOOL_HOVER,255090,3/3/2023 11:56,30a49dd8-c08a-4994-a622-57647670b5bb,Gauze,999,,,,,,,,,,
TOOL_HOVER,255106,3/3/2023 11:56,30a49dd8-c08a-4994-a622-57647670b5bb,Gauze,999,,,,,,,,,,
TOOL_HOVER,255123,3/3/2023 11:56,30a49dd8-c08a-4994-a622-57647670b5bb,Gauze,999,,,,,,,,,,
TOOL_HOVER,255140,3/3/2023 11:56,30a49dd8-c08a-4994-a622-57647670b5bb,Gauze,999,,,,,,,,,,
TOOL_HOVER,255156,3/3/2023 11:56,30a49dd8-c08a-4994-a622-57647670b5bb,Gauze,999,,,,,,,,,,
TOOL_HOVER,255181,3/3/2023 11:56,30a49dd8-c08a-4994-a622-57647670b5bb,Gauze,999,,,,,,,,,,
TOOL_HOVER,255196,3/3/2023 11:56,30a49dd8-c08a-4994-a622-57647670b5bb,Gauze,999,,,,,,,,,,
TOOL_HOVER,255213,3/3/2023 11:56,30a49dd8-c08a-4994-a622-57647670b5bb,Gauze,999,,,,,,,,,,
TOOL_HOVER,255230,3/3/2023 11:56,30a49dd8-c08a-4994-a622-57647670b5bb,Gauze,999,,,,,,,,,,
TOOL_HOVER,255247,3/3/2023 11:56,30a49dd8-c08a-4994-a622-57647670b5bb,Gauze,999,,,,,,,,,,
TOOL_HOVER,255263,3/3/2023 11:56,30a49dd8-c08a-4994-a622-57647670b5bb,Gauze,999,,,,,,,,,,
TOOL_HOVER,255280,3/3/2023 11:56,30a49dd8-c08a-4994-a622-57647670b5bb,Gauze,999,,,,,,,,,,
TOOL_HOVER,255305,3/3/2023 11:56,30a49dd8-c08a-4994-a622-57647670b5bb,Gauze,999,,,,,,,,,,
TOOL_HOVER,255320,3/3/2023 11:56,30a49dd8-c08a-4994-a622-57647670b5bb,Gauze,999,,,,,,,,,,
TOOL_HOVER,255337,3/3/2023 11:56,30a49dd8-c08a-4994-a622-57647670b5bb,Gauze,999,,,,,,,,,,
TOOL_HOVER,255354,3/3/2023 11:56,30a49dd8-c08a-4994-a622-57647670b5bb,Gauze,999,,,,,,,,,,
TOOL_HOVER,255371,3/3/2023 11:56,30a49dd8-c08a-4994-a622-57647670b5bb,Gauze,999,,,,,,,,,,
TOOL_HOVER,255387,3/3/2023 11:56,30a49dd8-c08a-4994-a622-57647670b5bb,Gauze,999,,,,,,,,,,
TOOL_HOVER,255414,3/3/2023 11:56,30a49dd8-c08a-4994-a622-57647670b5bb,Gauze,999,,,,,,,,,,
TOOL_HOVER,255427,3/3/2023 11:56,30a49dd8-c08a-4994-a622-57647670b5bb,Gauze,999,,,,,,,,,,
TOOL_HOVER,255443,3/3/2023 11:56,30a49dd8-c08a-4994-a622-57647670b5bb,Gauze,999,,,,,,,,,,
TOOL_HOVER,255460,3/3/2023 11:56,30a49dd8-c08a-4994-a622-57647670b5bb,Gauze,999,,,,,,,,,,
TOOL_HOVER,255477,3/3/2023 11:56,30a49dd8-c08a-4994-a622-57647670b5bb,Gauze,999,,,,,,,,,,
TOOL_HOVER,255495,3/3/2023 11:56,30a49dd8-c08a-4994-a622-57647670b5bb,Gauze,999,,,,,,,,,,
TOOL_HOVER,255511,3/3/2023 11:56,30a49dd8-c08a-4994-a622-57647670b5bb,Gauze,999,,,,,,,,,,
TOOL_HOVER,255527,3/3/2023 11:56,30a49dd8-c08a-4994-a622-57647670b5bb,Gauze,999,,,,,,,,,,
TOOL_HOVER,255545,3/3/2023 11:56,30a49dd8-c08a-4994-a622-57647670b5bb,Gauze,999,,,,,,,,,,
TOOL_HOVER,255562,3/3/2023 11:56,30a49dd8-c08a-4994-a622-57647670b5bb,Gauze,999,,,,,,,,,,
TOOL_HOVER,255578,3/3/2023 11:56,30a49dd8-c08a-4994-a622-57647670b5bb,Gauze,999,,,,,,,,,,
TOOL_HOVER,255596,3/3/2023 11:56,30a49dd8-c08a-4994-a622-57647670b5bb,Gauze,999,,,,,,,,,,
TOOL_HOVER,255814,3/3/2023 11:56,30a49dd8-c08a-4994-a622-57647670b5bb,Gauze,999,,,,,,,,,,
TOOL_HOVER,255831,3/3/2023 11:56,30a49dd8-c08a-4994-a622-57647670b5bb,Gauze,999,,,,,,,,,,
TOOL_HOVER,255848,3/3/2023 11:56,30a49dd8-c08a-4994-a622-57647670b5bb,Gauze,999,,,,,,,,,,
TOOL_HOVER,255864,3/3/2023 11:56,30a49dd8-c08a-4994-a622-57647670b5bb,Gauze,999,,,,,,,,,,
TOOL_HOVER,255881,3/3/2023 11:56,30a49dd8-c08a-4994-a622-57647670b5bb,Gauze,999,,,,,,,,,,
TOOL_HOVER,255899,3/3/2023 11:56,30a49dd8-c08a-4994-a622-57647670b5bb,Gauze,999,,,,,,,,,,
TOOL_HOVER,255915,3/3/2023 11:56,30a49dd8-c08a-4994-a622-57647670b5bb,Gauze,999,,,,,,,,,,
TOOL_HOVER,255933,3/3/2023 11:56,30a49dd8-c08a-4994-a622-57647670b5bb,Gauze,999,,,,,,,,,,
TOOL_HOVER,255950,3/3/2023 11:56,30a49dd8-c08a-4994-a622-57647670b5bb,Gauze,999,,,,,,,,,,
TOOL_HOVER,255965,3/3/2023 11:56,30a49dd8-c08a-4994-a622-57647670b5bb,Gauze,999,,,,,,,,,,
TOOL_HOVER,255982,3/3/2023 11:56,30a49dd8-c08a-4994-a622-57647670b5bb,Gauze,999,,,,,,,,,,
TOOL_HOVER,256000,3/3/2023 11:56,30a49dd8-c08a-4994-a622-57647670b5bb,Gauze,999,,,,,,,,,,
TOOL_HOVER,256016,3/3/2023 11:56,30a49dd8-c08a-4994-a622-57647670b5bb,Gauze,999,,,,,,,,,,
TOOL_HOVER,256033,3/3/2023 11:56,30a49dd8-c08a-4994-a622-57647670b5bb,Gauze,999,,,,,,,,,,
TOOL_HOVER,256050,3/3/2023 11:56,30a49dd8-c08a-4994-a622-57647670b5bb,Gauze,999,,,,,,,,,,
TOOL_HOVER,256067,3/3/2023 11:56,30a49dd8-c08a-4994-a622-57647670b5bb,Gauze,999,,,,,,,,,,
TOOL_HOVER,256083,3/3/2023 11:56,30a49dd8-c08a-4994-a622-57647670b5bb,Gauze,999,,,,,,,,,,
TOOL_HOVER,256101,3/3/2023 11:56,30a49dd8-c08a-4994-a622-57647670b5bb,Gauze,999,,,,,,,,,,
TOOL_HOVER,256117,3/3/2023 11:56,30a49dd8-c08a-4994-a622-57647670b5bb,Gauze,999,,,,,,,,,,
TOOL_HOVER,256134,3/3/2023 11:56,30a49dd8-c08a-4994-a622-57647670b5bb,Gauze,999,,,,,,,,,,
TOOL_HOVER,256150,3/3/2023 11:56,30a49dd8-c08a-4994-a622-57647670b5bb,Gauze,999,,,,,,,,,,
TOOL_HOVER,256166,3/3/2023 11:56,30a49dd8-c08a-4994-a622-57647670b5bb,Gauze,999,,,,,,,,,,
TOOL_HOVER,256183,3/3/2023 11:56,30a49dd8-c08a-4994-a622-57647670b5bb,Gauze,999,,,,,,,,,,
TOOL_HOVER,256201,3/3/2023 11:56,30a49dd8-c08a-4994-a622-57647670b5bb,Gauze,999,,,,,,,,,,
TOOL_HOVER,256217,3/3/2023 11:56,30a49dd8-c08a-4994-a622-57647670b5bb,Gauze,999,,,,,,,,,,
TOOL_HOVER,256234,3/3/2023 11:56,30a49dd8-c08a-4994-a622-57647670b5bb,Gauze,999,,,,,,,,,,
TOOL_HOVER,256250,3/3/2023 11:56,30a49dd8-c08a-4994-a622-57647670b5bb,Gauze,999,,,,,,,,,,
TOOL_HOVER,256267,3/3/2023 11:56,30a49dd8-c08a-4994-a622-57647670b5bb,Gauze,999,,,,,,,,,,
TOOL_HOVER,256283,3/3/2023 11:56,30a49dd8-c08a-4994-a622-57647670b5bb,Gauze,999,,,,,,,,,,
TOOL_HOVER,256301,3/3/2023 11:56,30a49dd8-c08a-4994-a622-57647670b5bb,Gauze,999,,,,,,,,,,
TOOL_HOVER,256317,3/3/2023 11:56,30a49dd8-c08a-4994-a622-57647670b5bb,Gauze,999,,,,,,,,,,
TOOL_HOVER,256334,3/3/2023 11:56,30a49dd8-c08a-4994-a622-57647670b5bb,Gauze,999,,,,,,,,,,
TOOL_HOVER,256350,3/3/2023 11:56,30a49dd8-c08a-4994-a622-57647670b5bb,Gauze,999,,,,,,,,,,
TOOL_HOVER,256367,3/3/2023 11:56,30a49dd8-c08a-4994-a622-57647670b5bb,Gauze,999,,,,,,,,,,
TOOL_HOVER,256384,3/3/2023 11:56,30a49dd8-c08a-4994-a622-57647670b5bb,Gauze,999,,,,,,,,,,
TOOL_HOVER,256401,3/3/2023 11:56,30a49dd8-c08a-4994-a622-57647670b5bb,Gauze,999,,,,,,,,,,
TOOL_HOVER,256417,3/3/2023 11:56,30a49dd8-c08a-4994-a622-57647670b5bb,Gauze,999,,,,,,,,,,
TOOL_HOVER,256434,3/3/2023 11:56,30a49dd8-c08a-4994-a622-57647670b5bb,Gauze,999,,,,,,,,,,
TOOL_HOVER,256451,3/3/2023 11:56,30a49dd8-c08a-4994-a622-57647670b5bb,Gauze,999,,,,,,,,,,
TOOL_HOVER,256468,3/3/2023 11:56,30a49dd8-c08a-4994-a622-57647670b5bb,Gauze,999,,,,,,,,,,
TOOL_HOVER,256484,3/3/2023 11:56,30a49dd8-c08a-4994-a622-57647670b5bb,Gauze,999,,,,,,,,,,
TOOL_HOVER,256501,3/3/2023 11:56,30a49dd8-c08a-4994-a622-57647670b5bb,Gauze,999,,,,,,,,,,
TOOL_HOVER,256518,3/3/2023 11:56,30a49dd8-c08a-4994-a622-57647670b5bb,Gauze,999,,,,,,,,,,
TOOL_HOVER,256535,3/3/2023 11:56,30a49dd8-c08a-4994-a622-57647670b5bb,Gauze,999,,,,,,,,,,
TOOL_HOVER,256552,3/3/2023 11:56,30a49dd8-c08a-4994-a622-57647670b5bb,Gauze,999,,,,,,,,,,
TOOL_HOVER,256567,3/3/2023 11:56,30a49dd8-c08a-4994-a622-57647670b5bb,Gauze,999,,,,,,,,,,
TOOL_HOVER,256584,3/3/2023 11:56,30a49dd8-c08a-4994-a622-57647670b5bb,Gauze,999,,,,,,,,,,
TOOL_HOVER,256601,3/3/2023 11:56,30a49dd8-c08a-4994-a622-57647670b5bb,Gauze,999,,,,,,,,,,
TOOL_HOVER,256617,3/3/2023 11:56,30a49dd8-c08a-4994-a622-57647670b5bb,Gauze,999,,,,,,,,,,
TOOL_HOVER,256635,3/3/2023 11:56,30a49dd8-c08a-4994-a622-57647670b5bb,Gauze,999,,,,,,,,,,
TOOL_HOVER,256651,3/3/2023 11:56,30a49dd8-c08a-4994-a622-57647670b5bb,Gauze,999,,,,,,,,,,
TOOL_HOVER,256667,3/3/2023 11:56,30a49dd8-c08a-4994-a622-57647670b5bb,Gauze,999,,,,,,,,,,
TOOL_HOVER,256685,3/3/2023 11:56,30a49dd8-c08a-4994-a622-57647670b5bb,Gauze,999,,,,,,,,,,
TOOL_HOVER,256702,3/3/2023 11:56,30a49dd8-c08a-4994-a622-57647670b5bb,Gauze,999,,,,,,,,,,
TOOL_HOVER,256717,3/3/2023 11:56,30a49dd8-c08a-4994-a622-57647670b5bb,Gauze,999,,,,,,,,,,
TOOL_HOVER,256735,3/3/2023 11:56,30a49dd8-c08a-4994-a622-57647670b5bb,Gauze,999,,,,,,,,,,
TOOL_HOVER,256753,3/3/2023 11:56,30a49dd8-c08a-4994-a622-57647670b5bb,Gauze,999,,,,,,,,,,
TOOL_HOVER,256769,3/3/2023 11:56,30a49dd8-c08a-4994-a622-57647670b5bb,Gauze,999,,,,,,,,,,
TOOL_HOVER,256785,3/3/2023 11:56,30a49dd8-c08a-4994-a622-57647670b5bb,Gauze,999,,,,,,,,,,
TOOL_HOVER,256802,3/3/2023 11:56,30a49dd8-c08a-4994-a622-57647670b5bb,Gauze,999,,,,,,,,,,
TOOL_HOVER,256819,3/3/2023 11:56,30a49dd8-c08a-4994-a622-57647670b5bb,Gauze,999,,,,,,,,,,
TOOL_HOVER,256835,3/3/2023 11:56,30a49dd8-c08a-4994-a622-57647670b5bb,Gauze,999,,,,,,,,,,
TOOL_HOVER,256852,3/3/2023 11:56,30a49dd8-c08a-4994-a622-57647670b5bb,Gauze,999,,,,,,,,,,
TOOL_HOVER,256869,3/3/2023 11:56,30a49dd8-c08a-4994-a622-57647670b5bb,Gauze,999,,,,,,,,,,
TOOL_HOVER,256886,3/3/2023 11:56,30a49dd8-c08a-4994-a622-57647670b5bb,Gauze,999,,,,,,,,,,
TOOL_HOVER,256902,3/3/2023 11:56,30a49dd8-c08a-4994-a622-57647670b5bb,Gauze,999,,,,,,,,,,
TOOL_HOVER,256919,3/3/2023 11:56,30a49dd8-c08a-4994-a622-57647670b5bb,Gauze,999,,,,,,,,,,
TOOL_HOVER,256935,3/3/2023 11:56,30a49dd8-c08a-4994-a622-57647670b5bb,Gauze,999,,,,,,,,,,
TOOL_HOVER,256952,3/3/2023 11:56,30a49dd8-c08a-4994-a622-57647670b5bb,Gauze,999,,,,,,,,,,
TOOL_HOVER,256969,3/3/2023 11:56,30a49dd8-c08a-4994-a622-57647670b5bb,Gauze,999,,,,,,,,,,
TOOL_HOVER,256986,3/3/2023 11:56,30a49dd8-c08a-4994-a622-57647670b5bb,Gauze,999,,,,,,,,,,
TOOL_HOVER,257002,3/3/2023 11:56,30a49dd8-c08a-4994-a622-57647670b5bb,Gauze,999,,,,,,,,,,
TAG_SELECTED,257939,3/3/2023 11:56,30a49dd8-c08a-4994-a622-57647670b5bb,red,,,,,,,,,,,
TAG_APPLIED,260309,3/3/2023 11:56,30a49dd8-c08a-4994-a622-57647670b5bb,Mike_2 Root,red,,,,,,,,,,
BAG_CLOSED,265547,3/3/2023 11:57,30a49dd8-c08a-4994-a622-57647670b5bb,"(2.0, 0.7, -2.8)",,,,,,,,,,,
TELEPORT,267210,3/3/2023 11:57,30a49dd8-c08a-4994-a622-57647670b5bb,"(4.2, 0.0, -1.6)",,,,,,,,,,,
PATIENT_ENGAGED,275362,3/3/2023 11:57,30a49dd8-c08a-4994-a622-57647670b5bb,100,Infinity,Mike_0 Root,"(3.1, 0.0, -4.9)","(0.0, 0.1, 0.0, -1.0)",MINIMAL,walker,normal,normal,normal,upset,sittingGround
BAG_ACCESS,279714,3/3/2023 11:57,30a49dd8-c08a-4994-a622-57647670b5bb,"(3.4, 0.7, -4.3)",,,,,,,,,,,
TOOL_HOVER,280623,3/3/2023 11:57,30a49dd8-c08a-4994-a622-57647670b5bb,Gauze,999,,,,,,,,,,
TOOL_HOVER,280640,3/3/2023 11:57,30a49dd8-c08a-4994-a622-57647670b5bb,Gauze,999,,,,,,,,,,
TOOL_HOVER,280658,3/3/2023 11:57,30a49dd8-c08a-4994-a622-57647670b5bb,Gauze,999,,,,,,,,,,
TOOL_HOVER,280674,3/3/2023 11:57,30a49dd8-c08a-4994-a622-57647670b5bb,Gauze,999,,,,,,,,,,
TOOL_HOVER,280691,3/3/2023 11:57,30a49dd8-c08a-4994-a622-57647670b5bb,Gauze,999,,,,,,,,,,
TOOL_HOVER,280707,3/3/2023 11:57,30a49dd8-c08a-4994-a622-57647670b5bb,Gauze,999,,,,,,,,,,
TOOL_HOVER,280724,3/3/2023 11:57,30a49dd8-c08a-4994-a622-57647670b5bb,Gauze,999,,,,,,,,,,
TOOL_HOVER,280741,3/3/2023 11:57,30a49dd8-c08a-4994-a622-57647670b5bb,Gauze,999,,,,,,,,,,
TOOL_HOVER,280757,3/3/2023 11:57,30a49dd8-c08a-4994-a622-57647670b5bb,Gauze,999,,,,,,,,,,
TOOL_HOVER,280776,3/3/2023 11:57,30a49dd8-c08a-4994-a622-57647670b5bb,Gauze,999,,,,,,,,,,
TOOL_HOVER,280792,3/3/2023 11:57,30a49dd8-c08a-4994-a622-57647670b5bb,Gauze,999,,,,,,,,,,
TOOL_HOVER,280809,3/3/2023 11:57,30a49dd8-c08a-4994-a622-57647670b5bb,Gauze,999,,,,,,,,,,
TOOL_HOVER,280927,3/3/2023 11:57,30a49dd8-c08a-4994-a622-57647670b5bb,Gauze,999,,,,,,,,,,
TOOL_HOVER,280942,3/3/2023 11:57,30a49dd8-c08a-4994-a622-57647670b5bb,Gauze,999,,,,,,,,,,
TOOL_HOVER,280959,3/3/2023 11:57,30a49dd8-c08a-4994-a622-57647670b5bb,Gauze,999,,,,,,,,,,
TOOL_HOVER,280975,3/3/2023 11:57,30a49dd8-c08a-4994-a622-57647670b5bb,Gauze,999,,,,,,,,,,
TOOL_HOVER,280992,3/3/2023 11:57,30a49dd8-c08a-4994-a622-57647670b5bb,Gauze,999,,,,,,,,,,
TOOL_HOVER,281009,3/3/2023 11:57,30a49dd8-c08a-4994-a622-57647670b5bb,Gauze,999,,,,,,,,,,
TOOL_HOVER,281025,3/3/2023 11:57,30a49dd8-c08a-4994-a622-57647670b5bb,Gauze,999,,,,,,,,,,
TOOL_HOVER,281043,3/3/2023 11:57,30a49dd8-c08a-4994-a622-57647670b5bb,Gauze,999,,,,,,,,,,
TOOL_HOVER,281059,3/3/2023 11:57,30a49dd8-c08a-4994-a622-57647670b5bb,Gauze,999,,,,,,,,,,
TOOL_HOVER,281076,3/3/2023 11:57,30a49dd8-c08a-4994-a622-57647670b5bb,Gauze,999,,,,,,,,,,
TOOL_HOVER,281093,3/3/2023 11:57,30a49dd8-c08a-4994-a622-57647670b5bb,Gauze,999,,,,,,,,,,
TOOL_HOVER,281109,3/3/2023 11:57,30a49dd8-c08a-4994-a622-57647670b5bb,Gauze,999,,,,,,,,,,
TOOL_HOVER,284018,3/3/2023 11:57,30a49dd8-c08a-4994-a622-57647670b5bb,Gauze,999,,,,,,,,,,
TOOL_HOVER,284035,3/3/2023 11:57,30a49dd8-c08a-4994-a622-57647670b5bb,Gauze,999,,,,,,,,,,
TOOL_HOVER,284051,3/3/2023 11:57,30a49dd8-c08a-4994-a622-57647670b5bb,Gauze,999,,,,,,,,,,
TOOL_HOVER,284067,3/3/2023 11:57,30a49dd8-c08a-4994-a622-57647670b5bb,Gauze,999,,,,,,,,,,
TOOL_HOVER,284085,3/3/2023 11:57,30a49dd8-c08a-4994-a622-57647670b5bb,Gauze,999,,,,,,,,,,
TOOL_HOVER,284102,3/3/2023 11:57,30a49dd8-c08a-4994-a622-57647670b5bb,Gauze,999,,,,,,,,,,
TOOL_HOVER,284119,3/3/2023 11:57,30a49dd8-c08a-4994-a622-57647670b5bb,Gauze,999,,,,,,,,,,
TOOL_HOVER,284136,3/3/2023 11:57,30a49dd8-c08a-4994-a622-57647670b5bb,Gauze,999,,,,,,,,,,
TOOL_HOVER,284152,3/3/2023 11:57,30a49dd8-c08a-4994-a622-57647670b5bb,Gauze,999,,,,,,,,,,
TOOL_SELECTED,284153,3/3/2023 11:57,30a49dd8-c08a-4994-a622-57647670b5bb,Gauze,998,,,,,,,,,,
TOOL_DISCARDED,288897,3/3/2023 11:57,30a49dd8-c08a-4994-a622-57647670b5bb,Gauze,998,"(3.1, 0.4, -5.1)",,,,,,,,,
INJURY_TREATED,288898,3/3/2023 11:57,30a49dd8-c08a-4994-a622-57647670b5bb,R Forearm Laceration,Mike_0 Root,gauzePressure,low,rightArm,TRUE,FALSE,"(3.1, 0.5, -5.1)",,,,
TOOL_APPLIED,288898,3/3/2023 11:57,30a49dd8-c08a-4994-a622-57647670b5bb,Mike_0 Root,Gauze_Dressing,skinCollider_BodyCollideLOD (UnityEngine.GameObject),null,null,AppliedDressingGauze,,,,,,
TAG_SELECTED,293433,3/3/2023 11:57,30a49dd8-c08a-4994-a622-57647670b5bb,gray,,,,,,,,,,,
TAG_DISCARDED,294285,3/3/2023 11:57,30a49dd8-c08a-4994-a622-57647670b5bb,gray,"(3.3, 0.9, -4.4)",,,,,,,,,,
TAG_SELECTED,294988,3/3/2023 11:57,30a49dd8-c08a-4994-a622-57647670b5bb,yellow,,,,,,,,,,,
TAG_APPLIED,299362,3/3/2023 11:57,30a49dd8-c08a-4994-a622-57647670b5bb,Mike_0 Root,yellow,,,,,,,,,,
BAG_CLOSED,308340,3/3/2023 11:57,30a49dd8-c08a-4994-a622-57647670b5bb,"(3.4, 0.7, -4.3)",,,,,,,,,,,
SESSION_END,311184,3/3/2023 11:57,30a49dd8-c08a-4994-a622-57647670b5bb,,,,,,,,,,,,
PATIENT_DEMOTED,318757,3/3/2023 11:57,30a49dd8-c08a-4994-a622-57647670b5bb,100,Infinity,Bob_0 Root,"(-1.4, 0.0, 5.6)","(0.0, 0.7, 0.0, 0.7)",EXPECTANT,still,faint,restricted,none,unresponsive,supine
PATIENT_DEMOTED,318965,3/3/2023 11:57,30a49dd8-c08a-4994-a622-57647670b5bb,100,Infinity,Bob_0 Root,"(-1.5, 0.0, 5.6)","(0.0, 0.7, 0.0, 0.7)",DEAD,still,none,none,none,dead,supine
PATIENT_DEMOTED,319100,3/3/2023 11:57,30a49dd8-c08a-4994-a622-57647670b5bb,100,Infinity,Gary_1 Root,"(1.7, 0.0, 7.4)","(0.0, 1.0, 0.0, 0.0)",EXPECTANT,still,faint,restricted,none,unresponsive,supine
PATIENT_DEMOTED,319837,3/3/2023 11:57,30a49dd8-c08a-4994-a622-57647670b5bb,100,Infinity,Lily_2 Root,"(2.8, 0.0, 4.3)","(0.0, 1.0, 0.0, 0.0)",IMMEDIATE,waver,fast,fast,normal,agony,fetal
PATIENT_DEMOTED,320516,3/3/2023 11:57,30a49dd8-c08a-4994-a622-57647670b5bb,100,0,Gary_3 Root,"(0.3, 0.0, 1.6)","(0.0, 0.0, 0.0, 1.0)",IMMEDIATE,still,faint,collapsedRight,normal,unresponsive,supine
PATIENT_DEMOTED,321085,3/3/2023 11:57,30a49dd8-c08a-4994-a622-57647670b5bb,100,Infinity,Lily_4 Root,"(1.2, 0.0, 6.3)","(0.0, 1.0, 0.0, 0.0)",IMMEDIATE,waver,fast,normal,normal,upset,fetal
PATIENT_DEMOTED,321968,3/3/2023 11:57,30a49dd8-c08a-4994-a622-57647670b5bb,100,Infinity,Mike_5 Root,"(2.4, 0.0, 2.3)","(0.0, 1.0, 0.0, 0.0)",IMMEDIATE,waver,fast,normal,normal,upset,fetal
PATIENT_DEMOTED,322492,3/3/2023 11:57,30a49dd8-c08a-4994-a622-57647670b5bb,100,Infinity,Gloria_6 Root,"(-1.0, 0.0, 2.9)","(0.0, 0.4, 0.0, 0.9)",DELAYED,waver,fast,normal,normal,upset,fetal
PATIENT_DEMOTED,323218,3/3/2023 11:57,30a49dd8-c08a-4994-a622-57647670b5bb,100,Infinity,Mike_7 Root,"(1.7, 0.0, 3.9)","(0.0, 0.1, 0.0, 1.0)",IMMEDIATE,waver,fast,normal,normal,upset,sittingGround
PATIENT_DEMOTED,323549,3/3/2023 11:57,30a49dd8-c08a-4994-a622-57647670b5bb,100,Infinity,Mike_7 Root,"(1.0, 0.0, 3.7)","(0.0, 0.1, 0.0, 1.0)",DELAYED,waver,fast,normal,normal,upset,sittingGround
SESSION_START,326488,3/3/2023 11:58,30a49dd8-c08a-4994-a622-57647670b5bb,,,,,,,,,,,,
PATIENT_RECORD,326489,3/3/2023 11:58,30a49dd8-c08a-4994-a622-57647670b5bb,100,Infinity,Bob_0 Root,"(-1.7, 0.0, 5.7)","(0.0, 0.7, 0.0, 0.7)",DEAD,still,none,none,none,dead,supine
INJURY_RECORD,326489,3/3/2023 11:58,30a49dd8-c08a-4994-a622-57647670b5bb,Face Shrapnel,Bob_0 Root,airway,high,head,FALSE,FALSE,"(-1.6, 1.7, 5.6)",,,,
INJURY_RECORD,326489,3/3/2023 11:58,30a49dd8-c08a-4994-a622-57647670b5bb,L Wrist Amputation,Bob_0 Root,tourniquet,high,leftArm,FALSE,FALSE,"(-1.7, 1.4, 6.3)",,,,
INJURY_RECORD,326489,3/3/2023 11:58,30a49dd8-c08a-4994-a622-57647670b5bb,L Chest Collapse,Bob_0 Root,decompress,high,chest,FALSE,FALSE,"(0.0, 0.0, 0.0)",,,,
INJURY_RECORD,326489,3/3/2023 11:58,30a49dd8-c08a-4994-a622-57647670b5bb,L Stomach Puncture,Bob_0 Root,woundpack,high,abdomen,FALSE,FALSE,"(-1.6, 1.1, 5.7)",,,,
INJURY_RECORD,326489,3/3/2023 11:58,30a49dd8-c08a-4994-a622-57647670b5bb,R Shin Amputation,Bob_0 Root,tourniquet,high,rightLeg,FALSE,FALSE,"(-1.7, 0.4, 5.6)",,,,
INJURY_RECORD,326489,3/3/2023 11:58,30a49dd8-c08a-4994-a622-57647670b5bb,L Thigh Laceration,Bob_0 Root,tourniquet,medium,leftLeg,FALSE,FALSE,"(-1.6, 0.7, 5.8)",,,,
PATIENT_RECORD,326489,3/3/2023 11:58,30a49dd8-c08a-4994-a622-57647670b5bb,100,Infinity,Gary_1 Root,"(1.6, 0.0, 7.6)","(0.0, 1.0, 0.0, 0.0)",EXPECTANT,still,none,restricted,none,unresponsive,supine
INJURY_RECORD,326489,3/3/2023 11:58,30a49dd8-c08a-4994-a622-57647670b5bb,Face Shrapnel,Gary_1 Root,airway,high,head,FALSE,FALSE,"(1.6, 1.7, 7.6)",,,,
PATIENT_RECORD,326489,3/3/2023 11:58,30a49dd8-c08a-4994-a622-57647670b5bb,100,Infinity,Lily_2 Root,"(3.0, 0.0, 4.5)","(0.0, 1.0, 0.0, 0.0)",IMMEDIATE,waver,fast,fast,normal,agony,fetal
INJURY_RECORD,326489,3/3/2023 11:58,30a49dd8-c08a-4994-a622-57647670b5bb,R Shin Amputation,Lily_2 Root,tourniquet,high,rightLeg,FALSE,FALSE,"(2.9, 0.4, 4.5)",,,,
PATIENT_RECORD,326489,3/3/2023 11:58,30a49dd8-c08a-4994-a622-57647670b5bb,100,0,Gary_3 Root,"(0.4, 0.0, 1.7)","(0.0, 0.0, 0.0, 1.0)",IMMEDIATE,still,faint,collapsedRight,normal,unresponsive,supine
INJURY_RECORD,326489,3/3/2023 11:58,30a49dd8-c08a-4994-a622-57647670b5bb,R Chest Collapse,Gary_3 Root,decompress,high,chest,FALSE,FALSE,"(0.0, 0.0, 0.0)",,,,
PATIENT_RECORD,326489,3/3/2023 11:58,30a49dd8-c08a-4994-a622-57647670b5bb,100,Infinity,Lily_4 Root,"(1.2, 0.0, 6.2)","(0.0, 1.0, 0.0, 0.0)",IMMEDIATE,waver,fast,normal,normal,upset,fetal
INJURY_RECORD,326489,3/3/2023 11:58,30a49dd8-c08a-4994-a622-57647670b5bb,L Side Puncture,Lily_4 Root,woundpack,medium,abdomen,FALSE,FALSE,"(1.3, 1.0, 6.2)",,,,
PATIENT_RECORD,326489,3/3/2023 11:58,30a49dd8-c08a-4994-a622-57647670b5bb,100,Infinity,Mike_5 Root,"(2.7, 0.0, 2.3)","(0.0, 1.0, 0.0, 0.0)",IMMEDIATE,waver,fast,normal,normal,upset,fetal
INJURY_RECORD,326489,3/3/2023 11:58,30a49dd8-c08a-4994-a622-57647670b5bb,R Side Puncture,Mike_5 Root,woundpack,medium,abdomen,FALSE,FALSE,"(2.6, 1.1, 2.2)",,,,
INJURY_RECORD,326489,3/3/2023 11:58,30a49dd8-c08a-4994-a622-57647670b5bb,R Thigh Laceration,Mike_5 Root,tourniquet,medium,rightLeg,FALSE,FALSE,"(2.5, 0.6, 2.2)",,,,
PATIENT_RECORD,326489,3/3/2023 11:58,30a49dd8-c08a-4994-a622-57647670b5bb,100,Infinity,Gloria_6 Root,"(-1.2, 0.0, 3.1)","(0.0, 0.4, 0.0, 0.9)",DELAYED,waver,fast,normal,normal,upset,fetal
INJURY_RECORD,326489,3/3/2023 11:58,30a49dd8-c08a-4994-a622-57647670b5bb,R Calf Shrapnel,Gloria_6 Root,gauzePressure,medium,rightLeg,FALSE,FALSE,"(-1.1, 0.3, 3.0)",,,,
PATIENT_RECORD,326489,3/3/2023 11:58,30a49dd8-c08a-4994-a622-57647670b5bb,100,Infinity,Mike_7 Root,"(1.3, 0.0, 3.4)","(0.0, 0.1, 0.0, 1.0)",DELAYED,waver,fast,normal,normal,upset,sittingGround
INJURY_RECORD,326489,3/3/2023 11:58,30a49dd8-c08a-4994-a622-57647670b5bb,L Thigh Puncture,Mike_7 Root,tourniquet,medium,leftLeg,FALSE,FALSE,"(1.3, 0.6, 3.5)",,,,
INJURY_RECORD,326489,3/3/2023 11:58,30a49dd8-c08a-4994-a622-57647670b5bb,R Calf Laceration,Mike_7 Root,gauzePressure,low,rightLeg,FALSE,FALSE,"(1.4, 0.3, 3.4)",,,,
PATIENT_RECORD,326489,3/3/2023 11:58,30a49dd8-c08a-4994-a622-57647670b5bb,100,Infinity,Gloria_8 Root,"(3.7, 0.0, 6.0)","(0.0, 1.0, 0.0, 0.0)",MINIMAL,walker,normal,normal,normal,upset,sittingGround
INJURY_RECORD,326489,3/3/2023 11:58,30a49dd8-c08a-4994-a622-57647670b5bb,L Forearm Laceration,Gloria_8 Root,gauzePressure,low,leftArm,FALSE,FALSE,"(4.2, 1.3, 6.0)",,,,
PATIENT_RECORD,326489,3/3/2023 11:58,30a49dd8-c08a-4994-a622-57647670b5bb,100,0,Gary_9 Root,"(3.5, 0.0, 9.5)","(0.0, 1.0, 0.0, 0.0)",MINIMAL,walker,normal,normal,limited,calm,standing
INJURY_RECORD,326489,3/3/2023 11:58,30a49dd8-c08a-4994-a622-57647670b5bb,Ear Bleed,Gary_9 Root,none,low,head,FALSE,FALSE,"(0.0, 0.0, 0.0)",,,,
PATIENT_RECORD,326489,3/3/2023 11:58,30a49dd8-c08a-4994-a622-57647670b5bb,100,Infinity,Helga_10 Root,"(3.9, 0.0, 8.0)","(0.0, 1.0, 0.0, 0.0)",MINIMAL,walker,normal,normal,normal,calm,sittingGround
INJURY_RECORD,326489,3/3/2023 11:58,30a49dd8-c08a-4994-a622-57647670b5bb,Forehead Scrape,Helga_10 Root,none,low,head,FALSE,FALSE,"(4.0, 1.5, 7.9)",,,,
TELEPORT,331705,3/3/2023 11:58,30a49dd8-c08a-4994-a622-57647670b5bb,"(0.8, 0.0, -2.3)",,,,,,,,,,,
VOICE_CAPTURE,338967,3/3/2023 11:58,30a49dd8-c08a-4994-a622-57647670b5bb,wave,NA,,,,,,,,,,
VOICE_COMMAND,338967,3/3/2023 11:58,30a49dd8-c08a-4994-a622-57647670b5bb,wave if you can,wave,,,,,,,,,,
S_A_L_T_WAVE_IF_CAN,338967,3/3/2023 11:58,30a49dd8-c08a-4994-a622-57647670b5bb,"(3.0, 0.0, 4.5)",waveIfCan,Lily_2 Root,,,,,,,,,
S_A_L_T_WAVED,338967,3/3/2023 11:58,30a49dd8-c08a-4994-a622-57647670b5bb,"(3.0, 0.0, 4.5)",waved,Lily_2 Root,,,,,,,,,
S_A_L_T_WAVE_IF_CAN,338967,3/3/2023 11:58,30a49dd8-c08a-4994-a622-57647670b5bb,"(1.2, 0.0, 6.2)",waveIfCan,Lily_4 Root,,,,,,,,,
S_A_L_T_WAVED,338967,3/3/2023 11:58,30a49dd8-c08a-4994-a622-57647670b5bb,"(1.2, 0.0, 6.2)",waved,Lily_4 Root,,,,,,,,,
S_A_L_T_WAVE_IF_CAN,338968,3/3/2023 11:58,30a49dd8-c08a-4994-a622-57647670b5bb,"(2.7, 0.0, 2.3)",waveIfCan,Mike_5 Root,,,,,,,,,
S_A_L_T_WAVED,338968,3/3/2023 11:58,30a49dd8-c08a-4994-a622-57647670b5bb,"(2.7, 0.0, 2.3)",waved,Mike_5 Root,,,,,,,,,
S_A_L_T_WAVE_IF_CAN,338968,3/3/2023 11:58,30a49dd8-c08a-4994-a622-57647670b5bb,"(-1.2, 0.0, 3.1)",waveIfCan,Gloria_6 Root,,,,,,,,,
S_A_L_T_WAVED,338968,3/3/2023 11:58,30a49dd8-c08a-4994-a622-57647670b5bb,"(-1.2, 0.0, 3.1)",waved,Gloria_6 Root,,,,,,,,,
S_A_L_T_WAVE_IF_CAN,338968,3/3/2023 11:58,30a49dd8-c08a-4994-a622-57647670b5bb,"(1.3, 0.0, 3.4)",waveIfCan,Mike_7 Root,,,,,,,,,
S_A_L_T_WAVED,338968,3/3/2023 11:58,30a49dd8-c08a-4994-a622-57647670b5bb,"(1.3, 0.0, 3.4)",waved,Mike_7 Root,,,,,,,,,
S_A_L_T_WAVE_IF_CAN,338968,3/3/2023 11:58,30a49dd8-c08a-4994-a622-57647670b5bb,"(3.7, 0.0, 6.0)",waveIfCan,Gloria_8 Root,,,,,,,,,
S_A_L_T_WAVED,338968,3/3/2023 11:58,30a49dd8-c08a-4994-a622-57647670b5bb,"(3.7, 0.0, 6.0)",waved,Gloria_8 Root,,,,,,,,,
S_A_L_T_WAVE_IF_CAN,338968,3/3/2023 11:58,30a49dd8-c08a-4994-a622-57647670b5bb,"(3.9, 0.0, 8.0)",waveIfCan,Helga_10 Root,,,,,,,,,
S_A_L_T_WAVED,338968,3/3/2023 11:58,30a49dd8-c08a-4994-a622-57647670b5bb,"(3.9, 0.0, 8.0)",waved,Helga_10 Root,,,,,,,,,
VOICE_CAPTURE,344455,3/3/2023 11:58,30a49dd8-c08a-4994-a622-57647670b5bb,walk,NA,,,,,,,,,,
VOICE_COMMAND,344455,3/3/2023 11:58,30a49dd8-c08a-4994-a622-57647670b5bb,walk to the safe area,walk,,,,,,,,,,
S_A_L_T_WALK_IF_CAN,344461,3/3/2023 11:58,30a49dd8-c08a-4994-a622-57647670b5bb,"(3.0, 0.0, 4.5)",walkIfCan,Lily_2 Root,,,,,,,,,
S_A_L_T_WALK_IF_CAN,344462,3/3/2023 11:58,30a49dd8-c08a-4994-a622-57647670b5bb,"(1.2, 0.0, 6.2)",walkIfCan,Lily_4 Root,,,,,,,,,
S_A_L_T_WALK_IF_CAN,344462,3/3/2023 11:58,30a49dd8-c08a-4994-a622-57647670b5bb,"(2.7, 0.0, 2.3)",walkIfCan,Mike_5 Root,,,,,,,,,
S_A_L_T_WALK_IF_CAN,344462,3/3/2023 11:58,30a49dd8-c08a-4994-a622-57647670b5bb,"(-1.2, 0.0, 3.1)",walkIfCan,Gloria_6 Root,,,,,,,,,
S_A_L_T_WALK_IF_CAN,344462,3/3/2023 11:58,30a49dd8-c08a-4994-a622-57647670b5bb,"(1.3, 0.0, 3.4)",walkIfCan,Mike_7 Root,,,,,,,,,
S_A_L_T_WALK_IF_CAN,344462,3/3/2023 11:58,30a49dd8-c08a-4994-a622-57647670b5bb,"(3.7, 0.0, 6.0)",walkIfCan,Gloria_8 Root,,,,,,,,,
S_A_L_T_WALKED,344462,3/3/2023 11:58,30a49dd8-c08a-4994-a622-57647670b5bb,"(3.7, 0.0, 6.0)",walked,Gloria_8 Root,,,,,,,,,
S_A_L_T_WALK_IF_CAN,344462,3/3/2023 11:58,30a49dd8-c08a-4994-a622-57647670b5bb,"(3.9, 0.0, 8.0)",walkIfCan,Helga_10 Root,,,,,,,,,
S_A_L_T_WALKED,344462,3/3/2023 11:58,30a49dd8-c08a-4994-a622-57647670b5bb,"(3.9, 0.0, 8.0)",walked,Helga_10 Root,,,,,,,,,
VOICE_CAPTURE,359911,3/3/2023 11:58,30a49dd8-c08a-4994-a622-57647670b5bb,wave,NA,,,,,,,,,,
VOICE_COMMAND,359911,3/3/2023 11:58,30a49dd8-c08a-4994-a622-57647670b5bb,wave if you can,wave,,,,,,,,,,
S_A_L_T_WAVE_IF_CAN,359911,3/3/2023 11:58,30a49dd8-c08a-4994-a622-57647670b5bb,"(3.0, 0.0, 4.5)",waveIfCan,Lily_2 Root,,,,,,,,,
S_A_L_T_WAVED,359911,3/3/2023 11:58,30a49dd8-c08a-4994-a622-57647670b5bb,"(3.0, 0.0, 4.5)",waved,Lily_2 Root,,,,,,,,,
S_A_L_T_WAVE_IF_CAN,359911,3/3/2023 11:58,30a49dd8-c08a-4994-a622-57647670b5bb,"(1.2, 0.0, 6.2)",waveIfCan,Lily_4 Root,,,,,,,,,
S_A_L_T_WAVED,359911,3/3/2023 11:58,30a49dd8-c08a-4994-a622-57647670b5bb,"(1.2, 0.0, 6.2)",waved,Lily_4 Root,,,,,,,,,
S_A_L_T_WAVE_IF_CAN,359911,3/3/2023 11:58,30a49dd8-c08a-4994-a622-57647670b5bb,"(2.7, 0.0, 2.3)",waveIfCan,Mike_5 Root,,,,,,,,,
S_A_L_T_WAVED,359911,3/3/2023 11:58,30a49dd8-c08a-4994-a622-57647670b5bb,"(2.7, 0.0, 2.3)",waved,Mike_5 Root,,,,,,,,,
S_A_L_T_WAVE_IF_CAN,359911,3/3/2023 11:58,30a49dd8-c08a-4994-a622-57647670b5bb,"(-1.2, 0.0, 3.1)",waveIfCan,Gloria_6 Root,,,,,,,,,
S_A_L_T_WAVED,359911,3/3/2023 11:58,30a49dd8-c08a-4994-a622-57647670b5bb,"(-1.2, 0.0, 3.1)",waved,Gloria_6 Root,,,,,,,,,
S_A_L_T_WAVE_IF_CAN,359911,3/3/2023 11:58,30a49dd8-c08a-4994-a622-57647670b5bb,"(1.3, 0.0, 3.4)",waveIfCan,Mike_7 Root,,,,,,,,,
S_A_L_T_WAVED,359912,3/3/2023 11:58,30a49dd8-c08a-4994-a622-57647670b5bb,"(1.3, 0.0, 3.4)",waved,Mike_7 Root,,,,,,,,,
S_A_L_T_WAVE_IF_CAN,359912,3/3/2023 11:58,30a49dd8-c08a-4994-a622-57647670b5bb,"(4.4, 0.0, -4.3)",waveIfCan,Gloria_8 Root,,,,,,,,,
S_A_L_T_WAVED,359912,3/3/2023 11:58,30a49dd8-c08a-4994-a622-57647670b5bb,"(4.4, 0.0, -4.3)",waved,Gloria_8 Root,,,,,,,,,
S_A_L_T_WAVE_IF_CAN,359912,3/3/2023 11:58,30a49dd8-c08a-4994-a622-57647670b5bb,"(3.3, 0.0, -2.8)",waveIfCan,Helga_10 Root,,,,,,,,,
S_A_L_T_WAVED,359912,3/3/2023 11:58,30a49dd8-c08a-4994-a622-57647670b5bb,"(3.3, 0.0, -2.8)",waved,Helga_10 Root,,,,,,,,,
S_A_L_T_WALK_IF_CAN,359928,3/3/2023 11:58,30a49dd8-c08a-4994-a622-57647670b5bb,"(4.4, 0.0, -4.3)",walkIfCan,Gloria_8 Root,,,,,,,,,
S_A_L_T_WALKED,359928,3/3/2023 11:58,30a49dd8-c08a-4994-a622-57647670b5bb,"(4.4, 0.0, -4.3)",walked,Gloria_8 Root,,,,,,,,,
S_A_L_T_WALK_IF_CAN,359928,3/3/2023 11:58,30a49dd8-c08a-4994-a622-57647670b5bb,"(3.3, 0.0, -2.8)",walkIfCan,Helga_10 Root,,,,,,,,,
S_A_L_T_WALKED,359928,3/3/2023 11:58,30a49dd8-c08a-4994-a622-57647670b5bb,"(3.3, 0.0, -2.8)",walked,Helga_10 Root,,,,,,,,,
VOICE_CAPTURE,376748,3/3/2023 11:58,30a49dd8-c08a-4994-a622-57647670b5bb,wave,NA,,,,,,,,,,
VOICE_COMMAND,376748,3/3/2023 11:58,30a49dd8-c08a-4994-a622-57647670b5bb,wave if you can,wave,,,,,,,,,,
S_A_L_T_WAVE_IF_CAN,376749,3/3/2023 11:58,30a49dd8-c08a-4994-a622-57647670b5bb,"(3.0, 0.0, 4.5)",waveIfCan,Lily_2 Root,,,,,,,,,
S_A_L_T_WAVED,376749,3/3/2023 11:58,30a49dd8-c08a-4994-a622-57647670b5bb,"(3.0, 0.0, 4.5)",waved,Lily_2 Root,,,,,,,,,
S_A_L_T_WAVE_IF_CAN,376749,3/3/2023 11:58,30a49dd8-c08a-4994-a622-57647670b5bb,"(1.2, 0.0, 6.2)",waveIfCan,Lily_4 Root,,,,,,,,,
S_A_L_T_WAVED,376749,3/3/2023 11:58,30a49dd8-c08a-4994-a622-57647670b5bb,"(1.2, 0.0, 6.2)",waved,Lily_4 Root,,,,,,,,,
S_A_L_T_WAVE_IF_CAN,376749,3/3/2023 11:58,30a49dd8-c08a-4994-a622-57647670b5bb,"(2.7, 0.0, 2.3)",waveIfCan,Mike_5 Root,,,,,,,,,
S_A_L_T_WAVED,376749,3/3/2023 11:58,30a49dd8-c08a-4994-a622-57647670b5bb,"(2.7, 0.0, 2.3)",waved,Mike_5 Root,,,,,,,,,
S_A_L_T_WAVE_IF_CAN,376749,3/3/2023 11:58,30a49dd8-c08a-4994-a622-57647670b5bb,"(-1.2, 0.0, 3.1)",waveIfCan,Gloria_6 Root,,,,,,,,,
S_A_L_T_WAVED,376749,3/3/2023 11:58,30a49dd8-c08a-4994-a622-57647670b5bb,"(-1.2, 0.0, 3.1)",waved,Gloria_6 Root,,,,,,,,,
S_A_L_T_WAVE_IF_CAN,376749,3/3/2023 11:58,30a49dd8-c08a-4994-a622-57647670b5bb,"(1.3, 0.0, 3.4)",waveIfCan,Mike_7 Root,,,,,,,,,
S_A_L_T_WAVED,376749,3/3/2023 11:58,30a49dd8-c08a-4994-a622-57647670b5bb,"(1.3, 0.0, 3.4)",waved,Mike_7 Root,,,,,,,,,
S_A_L_T_WAVE_IF_CAN,376749,3/3/2023 11:58,30a49dd8-c08a-4994-a622-57647670b5bb,"(4.4, 0.0, -4.5)",waveIfCan,Gloria_8 Root,,,,,,,,,
S_A_L_T_WAVED,376749,3/3/2023 11:58,30a49dd8-c08a-4994-a622-57647670b5bb,"(4.4, 0.0, -4.5)",waved,Gloria_8 Root,,,,,,,,,
S_A_L_T_WAVE_IF_CAN,376749,3/3/2023 11:58,30a49dd8-c08a-4994-a622-57647670b5bb,"(3.5, 0.0, -2.8)",waveIfCan,Helga_10 Root,,,,,,,,,
S_A_L_T_WAVED,376749,3/3/2023 11:58,30a49dd8-c08a-4994-a622-57647670b5bb,"(3.5, 0.0, -2.8)",waved,Helga_10 Root,,,,,,,,,
BAG_ACCESS,385012,3/3/2023 11:58,30a49dd8-c08a-4994-a622-57647670b5bb,"(0.5, 0.7, 0.5)",,,,,,,,,,,
TOOL_HOVER,386798,3/3/2023 11:59,30a49dd8-c08a-4994-a622-57647670b5bb,Needle,998,,,,,,,,,,
TOOL_HOVER,386817,3/3/2023 11:59,30a49dd8-c08a-4994-a622-57647670b5bb,Needle,998,,,,,,,,,,
TOOL_HOVER,386831,3/3/2023 11:59,30a49dd8-c08a-4994-a622-57647670b5bb,Needle,998,,,,,,,,,,
TOOL_HOVER,386848,3/3/2023 11:59,30a49dd8-c08a-4994-a622-57647670b5bb,Needle,998,,,,,,,,,,
TOOL_HOVER,386865,3/3/2023 11:59,30a49dd8-c08a-4994-a622-57647670b5bb,Needle,998,,,,,,,,,,
TOOL_HOVER,386882,3/3/2023 11:59,30a49dd8-c08a-4994-a622-57647670b5bb,Needle,998,,,,,,,,,,
TOOL_HOVER,386898,3/3/2023 11:59,30a49dd8-c08a-4994-a622-57647670b5bb,Needle,998,,,,,,,,,,
TOOL_HOVER,386915,3/3/2023 11:59,30a49dd8-c08a-4994-a622-57647670b5bb,Needle,998,,,,,,,,,,
TOOL_HOVER,386931,3/3/2023 11:59,30a49dd8-c08a-4994-a622-57647670b5bb,Needle,998,,,,,,,,,,
TOOL_HOVER,386948,3/3/2023 11:59,30a49dd8-c08a-4994-a622-57647670b5bb,Needle,998,,,,,,,,,,
TOOL_HOVER,386965,3/3/2023 11:59,30a49dd8-c08a-4994-a622-57647670b5bb,Needle,998,,,,,,,,,,
TOOL_HOVER,386982,3/3/2023 11:59,30a49dd8-c08a-4994-a622-57647670b5bb,Needle,998,,,,,,,,,,
TOOL_HOVER,386998,3/3/2023 11:59,30a49dd8-c08a-4994-a622-57647670b5bb,Needle,998,,,,,,,,,,
TOOL_HOVER,387015,3/3/2023 11:59,30a49dd8-c08a-4994-a622-57647670b5bb,Needle,998,,,,,,,,,,
TOOL_HOVER,387032,3/3/2023 11:59,30a49dd8-c08a-4994-a622-57647670b5bb,Needle,998,,,,,,,,,,
TOOL_HOVER,387049,3/3/2023 11:59,30a49dd8-c08a-4994-a622-57647670b5bb,Needle,998,,,,,,,,,,
TOOL_HOVER,387064,3/3/2023 11:59,30a49dd8-c08a-4994-a622-57647670b5bb,Needle,998,,,,,,,,,,
TOOL_HOVER,387081,3/3/2023 11:59,30a49dd8-c08a-4994-a622-57647670b5bb,Needle,998,,,,,,,,,,
TOOL_HOVER,387098,3/3/2023 11:59,30a49dd8-c08a-4994-a622-57647670b5bb,Needle,998,,,,,,,,,,
TOOL_HOVER,387115,3/3/2023 11:59,30a49dd8-c08a-4994-a622-57647670b5bb,Needle,998,,,,,,,,,,
TOOL_HOVER,387132,3/3/2023 11:59,30a49dd8-c08a-4994-a622-57647670b5bb,Needle,998,,,,,,,,,,
TOOL_HOVER,387150,3/3/2023 11:59,30a49dd8-c08a-4994-a622-57647670b5bb,Needle,998,,,,,,,,,,
TOOL_HOVER,387166,3/3/2023 11:59,30a49dd8-c08a-4994-a622-57647670b5bb,Needle,998,,,,,,,,,,
TOOL_SELECTED,387167,3/3/2023 11:59,30a49dd8-c08a-4994-a622-57647670b5bb,Needle,997,,,,,,,,,,
INJURY_TREATED,390810,3/3/2023 11:59,30a49dd8-c08a-4994-a622-57647670b5bb,R Chest Collapse,Gary_3 Root,decompress,high,chest,TRUE,FALSE,"(0.0, 0.0, 0.0)",,,,
TOOL_APPLIED,390810,3/3/2023 11:59,30a49dd8-c08a-4994-a622-57647670b5bb,Needle_Decomp(Clone),Needle,RChest_Breathe1 (UnityEngine.GameObject),cath_needle (UnityEngine.GameObject),right_chest,Needle_Decomp(Clone) (UnityEngine.GameObject),AppliedDecompNeedle,,,,,
TAG_SELECTED,393413,3/3/2023 11:59,30a49dd8-c08a-4994-a622-57647670b5bb,red,,,,,,,,,,,
PATIENT_ENGAGED,394048,3/3/2023 11:59,30a49dd8-c08a-4994-a622-57647670b5bb,100,0,Gary_3 Root,"(0.4, 0.0, 1.7)","(0.0, 0.0, 0.0, 1.0)",IMMEDIATE,still,faint,normal,normal,unresponsive,supine
TAG_APPLIED,395501,3/3/2023 11:59,30a49dd8-c08a-4994-a622-57647670b5bb,Gary_3 Root,red,,,,,,,,,,
BAG_CLOSED,397933,3/3/2023 11:59,30a49dd8-c08a-4994-a622-57647670b5bb,"(0.5, 0.7, 0.5)",,,,,,,,,,,
TELEPORT,397933,3/3/2023 11:59,30a49dd8-c08a-4994-a622-57647670b5bb,"(0.3, 0.0, 0.8)",,,,,,,,,,,
BAG_ACCESS,413077,3/3/2023 11:59,30a49dd8-c08a-4994-a622-57647670b5bb,"(3.3, 0.7, 7.5)",,,,,,,,,,,
TAG_SELECTED,414031,3/3/2023 11:59,30a49dd8-c08a-4994-a622-57647670b5bb,red,,,,,,,,,,,
PATIENT_ENGAGED,416117,3/3/2023 11:59,30a49dd8-c08a-4994-a622-57647670b5bb,100,0,Gary_9 Root,"(3.5, 0.0, 9.5)","(0.0, 1.0, 0.0, -0.1)",MINIMAL,walker,normal,normal,limited,calm,standing
TAG_APPLIED,418092,3/3/2023 11:59,30a49dd8-c08a-4994-a622-57647670b5bb,Gary_9 Root,red,,,,,,,,,,
BAG_CLOSED,428005,3/3/2023 11:59,30a49dd8-c08a-4994-a622-57647670b5bb,"(3.3, 0.7, 7.5)",,,,,,,,,,,
TELEPORT,428005,3/3/2023 11:59,30a49dd8-c08a-4994-a622-57647670b5bb,"(2.9, 0.0, 7.6)",,,,,,,,,,,
PULSE_TAKEN,433314,3/3/2023 11:59,30a49dd8-c08a-4994-a622-57647670b5bb,pulse_none,Gary_1 Root,,,,,,,,,,
PATIENT_ENGAGED,434285,3/3/2023 11:59,30a49dd8-c08a-4994-a622-57647670b5bb,100,Infinity,Gary_1 Root,"(1.6, 0.0, 7.6)","(0.0, 1.0, 0.0, 0.0)",EXPECTANT,still,none,restricted,none,unresponsive,supine
BAG_ACCESS,444226,3/3/2023 11:59,30a49dd8-c08a-4994-a622-57647670b5bb,"(1.8, 0.7, 8.4)",,,,,,,,,,,
TAG_SELECTED,445046,3/3/2023 11:59,30a49dd8-c08a-4994-a622-57647670b5bb,gray,,,,,,,,,,,
TAG_APPLIED,447083,3/3/2023 12:00,30a49dd8-c08a-4994-a622-57647670b5bb,Gary_1 Root,gray,,,,,,,,,,
BAG_CLOSED,456097,3/3/2023 12:00,30a49dd8-c08a-4994-a622-57647670b5bb,"(1.8, 0.7, 8.4)",,,,,,,,,,,
TELEPORT,456097,3/3/2023 12:00,30a49dd8-c08a-4994-a622-57647670b5bb,"(1.9, 0.0, 7.8)",,,,,,,,,,,
PATIENT_ENGAGED,459855,3/3/2023 12:00,30a49dd8-c08a-4994-a622-57647670b5bb,100,Infinity,Lily_2 Root,"(3.0, 0.0, 4.5)","(0.0, 1.0, 0.0, 0.0)",IMMEDIATE,waver,fast,fast,normal,agony,fetal
BAG_ACCESS,464300,3/3/2023 12:00,30a49dd8-c08a-4994-a622-57647670b5bb,"(3.6, 0.7, 4.0)",,,,,,,,,,,
TOOL_HOVER,464901,3/3/2023 12:00,30a49dd8-c08a-4994-a622-57647670b5bb,Gauze,999,,,,,,,,,,
TOOL_HOVER,464918,3/3/2023 12:00,30a49dd8-c08a-4994-a622-57647670b5bb,Gauze,999,,,,,,,,,,
TOOL_HOVER,464935,3/3/2023 12:00,30a49dd8-c08a-4994-a622-57647670b5bb,Gauze,999,,,,,,,,,,
TOOL_HOVER,464951,3/3/2023 12:00,30a49dd8-c08a-4994-a622-57647670b5bb,Gauze,999,,,,,,,,,,
TOOL_HOVER,464968,3/3/2023 12:00,30a49dd8-c08a-4994-a622-57647670b5bb,Gauze,999,,,,,,,,,,
TOOL_HOVER,464985,3/3/2023 12:00,30a49dd8-c08a-4994-a622-57647670b5bb,Gauze,999,,,,,,,,,,
TOOL_HOVER,465001,3/3/2023 12:00,30a49dd8-c08a-4994-a622-57647670b5bb,Gauze,999,,,,,,,,,,
TOOL_HOVER,465016,3/3/2023 12:00,30a49dd8-c08a-4994-a622-57647670b5bb,Gauze,999,,,,,,,,,,
TOOL_HOVER,465035,3/3/2023 12:00,30a49dd8-c08a-4994-a622-57647670b5bb,Gauze,999,,,,,,,,,,
TOOL_HOVER,465050,3/3/2023 12:00,30a49dd8-c08a-4994-a622-57647670b5bb,Gauze,999,,,,,,,,,,
TOOL_HOVER,465067,3/3/2023 12:00,30a49dd8-c08a-4994-a622-57647670b5bb,Gauze,999,,,,,,,,,,
TOOL_HOVER,465084,3/3/2023 12:00,30a49dd8-c08a-4994-a622-57647670b5bb,Gauze,999,,,,,,,,,,
TOOL_HOVER,465101,3/3/2023 12:00,30a49dd8-c08a-4994-a622-57647670b5bb,Tourniquet,998,,,,,,,,,,
TOOL_HOVER,465117,3/3/2023 12:00,30a49dd8-c08a-4994-a622-57647670b5bb,Tourniquet,998,,,,,,,,,,
TOOL_HOVER,465135,3/3/2023 12:00,30a49dd8-c08a-4994-a622-57647670b5bb,Tourniquet,998,,,,,,,,,,
TOOL_HOVER,465150,3/3/2023 12:00,30a49dd8-c08a-4994-a622-57647670b5bb,Tourniquet,998,,,,,,,,,,
TOOL_HOVER,465168,3/3/2023 12:00,30a49dd8-c08a-4994-a622-57647670b5bb,Tourniquet,998,,,,,,,,,,
TOOL_SELECTED,465169,3/3/2023 12:00,30a49dd8-c08a-4994-a622-57647670b5bb,Tourniquet,997,,,,,,,,,,
INJURY_TREATED,467198,3/3/2023 12:00,30a49dd8-c08a-4994-a622-57647670b5bb,R Shin Amputation,Lily_2 Root,tourniquet,high,rightLeg,TRUE,FALSE,"(3.3, 0.1, 4.3)",,,,
TOOL_APPLIED,467198,3/3/2023 12:00,30a49dd8-c08a-4994-a622-57647670b5bb,Lily_2 Root,Tourniquet,RightUpLeg (UnityEngine.GameObject),tor_ring (1) (UnityEngine.GameObject),tourniquet(Clone) (UnityEngine.GameObject),AppliedTourniquet,,,,,,
BAG_CLOSED,481108,3/3/2023 12:00,30a49dd8-c08a-4994-a622-57647670b5bb,"(3.6, 0.7, 4.0)",,,,,,,,,,,
TELEPORT,481108,3/3/2023 12:00,30a49dd8-c08a-4994-a622-57647670b5bb,"(3.0, 0.0, 4.0)",,,,,,,,,,,
PATIENT_ENGAGED,489291,3/3/2023 12:00,30a49dd8-c08a-4994-a622-57647670b5bb,100,Infinity,Bob_0 Root,"(-1.7, 0.0, 5.7)","(0.0, 0.7, 0.0, 0.7)",DEAD,still,none,none,none,dead,supine
BAG_ACCESS,491700,3/3/2023 12:00,30a49dd8-c08a-4994-a622-57647670b5bb,"(-1.4, 0.6, 4.8)",,,,,,,,,,,
TAG_SELECTED,492269,3/3/2023 12:00,30a49dd8-c08a-4994-a622-57647670b5bb,gray,,,,,,,,,,,
TAG_APPLIED,493502,3/3/2023 12:00,30a49dd8-c08a-4994-a622-57647670b5bb,Bob_0 Root,gray,,,,,,,,,,
BAG_CLOSED,497565,3/3/2023 12:00,30a49dd8-c08a-4994-a622-57647670b5bb,"(-1.4, 0.6, 4.8)",,,,,,,,,,,
PATIENT_ENGAGED,499034,3/3/2023 12:00,30a49dd8-c08a-4994-a622-57647670b5bb,100,Infinity,Gloria_6 Root,"(-1.2, 0.0, 3.1)","(0.0, 0.4, 0.0, 0.9)",DELAYED,waver,fast,normal,normal,upset,fetal
BAG_ACCESS,507211,3/3/2023 12:01,30a49dd8-c08a-4994-a622-57647670b5bb,"(-1.3, 0.7, 3.9)",,,,,,,,,,,
TOOL_HOVER,507996,3/3/2023 12:01,30a49dd8-c08a-4994-a622-57647670b5bb,Gauze,999,,,,,,,,,,
TOOL_HOVER,508012,3/3/2023 12:01,30a49dd8-c08a-4994-a622-57647670b5bb,Gauze,999,,,,,,,,,,
TOOL_HOVER,508028,3/3/2023 12:01,30a49dd8-c08a-4994-a622-57647670b5bb,Gauze,999,,,,,,,,,,
TOOL_HOVER,508045,3/3/2023 12:01,30a49dd8-c08a-4994-a622-57647670b5bb,Gauze,999,,,,,,,,,,
TOOL_HOVER,508062,3/3/2023 12:01,30a49dd8-c08a-4994-a622-57647670b5bb,Gauze,999,,,,,,,,,,
TOOL_HOVER,508079,3/3/2023 12:01,30a49dd8-c08a-4994-a622-57647670b5bb,Gauze,999,,,,,,,,,,
TOOL_HOVER,508095,3/3/2023 12:01,30a49dd8-c08a-4994-a622-57647670b5bb,Gauze,999,,,,,,,,,,
TOOL_HOVER,508112,3/3/2023 12:01,30a49dd8-c08a-4994-a622-57647670b5bb,Gauze,999,,,,,,,,,,
TOOL_HOVER,508128,3/3/2023 12:01,30a49dd8-c08a-4994-a622-57647670b5bb,Gauze,999,,,,,,,,,,
TOOL_HOVER,508145,3/3/2023 12:01,30a49dd8-c08a-4994-a622-57647670b5bb,Gauze,999,,,,,,,,,,
TOOL_SELECTED,508146,3/3/2023 12:01,30a49dd8-c08a-4994-a622-57647670b5bb,Gauze,998,,,,,,,,,,
TOOL_DISCARDED,511642,3/3/2023 12:01,30a49dd8-c08a-4994-a622-57647670b5bb,Gauze,998,"(-1.1, 0.2, 3.3)",,,,,,,,,
INJURY_TREATED,511642,3/3/2023 12:01,30a49dd8-c08a-4994-a622-57647670b5bb,R Calf Shrapnel,Gloria_6 Root,gauzePressure,medium,rightLeg,TRUE,FALSE,"(-1.1, 0.2, 3.2)",,,,
TOOL_APPLIED,511642,3/3/2023 12:01,30a49dd8-c08a-4994-a622-57647670b5bb,Gloria_6 Root,Gauze_Dressing,skinCollider_Body_LOD (UnityEngine.GameObject),null,null,AppliedDressingGauze,,,,,,
PULSE_TAKEN,517058,3/3/2023 12:01,30a49dd8-c08a-4994-a622-57647670b5bb,pulse_fast,Gloria_6 Root,,,,,,,,,,
BAG_CLOSED,520904,3/3/2023 12:01,30a49dd8-c08a-4994-a622-57647670b5bb,"(-1.3, 0.7, 3.9)",,,,,,,,,,,
PATIENT_ENGAGED,532481,3/3/2023 12:01,30a49dd8-c08a-4994-a622-57647670b5bb,100,Infinity,Mike_7 Root,"(1.3, 0.0, 3.4)","(0.0, 0.1, 0.0, 1.0)",DELAYED,waver,fast,normal,normal,upset,sittingGround
BAG_ACCESS,533182,3/3/2023 12:01,30a49dd8-c08a-4994-a622-57647670b5bb,"(0.4, 0.7, 4.1)",,,,,,,,,,,
TOOL_HOVER,533799,3/3/2023 12:01,30a49dd8-c08a-4994-a622-57647670b5bb,Tourniquet,997,,,,,,,,,,
TOOL_HOVER,533815,3/3/2023 12:01,30a49dd8-c08a-4994-a622-57647670b5bb,Tourniquet,997,,,,,,,,,,
TOOL_HOVER,533833,3/3/2023 12:01,30a49dd8-c08a-4994-a622-57647670b5bb,Tourniquet,997,,,,,,,,,,
TOOL_HOVER,533849,3/3/2023 12:01,30a49dd8-c08a-4994-a622-57647670b5bb,Tourniquet,997,,,,,,,,,,
TOOL_HOVER,533865,3/3/2023 12:01,30a49dd8-c08a-4994-a622-57647670b5bb,Tourniquet,997,,,,,,,,,,
TOOL_HOVER,533882,3/3/2023 12:01,30a49dd8-c08a-4994-a622-57647670b5bb,Tourniquet,997,,,,,,,,,,
TOOL_HOVER,533900,3/3/2023 12:01,30a49dd8-c08a-4994-a622-57647670b5bb,Tourniquet,997,,,,,,,,,,
TOOL_HOVER,533916,3/3/2023 12:01,30a49dd8-c08a-4994-a622-57647670b5bb,Tourniquet,997,,,,,,,,,,
TOOL_HOVER,533934,3/3/2023 12:01,30a49dd8-c08a-4994-a622-57647670b5bb,Tourniquet,997,,,,,,,,,,
TOOL_HOVER,533950,3/3/2023 12:01,30a49dd8-c08a-4994-a622-57647670b5bb,Tourniquet,997,,,,,,,,,,
TOOL_HOVER,533968,3/3/2023 12:01,30a49dd8-c08a-4994-a622-57647670b5bb,Tourniquet,997,,,,,,,,,,
TOOL_SELECTED,533969,3/3/2023 12:01,30a49dd8-c08a-4994-a622-57647670b5bb,Tourniquet,996,,,,,,,,,,
INJURY_TREATED,536631,3/3/2023 12:01,30a49dd8-c08a-4994-a622-57647670b5bb,L Thigh Puncture,Mike_7 Root,tourniquet,medium,leftLeg,TRUE,FALSE,"(0.7, 0.1, 3.5)",,,,
TOOL_APPLIED,536631,3/3/2023 12:01,30a49dd8-c08a-4994-a622-57647670b5bb,Mike_7 Root,Tourniquet,LeftUpLeg (UnityEngine.GameObject),tor_ring (1) (UnityEngine.GameObject),tourniquet(Clone) (UnityEngine.GameObject),AppliedTourniquet,,,,,,
BAG_CLOSED,538771,3/3/2023 12:01,30a49dd8-c08a-4994-a622-57647670b5bb,"(0.4, 0.7, 4.1)",,,,,,,,,,,
BAG_ACCESS,544343,3/3/2023 12:01,30a49dd8-c08a-4994-a622-57647670b5bb,"(0.9, 0.7, 4.3)",,,,,,,,,,,
TOOL_HOVER,545888,3/3/2023 12:01,30a49dd8-c08a-4994-a622-57647670b5bb,Gauze,999,,,,,,,,,,
TOOL_HOVER,545904,3/3/2023 12:01,30a49dd8-c08a-4994-a622-57647670b5bb,Gauze,999,,,,,,,,,,
TOOL_HOVER,545921,3/3/2023 12:01,30a49dd8-c08a-4994-a622-57647670b5bb,Gauze,999,,,,,,,,,,
TOOL_HOVER,545938,3/3/2023 12:01,30a49dd8-c08a-4994-a622-57647670b5bb,Gauze,999,,,,,,,,,,
TOOL_HOVER,545954,3/3/2023 12:01,30a49dd8-c08a-4994-a622-57647670b5bb,Gauze,999,,,,,,,,,,
TOOL_HOVER,545972,3/3/2023 12:01,30a49dd8-c08a-4994-a622-57647670b5bb,Gauze,999,,,,,,,,,,
TOOL_HOVER,545989,3/3/2023 12:01,30a49dd8-c08a-4994-a622-57647670b5bb,Gauze,999,,,,,,,,,,
TOOL_SELECTED,545990,3/3/2023 12:01,30a49dd8-c08a-4994-a622-57647670b5bb,Gauze,998,,,,,,,,,,
TOOL_DISCARDED,549271,3/3/2023 12:01,30a49dd8-c08a-4994-a622-57647670b5bb,Gauze,998,"(1.4, 0.1, 3.8)",,,,,,,,,
INJURY_TREATED,549271,3/3/2023 12:01,30a49dd8-c08a-4994-a622-57647670b5bb,R Calf Laceration,Mike_7 Root,gauzePressure,low,rightLeg,TRUE,FALSE,"(1.3, 0.2, 3.8)",,,,
TOOL_APPLIED,549271,3/3/2023 12:01,30a49dd8-c08a-4994-a622-57647670b5bb,Mike_7 Root,Gauze_Dressing,skinCollider_BodyCollideLOD (UnityEngine.GameObject),null,null,AppliedDressingGauze,,,,,,
TOOL_HOVER,558397,3/3/2023 12:01,30a49dd8-c08a-4994-a622-57647670b5bb,Gauze,999,,,,,,,,,,
TOOL_HOVER,558415,3/3/2023 12:01,30a49dd8-c08a-4994-a622-57647670b5bb,Gauze,999,,,,,,,,,,
TOOL_HOVER,558432,3/3/2023 12:01,30a49dd8-c08a-4994-a622-57647670b5bb,Gauze,999,,,,,,,,,,
TOOL_HOVER,558448,3/3/2023 12:01,30a49dd8-c08a-4994-a622-57647670b5bb,Gauze,999,,,,,,,,,,
TOOL_HOVER,558465,3/3/2023 12:01,30a49dd8-c08a-4994-a622-57647670b5bb,Gauze,999,,,,,,,,,,
TOOL_HOVER,558483,3/3/2023 12:01,30a49dd8-c08a-4994-a622-57647670b5bb,Gauze,999,,,,,,,,,,
TOOL_HOVER,558499,3/3/2023 12:01,30a49dd8-c08a-4994-a622-57647670b5bb,Gauze,999,,,,,,,,,,
TOOL_HOVER,558516,3/3/2023 12:01,30a49dd8-c08a-4994-a622-57647670b5bb,Gauze,999,,,,,,,,,,
TOOL_HOVER,558534,3/3/2023 12:01,30a49dd8-c08a-4994-a622-57647670b5bb,Gauze,999,,,,,,,,,,
TOOL_HOVER,558550,3/3/2023 12:01,30a49dd8-c08a-4994-a622-57647670b5bb,Gauze,999,,,,,,,,,,
TOOL_SELECTED,558552,3/3/2023 12:01,30a49dd8-c08a-4994-a622-57647670b5bb,Gauze,998,,,,,,,,,,
TOOL_DISCARDED,565684,3/3/2023 12:02,30a49dd8-c08a-4994-a622-57647670b5bb,Gauze,998,"(1.1, 0.2, 3.7)",,,,,,,,,
TOOL_APPLIED,565684,3/3/2023 12:02,30a49dd8-c08a-4994-a622-57647670b5bb,Mike_7 Root,Gauze_Dressing,skinCollider_BodyCollideLOD (UnityEngine.GameObject),null,null,AppliedDressingGauze,,,,,,
PULSE_TAKEN,571029,3/3/2023 12:02,30a49dd8-c08a-4994-a622-57647670b5bb,pulse_fast,Mike_7 Root,,,,,,,,,,
PULSE_TAKEN,582141,3/3/2023 12:02,30a49dd8-c08a-4994-a622-57647670b5bb,pulse_fast,Mike_7 Root,,,,,,,,,,
BAG_CLOSED,587922,3/3/2023 12:02,30a49dd8-c08a-4994-a622-57647670b5bb,"(0.9, 0.7, 4.3)",,,,,,,,,,,
TELEPORT,590343,3/3/2023 12:02,30a49dd8-c08a-4994-a622-57647670b5bb,"(-0.7, 0.0, 5.0)",,,,,,,,,,,
PATIENT_ENGAGED,594287,3/3/2023 12:02,30a49dd8-c08a-4994-a622-57647670b5bb,100,Infinity,Mike_5 Root,"(2.7, 0.0, 2.3)","(0.0, 1.0, 0.0, 0.0)",IMMEDIATE,waver,fast,normal,normal,upset,fetal
BAG_ACCESS,596878,3/3/2023 12:02,30a49dd8-c08a-4994-a622-57647670b5bb,"(3.4, 0.7, 1.9)",,,,,,,,,,,
TOOL_HOVER,597497,3/3/2023 12:02,30a49dd8-c08a-4994-a622-57647670b5bb,Tourniquet,996,,,,,,,,,,
TOOL_SELECTED,597498,3/3/2023 12:02,30a49dd8-c08a-4994-a622-57647670b5bb,Tourniquet,995,,,,,,,,,,
INJURY_TREATED,599538,3/3/2023 12:02,30a49dd8-c08a-4994-a622-57647670b5bb,R Thigh Laceration,Mike_5 Root,tourniquet,medium,rightLeg,TRUE,FALSE,"(3.0, 0.3, 2.2)",,,,
TOOL_APPLIED,599538,3/3/2023 12:02,30a49dd8-c08a-4994-a622-57647670b5bb,Mike_5 Root,Tourniquet,RightUpLeg (UnityEngine.GameObject),tor_ring (1) (UnityEngine.GameObject),tourniquet(Clone) (UnityEngine.GameObject),AppliedTourniquet,,,,,,
TOOL_HOVER,601898,3/3/2023 12:02,30a49dd8-c08a-4994-a622-57647670b5bb,Hemostatic Gauze,999,,,,,,,,,,
TOOL_HOVER,601914,3/3/2023 12:02,30a49dd8-c08a-4994-a622-57647670b5bb,Hemostatic Gauze,999,,,,,,,,,,
TOOL_HOVER,601930,3/3/2023 12:02,30a49dd8-c08a-4994-a622-57647670b5bb,Hemostatic Gauze,999,,,,,,,,,,
TOOL_HOVER,601947,3/3/2023 12:02,30a49dd8-c08a-4994-a622-57647670b5bb,Hemostatic Gauze,999,,,,,,,,,,
TOOL_SELECTED,601948,3/3/2023 12:02,30a49dd8-c08a-4994-a622-57647670b5bb,Hemostatic Gauze,998,,,,,,,,,,
TOOL_DISCARDED,604286,3/3/2023 12:02,30a49dd8-c08a-4994-a622-57647670b5bb,Hemostatic Gauze,998,"(3.1, 0.3, 2.6)",,,,,,,,,
INJURY_TREATED,604286,3/3/2023 12:02,30a49dd8-c08a-4994-a622-57647670b5bb,R Side Puncture,Mike_5 Root,woundpack,medium,abdomen,TRUE,FALSE,"(3.1, 0.3, 2.5)",,,,
TOOL_APPLIED,604286,3/3/2023 12:02,30a49dd8-c08a-4994-a622-57647670b5bb,Mike_5 Root,Gauze_Pack,skinCollider_BodyCollideLOD (UnityEngine.GameObject),null,null,AppliedPackingGauze,,,,,,
PULSE_TAKEN,605932,3/3/2023 12:02,30a49dd8-c08a-4994-a622-57647670b5bb,pulse_fast,Mike_5 Root,,,,,,,,,,
PULSE_TAKEN,615462,3/3/2023 12:02,30a49dd8-c08a-4994-a622-57647670b5bb,pulse_fast,Mike_5 Root,,,,,,,,,,
PULSE_TAKEN,624508,3/3/2023 12:02,30a49dd8-c08a-4994-a622-57647670b5bb,pulse_fast,Mike_5 Root,,,,,,,,,,
VOICE_CAPTURE,626314,3/3/2023 12:03,30a49dd8-c08a-4994-a622-57647670b5bb,modbutton no,NA,,,,,,,,,,
VOICE_COMMAND,626314,3/3/2023 12:03,30a49dd8-c08a-4994-a622-57647670b5bb,modbutton no,modbutton no,,,,,,,,,,
PULSE_TAKEN,628735,3/3/2023 12:03,30a49dd8-c08a-4994-a622-57647670b5bb,pulse_fast,Mike_5 Root,,,,,,,,,,
BAG_CLOSED,654897,3/3/2023 12:03,30a49dd8-c08a-4994-a622-57647670b5bb,"(3.4, 0.7, 1.9)",,,,,,,,,,,
TELEPORT,654897,3/3/2023 12:03,30a49dd8-c08a-4994-a622-57647670b5bb,"(1.7, 0.0, 1.6)",,,,,,,,,,,
PATIENT_ENGAGED,656852,3/3/2023 12:03,30a49dd8-c08a-4994-a622-57647670b5bb,100,0,Gary_3 Root,"(0.4, 0.0, 1.7)","(0.0, 0.0, 0.0, 1.0)",IMMEDIATE,still,faint,normal,normal,unresponsive,supine
PULSE_TAKEN,660460,3/3/2023 12:03,30a49dd8-c08a-4994-a622-57647670b5bb,pulse_faint,Gary_3 Root,,,,,,,,,,
BAG_ACCESS,667493,3/3/2023 12:03,30a49dd8-c08a-4994-a622-57647670b5bb,"(0.6, 0.7, 0.6)",,,,,,,,,,,
TAG_SELECTED,668593,3/3/2023 12:03,30a49dd8-c08a-4994-a622-57647670b5bb,gray,,,,,,,,,,,
BAG_CLOSED,668824,3/3/2023 12:03,30a49dd8-c08a-4994-a622-57647670b5bb,"(0.6, 0.7, 0.6)",,,,,,,,,,,
TELEPORT,668824,3/3/2023 12:03,30a49dd8-c08a-4994-a622-57647670b5bb,"(-0.6, 0.0, 0.9)",,,,,,,,,,,
TAG_APPLIED,670219,3/3/2023 12:03,30a49dd8-c08a-4994-a622-57647670b5bb,Gary_3 Root,gray,,,,,,,,,,
TELEPORT,677826,3/3/2023 12:03,30a49dd8-c08a-4994-a622-57647670b5bb,"(-0.6, 0.0, 0.9)",,,,,,,,,,,
PATIENT_ENGAGED,684091,3/3/2023 12:03,30a49dd8-c08a-4994-a622-57647670b5bb,100,Infinity,Lily_4 Root,"(1.2, 0.0, 6.2)","(0.0, 1.0, 0.0, 0.0)",IMMEDIATE,waver,fast,normal,normal,upset,fetal
BAG_ACCESS,685247,3/3/2023 12:03,30a49dd8-c08a-4994-a622-57647670b5bb,"(0.9, 0.7, 6.1)",,,,,,,,,,,
TOOL_HOVER,685699,3/3/2023 12:04,30a49dd8-c08a-4994-a622-57647670b5bb,Hemostatic Gauze,999,,,,,,,,,,
TOOL_HOVER,685716,3/3/2023 12:04,30a49dd8-c08a-4994-a622-57647670b5bb,Hemostatic Gauze,999,,,,,,,,,,
TOOL_HOVER,685732,3/3/2023 12:04,30a49dd8-c08a-4994-a622-57647670b5bb,Hemostatic Gauze,999,,,,,,,,,,
TOOL_HOVER,685749,3/3/2023 12:04,30a49dd8-c08a-4994-a622-57647670b5bb,Hemostatic Gauze,999,,,,,,,,,,
TOOL_HOVER,685765,3/3/2023 12:04,30a49dd8-c08a-4994-a622-57647670b5bb,Hemostatic Gauze,999,,,,,,,,,,
TOOL_HOVER,685782,3/3/2023 12:04,30a49dd8-c08a-4994-a622-57647670b5bb,Hemostatic Gauze,999,,,,,,,,,,
TOOL_HOVER,685798,3/3/2023 12:04,30a49dd8-c08a-4994-a622-57647670b5bb,Hemostatic Gauze,999,,,,,,,,,,
TOOL_HOVER,685815,3/3/2023 12:04,30a49dd8-c08a-4994-a622-57647670b5bb,Hemostatic Gauze,999,,,,,,,,,,
TOOL_HOVER,685832,3/3/2023 12:04,30a49dd8-c08a-4994-a622-57647670b5bb,Hemostatic Gauze,999,,,,,,,,,,
TOOL_HOVER,685850,3/3/2023 12:04,30a49dd8-c08a-4994-a622-57647670b5bb,Hemostatic Gauze,999,,,,,,,,,,
TOOL_HOVER,685865,3/3/2023 12:04,30a49dd8-c08a-4994-a622-57647670b5bb,Hemostatic Gauze,999,,,,,,,,,,
TOOL_HOVER,685882,3/3/2023 12:04,30a49dd8-c08a-4994-a622-57647670b5bb,Hemostatic Gauze,999,,,,,,,,,,
TOOL_HOVER,685899,3/3/2023 12:04,30a49dd8-c08a-4994-a622-57647670b5bb,Hemostatic Gauze,999,,,,,,,,,,
TOOL_HOVER,685915,3/3/2023 12:04,30a49dd8-c08a-4994-a622-57647670b5bb,Hemostatic Gauze,999,,,,,,,,,,
TOOL_HOVER,685932,3/3/2023 12:04,30a49dd8-c08a-4994-a622-57647670b5bb,Hemostatic Gauze,999,,,,,,,,,,
TOOL_HOVER,685949,3/3/2023 12:04,30a49dd8-c08a-4994-a622-57647670b5bb,Hemostatic Gauze,999,,,,,,,,,,
TOOL_SELECTED,685951,3/3/2023 12:04,30a49dd8-c08a-4994-a622-57647670b5bb,Hemostatic Gauze,998,,,,,,,,,,
TOOL_DISCARDED,687567,3/3/2023 12:04,30a49dd8-c08a-4994-a622-57647670b5bb,Hemostatic Gauze,998,"(0.8, 0.2, 6.5)",,,,,,,,,
INJURY_TREATED,687567,3/3/2023 12:04,30a49dd8-c08a-4994-a622-57647670b5bb,L Side Puncture,Lily_4 Root,woundpack,medium,abdomen,TRUE,FALSE,"(0.9, 0.2, 6.5)",,,,
TOOL_APPLIED,687568,3/3/2023 12:04,30a49dd8-c08a-4994-a622-57647670b5bb,Lily_4 Root,Gauze_Pack,skinCollider_BodyLOD (UnityEngine.GameObject),null,null,AppliedPackingGauze,,,,,,
VOICE_CAPTURE,695764,3/3/2023 12:04,30a49dd8-c08a-4994-a622-57647670b5bb,modbutton no,NA,,,,,,,,,,
VOICE_COMMAND,695764,3/3/2023 12:04,30a49dd8-c08a-4994-a622-57647670b5bb,modbutton no,modbutton no,,,,,,,,,,
VOICE_CAPTURE,698752,3/3/2023 12:04,30a49dd8-c08a-4994-a622-57647670b5bb,modbutton yes,NA,,,,,,,,,,
VOICE_COMMAND,698752,3/3/2023 12:04,30a49dd8-c08a-4994-a622-57647670b5bb,modbutton yes,modbutton yes,,,,,,,,,,
PULSE_TAKEN,699420,3/3/2023 12:04,30a49dd8-c08a-4994-a622-57647670b5bb,pulse_fast,Lily_4 Root,,,,,,,,,,
PULSE_TAKEN,701812,3/3/2023 12:04,30a49dd8-c08a-4994-a622-57647670b5bb,pulse_fast,Lily_4 Root,,,,,,,,,,
PULSE_TAKEN,702130,3/3/2023 12:04,30a49dd8-c08a-4994-a622-57647670b5bb,pulse_fast,Lily_4 Root,,,,,,,,,,
BAG_CLOSED,708594,3/3/2023 12:04,30a49dd8-c08a-4994-a622-57647670b5bb,"(0.9, 0.7, 6.1)",,,,,,,,,,,
TELEPORT,708595,3/3/2023 12:04,30a49dd8-c08a-4994-a622-57647670b5bb,"(-0.3, 0.0, 4.9)",,,,,,,,,,,
PATIENT_ENGAGED,712167,3/3/2023 12:04,30a49dd8-c08a-4994-a622-57647670b5bb,100,Infinity,Gary_1 Root,"(1.6, 0.0, 7.6)","(0.0, 1.0, 0.0, 0.0)",EXPECTANT,still,none,restricted,none,unresponsive,supine
TELEPORT,736980,3/3/2023 12:04,30a49dd8-c08a-4994-a622-57647670b5bb,"(-0.2, 0.0, 6.1)",,,,,,,,,,,
PATIENT_ENGAGED,739819,3/3/2023 12:04,30a49dd8-c08a-4994-a622-57647670b5bb,100,Infinity,Helga_10 Root,"(3.5, 0.0, -2.7)","(0.0, 0.1, 0.0, 1.0)",MINIMAL,walker,normal,normal,normal,calm,standing
VOICE_CAPTURE,743418,3/3/2023 12:04,30a49dd8-c08a-4994-a622-57647670b5bb,modbutton im okay,NA,,,,,,,,,,
VOICE_COMMAND,743418,3/3/2023 12:04,30a49dd8-c08a-4994-a622-57647670b5bb,modbutton im okay,modbutton im okay,,,,,,,,,,
PULSE_TAKEN,745438,3/3/2023 12:04,30a49dd8-c08a-4994-a622-57647670b5bb,pulse_normal,Helga_10 Root,,,,,,,,,,
VOICE_CAPTURE,749876,3/3/2023 12:05,30a49dd8-c08a-4994-a622-57647670b5bb,modbutton no,NA,,,,,,,,,,
VOICE_COMMAND,749876,3/3/2023 12:05,30a49dd8-c08a-4994-a622-57647670b5bb,modbutton no,modbutton no,,,,,,,,,,
VOICE_CAPTURE,760126,3/3/2023 12:05,30a49dd8-c08a-4994-a622-57647670b5bb,modbutton yes,NA,,,,,,,,,,
VOICE_COMMAND,760126,3/3/2023 12:05,30a49dd8-c08a-4994-a622-57647670b5bb,modbutton yes,modbutton yes,,,,,,,,,,
TELEPORT,765254,3/3/2023 12:05,30a49dd8-c08a-4994-a622-57647670b5bb,"(2.1, 0.0, -2.3)",,,,,,,,,,,
PATIENT_ENGAGED,766641,3/3/2023 12:05,30a49dd8-c08a-4994-a622-57647670b5bb,100,Infinity,Gloria_8 Root,"(4.5, 0.0, -4.5)","(0.0, 0.2, 0.0, -1.0)",MINIMAL,walker,normal,normal,normal,upset,standing
VOICE_CAPTURE,769805,3/3/2023 12:05,30a49dd8-c08a-4994-a622-57647670b5bb,are you hurt,NA,,,,,,,,,,
VOICE_COMMAND,769805,3/3/2023 12:05,30a49dd8-c08a-4994-a622-57647670b5bb,are you hurt,are you hurt,,,,,,,,,,
BAG_ACCESS,774651,3/3/2023 12:05,30a49dd8-c08a-4994-a622-57647670b5bb,"(3.8, 0.7, -3.6)",,,,,,,,,,,
TOOL_HOVER,775202,3/3/2023 12:05,30a49dd8-c08a-4994-a622-57647670b5bb,Tourniquet,995,,,,,,,,,,
TOOL_HOVER,775220,3/3/2023 12:05,30a49dd8-c08a-4994-a622-57647670b5bb,Tourniquet,995,,,,,,,,,,
TOOL_HOVER,775236,3/3/2023 12:05,30a49dd8-c08a-4994-a622-57647670b5bb,Tourniquet,995,,,,,,,,,,
TOOL_HOVER,775252,3/3/2023 12:05,30a49dd8-c08a-4994-a622-57647670b5bb,Tourniquet,995,,,,,,,,,,
TOOL_HOVER,775269,3/3/2023 12:05,30a49dd8-c08a-4994-a622-57647670b5bb,Tourniquet,995,,,,,,,,,,
TOOL_HOVER,775286,3/3/2023 12:05,30a49dd8-c08a-4994-a622-57647670b5bb,Tourniquet,995,,,,,,,,,,
TOOL_HOVER,775302,3/3/2023 12:05,30a49dd8-c08a-4994-a622-57647670b5bb,Tourniquet,995,,,,,,,,,,
TOOL_SELECTED,775303,3/3/2023 12:05,30a49dd8-c08a-4994-a622-57647670b5bb,Tourniquet,994,,,,,,,,,,
INJURY_TREATED,777260,3/3/2023 12:05,30a49dd8-c08a-4994-a622-57647670b5bb,L Forearm Laceration,Gloria_8 Root,gauzePressure,low,leftArm,FALSE,TRUE,"(4.2, 0.9, -4.4)",,,,
TOOL_APPLIED,777261,3/3/2023 12:05,30a49dd8-c08a-4994-a622-57647670b5bb,Gloria_8 Root,Tourniquet,LeftForeArm (UnityEngine.GameObject),tor_ring (1) (UnityEngine.GameObject),tourniquet(Clone) (UnityEngine.GameObject),AppliedTourniquet,,,,,,
TAG_SELECTED,784567,3/3/2023 12:05,30a49dd8-c08a-4994-a622-57647670b5bb,yellow,,,,,,,,,,,
TAG_APPLIED,787292,3/3/2023 12:05,30a49dd8-c08a-4994-a622-57647670b5bb,Gloria_8 Root,yellow,,,,,,,,,,
TOOL_HOVER,788593,3/3/2023 12:05,30a49dd8-c08a-4994-a622-57647670b5bb,Gauze,999,,,,,,,,,,
TOOL_HOVER,788611,3/3/2023 12:05,30a49dd8-c08a-4994-a622-57647670b5bb,Gauze,999,,,,,,,,,,
TOOL_HOVER,788627,3/3/2023 12:05,30a49dd8-c08a-4994-a622-57647670b5bb,Gauze,999,,,,,,,,,,
TOOL_HOVER,788643,3/3/2023 12:05,30a49dd8-c08a-4994-a622-57647670b5bb,Gauze,999,,,,,,,,,,
TOOL_HOVER,788660,3/3/2023 12:05,30a49dd8-c08a-4994-a622-57647670b5bb,Gauze,999,,,,,,,,,,
TOOL_HOVER,788677,3/3/2023 12:05,30a49dd8-c08a-4994-a622-57647670b5bb,Gauze,999,,,,,,,,,,
TOOL_HOVER,788693,3/3/2023 12:05,30a49dd8-c08a-4994-a622-57647670b5bb,Gauze,999,,,,,,,,,,
TOOL_HOVER,788710,3/3/2023 12:05,30a49dd8-c08a-4994-a622-57647670b5bb,Gauze,999,,,,,,,,,,
TOOL_HOVER,788726,3/3/2023 12:05,30a49dd8-c08a-4994-a622-57647670b5bb,Gauze,999,,,,,,,,,,
TOOL_HOVER,788744,3/3/2023 12:05,30a49dd8-c08a-4994-a622-57647670b5bb,Gauze,999,,,,,,,,,,
TOOL_HOVER,788760,3/3/2023 12:05,30a49dd8-c08a-4994-a622-57647670b5bb,Gauze,999,,,,,,,,,,
TOOL_SELECTED,788762,3/3/2023 12:05,30a49dd8-c08a-4994-a622-57647670b5bb,Gauze,998,,,,,,,,,,
TOOL_DISCARDED,790550,3/3/2023 12:05,30a49dd8-c08a-4994-a622-57647670b5bb,Gauze,998,"(4.2, 1.0, -4.5)",,,,,,,,,
INJURY_TREATED,790550,3/3/2023 12:05,30a49dd8-c08a-4994-a622-57647670b5bb,L Forearm Laceration,Gloria_8 Root,gauzePressure,low,leftArm,TRUE,TRUE,"(4.2, 0.9, -4.5)",,,,
TOOL_APPLIED,790552,3/3/2023 12:05,30a49dd8-c08a-4994-a622-57647670b5bb,Gloria_8 Root,Gauze_Dressing,skinCollider_Body_LOD (UnityEngine.GameObject),null,null,AppliedDressingGauze,,,,,,
VOICE_CAPTURE,801264,3/3/2023 12:05,30a49dd8-c08a-4994-a622-57647670b5bb,modbutton no,NA,,,,,,,,,,
VOICE_COMMAND,801264,3/3/2023 12:05,30a49dd8-c08a-4994-a622-57647670b5bb,modbutton no,modbutton no,,,,,,,,,,
BAG_CLOSED,804026,3/3/2023 12:05,30a49dd8-c08a-4994-a622-57647670b5bb,"(3.8, 0.7, -3.6)",,,,,,,,,,,
PATIENT_ENGAGED,805770,3/3/2023 12:06,30a49dd8-c08a-4994-a622-57647670b5bb,100,Infinity,Helga_10 Root,"(3.5, 0.0, -2.7)","(0.0, 0.0, 0.0, 1.0)",MINIMAL,walker,normal,normal,normal,calm,standing
SESSION_END,807758,3/3/2023 12:06,30a49dd8-c08a-4994-a622-57647670b5bb,,,,,,,,,,,,
