PATIENT_DEMOTED,6827,5/9/2023 9:42,d347b967-5e20-4527-95dd-3a0fdf73af1d,100,Infinity,Mike_1 Root,"(2.6, 0.0, 0.1)","(0.0, 0.7, 0.0, -0.7)",DELAYED,waver,normal,normal,normal,upset,recovery
PATIENT_DEMOTED,7484,5/9/2023 9:42,d347b967-5e20-4527-95dd-3a0fdf73af1d,100,Infinity,Mike_2 Root,"(2.6, 0.0, 2.4)","(0.0, 0.7, 0.0, -0.7)",IMMEDIATE,walker,fast,normal,normal,upset,sittingGround
PATIENT_DEMOTED,8140,5/9/2023 9:42,d347b967-5e20-4527-95dd-3a0fdf73af1d,100,128,Mike_3 Root,"(3.0, 0.0, 4.3)","(0.0, 0.7, 0.0, -0.7)",IMMEDIATE,still,faint,collapsedRight,normal,unresponsive,supine
SESSION_START,10432,5/9/2023 9:42,d347b967-5e20-4527-95dd-3a0fdf73af1d,,,,,,,,,,,,
PATIENT_RECORD,10432,5/9/2023 9:42,d347b967-5e20-4527-95dd-3a0fdf73af1d,100,Infinity,Mike_0 Root,"(2.6, 0.0, -1.4)","(0.0, 0.7, 0.0, -0.7)",MINIMAL,walker,normal,normal,normal,upset,sittingGround
INJURY_RECORD,10432,5/9/2023 9:42,d347b967-5e20-4527-95dd-3a0fdf73af1d,R Forearm Laceration,Mike_0 Root,gauzePressure,low,rightArm,FALSE,FALSE,"(2.7, 1.4, -0.9)",,,,
PATIENT_RECORD,10433,5/9/2023 9:42,d347b967-5e20-4527-95dd-3a0fdf73af1d,100,Infinity,Mike_1 Root,"(2.9, 0.0, 0.1)","(0.0, 0.7, 0.0, -0.7)",DELAYED,waver,normal,normal,normal,upset,recovery
INJURY_RECORD,10433,5/9/2023 9:42,d347b967-5e20-4527-95dd-3a0fdf73af1d,L Thigh Laceration,Mike_1 Root,tourniquet,medium,leftLeg,FALSE,FALSE,"(2.8, 0.7, -0.1)",,,,
PATIENT_RECORD,10433,5/9/2023 9:42,d347b967-5e20-4527-95dd-3a0fdf73af1d,100,Infinity,Mike_2 Root,"(3.1, 0.0, 2.2)","(0.0, 0.7, 0.0, -0.7)",IMMEDIATE,walker,fast,normal,normal,upset,sittingGround
INJURY_RECORD,10433,5/9/2023 9:42,d347b967-5e20-4527-95dd-3a0fdf73af1d,L Shoulder Puncture,Mike_2 Root,woundpack,medium,chest,FALSE,FALSE,"(3.1, 1.4, 2.1)",,,,
PATIENT_RECORD,10433,5/9/2023 9:42,d347b967-5e20-4527-95dd-3a0fdf73af1d,100,128,Mike_3 Root,"(3.2, 0.0, 4.3)","(0.0, 0.7, 0.0, -0.7)",IMMEDIATE,still,faint,collapsedRight,normal,unresponsive,supine
INJURY_RECORD,10433,5/9/2023 9:42,d347b967-5e20-4527-95dd-3a0fdf73af1d,R Chest Collapse,Mike_3 Root,decompress,high,chest,FALSE,FALSE,"(0.0, 0.0, 0.0)",,,,
VOICE_CAPTURE,19219,5/9/2023 9:42,d347b967-5e20-4527-95dd-3a0fdf73af1d,walk,NA,,,,,,,,,,
VOICE_COMMAND,19219,5/9/2023 9:42,d347b967-5e20-4527-95dd-3a0fdf73af1d,walk to the safe area,walk,,,,,,,,,,
S_A_L_T_WALK_IF_CAN,19222,5/9/2023 9:42,d347b967-5e20-4527-95dd-3a0fdf73af1d,"(2.6, 0.0, -1.4)",walkIfCan,Mike_0 Root,,,,,,,,,
S_A_L_T_WALKED,19222,5/9/2023 9:42,d347b967-5e20-4527-95dd-3a0fdf73af1d,"(2.6, 0.0, -1.4)",walked,Mike_0 Root,,,,,,,,,
S_A_L_T_WALK_IF_CAN,19222,5/9/2023 9:42,d347b967-5e20-4527-95dd-3a0fdf73af1d,"(2.9, 0.0, 0.1)",walkIfCan,Mike_1 Root,,,,,,,,,
S_A_L_T_WALK_IF_CAN,19222,5/9/2023 9:42,d347b967-5e20-4527-95dd-3a0fdf73af1d,"(3.1, 0.0, 2.2)",walkIfCan,Mike_2 Root,,,,,,,,,
S_A_L_T_WALKED,19222,5/9/2023 9:42,d347b967-5e20-4527-95dd-3a0fdf73af1d,"(3.1, 0.0, 2.2)",walked,Mike_2 Root,,,,,,,,,
VOICE_CAPTURE,27882,5/9/2023 9:42,d347b967-5e20-4527-95dd-3a0fdf73af1d,wave,NA,,,,,,,,,,
VOICE_COMMAND,27882,5/9/2023 9:42,d347b967-5e20-4527-95dd-3a0fdf73af1d,wave if you can,wave,,,,,,,,,,
S_A_L_T_WAVE_IF_CAN,27883,5/9/2023 9:42,d347b967-5e20-4527-95dd-3a0fdf73af1d,"(3.1, 0.0, -4.9)",waveIfCan,Mike_0 Root,,,,,,,,,
S_A_L_T_WAVED,27883,5/9/2023 9:42,d347b967-5e20-4527-95dd-3a0fdf73af1d,"(3.1, 0.0, -4.9)",waved,Mike_0 Root,,,,,,,,,
S_A_L_T_WAVE_IF_CAN,27883,5/9/2023 9:42,d347b967-5e20-4527-95dd-3a0fdf73af1d,"(2.9, 0.0, 0.1)",waveIfCan,Mike_1 Root,,,,,,,,,
S_A_L_T_WAVED,27883,5/9/2023 9:42,d347b967-5e20-4527-95dd-3a0fdf73af1d,"(2.9, 0.0, 0.1)",waved,Mike_1 Root,,,,,,,,,
S_A_L_T_WAVE_IF_CAN,27883,5/9/2023 9:42,d347b967-5e20-4527-95dd-3a0fdf73af1d,"(1.6, 0.0, -3.3)",waveIfCan,Mike_2 Root,,,,,,,,,
S_A_L_T_WAVED,27883,5/9/2023 9:42,d347b967-5e20-4527-95dd-3a0fdf73af1d,"(1.6, 0.0, -3.3)",waved,Mike_2 Root,,,,,,,,,
S_A_L_T_WALK_IF_CAN,27899,5/9/2023 9:42,d347b967-5e20-4527-95dd-3a0fdf73af1d,"(3.1, 0.0, -4.9)",walkIfCan,Mike_0 Root,,,,,,,,,
S_A_L_T_WALKED,27899,5/9/2023 9:42,d347b967-5e20-4527-95dd-3a0fdf73af1d,"(3.1, 0.0, -4.9)",walked,Mike_0 Root,,,,,,,,,
S_A_L_T_WALK_IF_CAN,27899,5/9/2023 9:42,d347b967-5e20-4527-95dd-3a0fdf73af1d,"(1.6, 0.0, -3.3)",walkIfCan,Mike_2 Root,,,,,,,,,
S_A_L_T_WALKED,27899,5/9/2023 9:42,d347b967-5e20-4527-95dd-3a0fdf73af1d,"(1.6, 0.0, -3.3)",walked,Mike_2 Root,,,,,,,,,
TELEPORT,31173,5/9/2023 9:42,d347b967-5e20-4527-95dd-3a0fdf73af1d,"(0.8, 0.0, -3.4)",,,,,,,,,,,
PULSE_TAKEN,39108,5/9/2023 9:42,d347b967-5e20-4527-95dd-3a0fdf73af1d,pulse_faint,Mike_3 Root,,,,,,,,,,
PATIENT_ENGAGED,41191,5/9/2023 9:43,d347b967-5e20-4527-95dd-3a0fdf73af1d,100,128,Mike_3 Root,"(3.2, 0.0, 4.3)","(0.0, 0.7, 0.0, -0.7)",IMMEDIATE,still,faint,collapsedRight,normal,unresponsive,supine
BAG_ACCESS,46915,5/9/2023 9:43,d347b967-5e20-4527-95dd-3a0fdf73af1d,"(3.4, 0.8, 5.0)",,,,,,,,,,,
TOOL_HOVER,53029,5/9/2023 9:43,d347b967-5e20-4527-95dd-3a0fdf73af1d,Needle,999,,,,,,,,,,
TOOL_HOVER,53045,5/9/2023 9:43,d347b967-5e20-4527-95dd-3a0fdf73af1d,Needle,999,,,,,,,,,,
TOOL_HOVER,53061,5/9/2023 9:43,d347b967-5e20-4527-95dd-3a0fdf73af1d,Needle,999,,,,,,,,,,
TOOL_HOVER,53078,5/9/2023 9:43,d347b967-5e20-4527-95dd-3a0fdf73af1d,Needle,999,,,,,,,,,,
TOOL_HOVER,53094,5/9/2023 9:43,d347b967-5e20-4527-95dd-3a0fdf73af1d,Needle,999,,,,,,,,,,
TOOL_HOVER,53112,5/9/2023 9:43,d347b967-5e20-4527-95dd-3a0fdf73af1d,Needle,999,,,,,,,,,,
TOOL_HOVER,53129,5/9/2023 9:43,d347b967-5e20-4527-95dd-3a0fdf73af1d,Needle,999,,,,,,,,,,
TOOL_HOVER,53145,5/9/2023 9:43,d347b967-5e20-4527-95dd-3a0fdf73af1d,Needle,999,,,,,,,,,,
TOOL_SELECTED,53149,5/9/2023 9:43,d347b967-5e20-4527-95dd-3a0fdf73af1d,Needle,998,,,,,,,,,,
INJURY_TREATED,57253,5/9/2023 9:43,d347b967-5e20-4527-95dd-3a0fdf73af1d,R Chest Collapse,Mike_3 Root,decompress,high,chest,TRUE,FALSE,"(0.0, 0.0, 0.0)",,,,
TOOL_APPLIED,57253,5/9/2023 9:43,d347b967-5e20-4527-95dd-3a0fdf73af1d,Needle_Decomp(Clone),Needle,RChest_Breathe1 (UnityEngine.GameObject),cath_needle (UnityEngine.GameObject),right_chest,Needle_Decomp(Clone) (UnityEngine.GameObject),AppliedDecompNeedle,,,,,
TAG_SELECTED,65717,5/9/2023 9:43,d347b967-5e20-4527-95dd-3a0fdf73af1d,yellow,,,,,,,,,,,
TAG_DISCARDED,71862,5/9/2023 9:43,d347b967-5e20-4527-95dd-3a0fdf73af1d,yellow,"(3.6, 0.2, 5.6)",,,,,,,,,,
TAG_SELECTED,72631,5/9/2023 9:43,d347b967-5e20-4527-95dd-3a0fdf73af1d,red,,,,,,,,,,,
TAG_APPLIED,83445,5/9/2023 9:43,d347b967-5e20-4527-95dd-3a0fdf73af1d,Mike_3 Root,red,,,,,,,,,,
BAG_CLOSED,85251,5/9/2023 9:43,d347b967-5e20-4527-95dd-3a0fdf73af1d,"(3.4, 0.8, 5.0)",,,,,,,,,,,
TELEPORT,93697,5/9/2023 9:43,d347b967-5e20-4527-95dd-3a0fdf73af1d,"(2.8, 0.0, 4.6)",,,,,,,,,,,
PATIENT_ENGAGED,98602,5/9/2023 9:43,d347b967-5e20-4527-95dd-3a0fdf73af1d,100,Infinity,Mike_1 Root,"(2.9, 0.0, 0.1)","(0.0, 0.7, 0.0, -0.7)",DELAYED,waver,normal,normal,normal,upset,recovery
PULSE_TAKEN,108034,5/9/2023 9:44,d347b967-5e20-4527-95dd-3a0fdf73af1d,pulse_normal,Mike_1 Root,,,,,,,,,,
PULSE_TAKEN,111888,5/9/2023 9:44,d347b967-5e20-4527-95dd-3a0fdf73af1d,pulse_normal,Mike_1 Root,,,,,,,,,,
BAG_ACCESS,113393,5/9/2023 9:44,d347b967-5e20-4527-95dd-3a0fdf73af1d,"(2.6, 0.4, 0.8)",,,,,,,,,,,
BAG_CLOSED,139764,5/9/2023 9:44,d347b967-5e20-4527-95dd-3a0fdf73af1d,"(2.8, 0.0, 0.5)",,,,,,,,,,,
TELEPORT,139764,5/9/2023 9:44,d347b967-5e20-4527-95dd-3a0fdf73af1d,"(2.8, 0.0, 0.5)",,,,,,,,,,,
BAG_ACCESS,148701,5/9/2023 9:44,d347b967-5e20-4527-95dd-3a0fdf73af1d,"(2.8, 0.4, 1.1)",,,,,,,,,,,
TAG_SELECTED,169853,5/9/2023 9:45,d347b967-5e20-4527-95dd-3a0fdf73af1d,red,,,,,,,,,,,
TAG_DISCARDED,179936,5/9/2023 9:45,d347b967-5e20-4527-95dd-3a0fdf73af1d,red,"(3.0, 0.3, 1.5)",,,,,,,,,,
TOOL_HOVER,180835,5/9/2023 9:45,d347b967-5e20-4527-95dd-3a0fdf73af1d,Tourniquet,999,,,,,,,,,,
TOOL_HOVER,180853,5/9/2023 9:45,d347b967-5e20-4527-95dd-3a0fdf73af1d,Tourniquet,999,,,,,,,,,,
TOOL_HOVER,180869,5/9/2023 9:45,d347b967-5e20-4527-95dd-3a0fdf73af1d,Tourniquet,999,,,,,,,,,,
TOOL_HOVER,180887,5/9/2023 9:45,d347b967-5e20-4527-95dd-3a0fdf73af1d,Tourniquet,999,,,,,,,,,,
TOOL_HOVER,180902,5/9/2023 9:45,d347b967-5e20-4527-95dd-3a0fdf73af1d,Tourniquet,999,,,,,,,,,,
TOOL_HOVER,180920,5/9/2023 9:45,d347b967-5e20-4527-95dd-3a0fdf73af1d,Tourniquet,999,,,,,,,,,,
TOOL_HOVER,180936,5/9/2023 9:45,d347b967-5e20-4527-95dd-3a0fdf73af1d,Tourniquet,999,,,,,,,,,,
TOOL_HOVER,180953,5/9/2023 9:45,d347b967-5e20-4527-95dd-3a0fdf73af1d,Tourniquet,999,,,,,,,,,,
TOOL_HOVER,180973,5/9/2023 9:45,d347b967-5e20-4527-95dd-3a0fdf73af1d,Tourniquet,999,,,,,,,,,,
TOOL_HOVER,180986,5/9/2023 9:45,d347b967-5e20-4527-95dd-3a0fdf73af1d,Tourniquet,999,,,,,,,,,,
TOOL_HOVER,181003,5/9/2023 9:45,d347b967-5e20-4527-95dd-3a0fdf73af1d,Tourniquet,999,,,,,,,,,,
TOOL_HOVER,181020,5/9/2023 9:45,d347b967-5e20-4527-95dd-3a0fdf73af1d,Tourniquet,999,,,,,,,,,,
TOOL_HOVER,181037,5/9/2023 9:45,d347b967-5e20-4527-95dd-3a0fdf73af1d,Tourniquet,999,,,,,,,,,,
TOOL_HOVER,181054,5/9/2023 9:45,d347b967-5e20-4527-95dd-3a0fdf73af1d,Tourniquet,999,,,,,,,,,,
TOOL_HOVER,181071,5/9/2023 9:45,d347b967-5e20-4527-95dd-3a0fdf73af1d,Tourniquet,999,,,,,,,,,,
TOOL_HOVER,181087,5/9/2023 9:45,d347b967-5e20-4527-95dd-3a0fdf73af1d,Tourniquet,999,,,,,,,,,,
TOOL_HOVER,181103,5/9/2023 9:45,d347b967-5e20-4527-95dd-3a0fdf73af1d,Tourniquet,999,,,,,,,,,,
TOOL_HOVER,181120,5/9/2023 9:45,d347b967-5e20-4527-95dd-3a0fdf73af1d,Tourniquet,999,,,,,,,,,,
TOOL_HOVER,181138,5/9/2023 9:45,d347b967-5e20-4527-95dd-3a0fdf73af1d,Tourniquet,999,,,,,,,,,,
TOOL_HOVER,181154,5/9/2023 9:45,d347b967-5e20-4527-95dd-3a0fdf73af1d,Tourniquet,999,,,,,,,,,,
TOOL_HOVER,181170,5/9/2023 9:45,d347b967-5e20-4527-95dd-3a0fdf73af1d,Tourniquet,999,,,,,,,,,,
TOOL_HOVER,181189,5/9/2023 9:45,d347b967-5e20-4527-95dd-3a0fdf73af1d,Tourniquet,999,,,,,,,,,,
TOOL_HOVER,181204,5/9/2023 9:45,d347b967-5e20-4527-95dd-3a0fdf73af1d,Tourniquet,999,,,,,,,,,,
TOOL_HOVER,181221,5/9/2023 9:45,d347b967-5e20-4527-95dd-3a0fdf73af1d,Tourniquet,999,,,,,,,,,,
TOOL_HOVER,181239,5/9/2023 9:45,d347b967-5e20-4527-95dd-3a0fdf73af1d,Tourniquet,999,,,,,,,,,,
TOOL_HOVER,181254,5/9/2023 9:45,d347b967-5e20-4527-95dd-3a0fdf73af1d,Tourniquet,999,,,,,,,,,,
TOOL_HOVER,181272,5/9/2023 9:45,d347b967-5e20-4527-95dd-3a0fdf73af1d,Tourniquet,999,,,,,,,,,,
TOOL_HOVER,181287,5/9/2023 9:45,d347b967-5e20-4527-95dd-3a0fdf73af1d,Tourniquet,999,,,,,,,,,,
TOOL_HOVER,181321,5/9/2023 9:45,d347b967-5e20-4527-95dd-3a0fdf73af1d,Tourniquet,999,,,,,,,,,,
TOOL_HOVER,181327,5/9/2023 9:45,d347b967-5e20-4527-95dd-3a0fdf73af1d,Tourniquet,999,,,,,,,,,,
TOOL_HOVER,181345,5/9/2023 9:45,d347b967-5e20-4527-95dd-3a0fdf73af1d,Tourniquet,999,,,,,,,,,,
TOOL_HOVER,181362,5/9/2023 9:45,d347b967-5e20-4527-95dd-3a0fdf73af1d,Tourniquet,999,,,,,,,,,,
TOOL_HOVER,181379,5/9/2023 9:45,d347b967-5e20-4527-95dd-3a0fdf73af1d,Tourniquet,999,,,,,,,,,,
TOOL_HOVER,181395,5/9/2023 9:45,d347b967-5e20-4527-95dd-3a0fdf73af1d,Tourniquet,999,,,,,,,,,,
TOOL_HOVER,181412,5/9/2023 9:45,d347b967-5e20-4527-95dd-3a0fdf73af1d,Tourniquet,999,,,,,,,,,,
TOOL_HOVER,181429,5/9/2023 9:45,d347b967-5e20-4527-95dd-3a0fdf73af1d,Tourniquet,999,,,,,,,,,,
TOOL_HOVER,181446,5/9/2023 9:45,d347b967-5e20-4527-95dd-3a0fdf73af1d,Tourniquet,999,,,,,,,,,,
TOOL_HOVER,181462,5/9/2023 9:45,d347b967-5e20-4527-95dd-3a0fdf73af1d,Tourniquet,999,,,,,,,,,,
TOOL_SELECTED,181464,5/9/2023 9:45,d347b967-5e20-4527-95dd-3a0fdf73af1d,Tourniquet,998,,,,,,,,,,
INJURY_TREATED,185584,5/9/2023 9:45,d347b967-5e20-4527-95dd-3a0fdf73af1d,L Thigh Laceration,Mike_1 Root,tourniquet,medium,leftLeg,TRUE,FALSE,"(2.8, 0.3, 0.3)",,,,
TOOL_APPLIED,185584,5/9/2023 9:45,d347b967-5e20-4527-95dd-3a0fdf73af1d,Mike_1 Root,Tourniquet,LeftUpLeg (UnityEngine.GameObject),tor_ring (1) (UnityEngine.GameObject),tourniquet(Clone) (UnityEngine.GameObject),AppliedTourniquet,,,,,,
BAG_CLOSED,188191,5/9/2023 9:45,d347b967-5e20-4527-95dd-3a0fdf73af1d,"(2.8, 0.4, 1.1)",,,,,,,,,,,
BAG_ACCESS,204682,5/9/2023 9:45,d347b967-5e20-4527-95dd-3a0fdf73af1d,"(2.7, 0.8, 0.6)",,,,,,,,,,,
TAG_SELECTED,207208,5/9/2023 9:45,d347b967-5e20-4527-95dd-3a0fdf73af1d,red,,,,,,,,,,,
TAG_DISCARDED,211831,5/9/2023 9:45,d347b967-5e20-4527-95dd-3a0fdf73af1d,red,"(3.1, 0.5, 1.5)",,,,,,,,,,
TAG_SELECTED,213115,5/9/2023 9:45,d347b967-5e20-4527-95dd-3a0fdf73af1d,yellow,,,,,,,,,,,
TAG_APPLIED,217960,5/9/2023 9:45,d347b967-5e20-4527-95dd-3a0fdf73af1d,Mike_1 Root,yellow,,,,,,,,,,
BAG_CLOSED,222909,5/9/2023 9:46,d347b967-5e20-4527-95dd-3a0fdf73af1d,"(2.7, 0.8, 0.6)",,,,,,,,,,,
TELEPORT,225092,5/9/2023 9:46,d347b967-5e20-4527-95dd-3a0fdf73af1d,"(2.8, 0.0, 0.5)",,,,,,,,,,,
PATIENT_ENGAGED,232196,5/9/2023 9:46,d347b967-5e20-4527-95dd-3a0fdf73af1d,100,Infinity,Mike_2 Root,"(1.9, 0.0, -3.4)","(0.0, -0.8, 0.0, 0.5)",IMMEDIATE,walker,fast,normal,normal,upset,standing
PULSE_TAKEN,237407,5/9/2023 9:46,d347b967-5e20-4527-95dd-3a0fdf73af1d,pulse_fast,Mike_2 Root,,,,,,,,,,
BAG_ACCESS,244289,5/9/2023 9:46,d347b967-5e20-4527-95dd-3a0fdf73af1d,"(1.5, 0.8, -2.8)",,,,,,,,,,,
TOOL_HOVER,245628,5/9/2023 9:46,d347b967-5e20-4527-95dd-3a0fdf73af1d,Hemostatic Gauze,999,,,,,,,,,,
TOOL_HOVER,245641,5/9/2023 9:46,d347b967-5e20-4527-95dd-3a0fdf73af1d,Hemostatic Gauze,999,,,,,,,,,,
TOOL_HOVER,245659,5/9/2023 9:46,d347b967-5e20-4527-95dd-3a0fdf73af1d,Hemostatic Gauze,999,,,,,,,,,,
TOOL_HOVER,245677,5/9/2023 9:46,d347b967-5e20-4527-95dd-3a0fdf73af1d,Hemostatic Gauze,999,,,,,,,,,,
TOOL_HOVER,245691,5/9/2023 9:46,d347b967-5e20-4527-95dd-3a0fdf73af1d,Hemostatic Gauze,999,,,,,,,,,,
TOOL_HOVER,245710,5/9/2023 9:46,d347b967-5e20-4527-95dd-3a0fdf73af1d,Hemostatic Gauze,999,,,,,,,,,,
TOOL_HOVER,245725,5/9/2023 9:46,d347b967-5e20-4527-95dd-3a0fdf73af1d,Hemostatic Gauze,999,,,,,,,,,,
TOOL_HOVER,245744,5/9/2023 9:46,d347b967-5e20-4527-95dd-3a0fdf73af1d,Hemostatic Gauze,999,,,,,,,,,,
TOOL_SELECTED,245744,5/9/2023 9:46,d347b967-5e20-4527-95dd-3a0fdf73af1d,Hemostatic Gauze,998,,,,,,,,,,
VOICE_CAPTURE,246295,5/9/2023 9:46,d347b967-5e20-4527-95dd-3a0fdf73af1d,are you hurt,NA,,,,,,,,,,
VOICE_COMMAND,246295,5/9/2023 9:46,d347b967-5e20-4527-95dd-3a0fdf73af1d,are you hurt,are you hurt,,,,,,,,,,
TOOL_DISCARDED,248133,5/9/2023 9:46,d347b967-5e20-4527-95dd-3a0fdf73af1d,Hemostatic Gauze,998,"(1.8, 1.4, -3.3)",,,,,,,,,
INJURY_TREATED,248134,5/9/2023 9:46,d347b967-5e20-4527-95dd-3a0fdf73af1d,L Shoulder Puncture,Mike_2 Root,woundpack,medium,chest,TRUE,FALSE,"(1.7, 1.4, -3.3)",,,,
TOOL_APPLIED,248134,5/9/2023 9:46,d347b967-5e20-4527-95dd-3a0fdf73af1d,Mike_2 Root,Gauze_Pack,skinCollider_BodyCollideLOD (UnityEngine.GameObject),null,null,AppliedPackingGauze,,,,,,
VOICE_CAPTURE,253816,5/9/2023 9:46,d347b967-5e20-4527-95dd-3a0fdf73af1d,modbutton no,NA,,,,,,,,,,
VOICE_COMMAND,253816,5/9/2023 9:46,d347b967-5e20-4527-95dd-3a0fdf73af1d,modbutton no,modbutton no,,,,,,,,,,
TAG_SELECTED,256468,5/9/2023 9:46,d347b967-5e20-4527-95dd-3a0fdf73af1d,yellow,,,,,,,,,,,
TAG_DISCARDED,259492,5/9/2023 9:46,d347b967-5e20-4527-95dd-3a0fdf73af1d,yellow,"(1.5, 0.8, -3.1)",,,,,,,,,,
TAG_SELECTED,262186,5/9/2023 9:46,d347b967-5e20-4527-95dd-3a0fdf73af1d,red,,,,,,,,,,,
TAG_APPLIED,263557,5/9/2023 9:46,d347b967-5e20-4527-95dd-3a0fdf73af1d,Mike_2 Root,red,,,,,,,,,,
VOICE_CAPTURE,268737,5/9/2023 9:46,d347b967-5e20-4527-95dd-3a0fdf73af1d,modbutton no,NA,,,,,,,,,,
VOICE_COMMAND,268737,5/9/2023 9:46,d347b967-5e20-4527-95dd-3a0fdf73af1d,modbutton no,modbutton no,,,,,,,,,,
TOOL_HOVER,279122,5/9/2023 9:46,d347b967-5e20-4527-95dd-3a0fdf73af1d,Hemostatic Gauze,999,,,,,,,,,,
TOOL_HOVER,279147,5/9/2023 9:46,d347b967-5e20-4527-95dd-3a0fdf73af1d,Hemostatic Gauze,999,,,,,,,,,,
TOOL_HOVER,279156,5/9/2023 9:46,d347b967-5e20-4527-95dd-3a0fdf73af1d,Hemostatic Gauze,999,,,,,,,,,,
TOOL_HOVER,279173,5/9/2023 9:46,d347b967-5e20-4527-95dd-3a0fdf73af1d,Hemostatic Gauze,999,,,,,,,,,,
TOOL_HOVER,279189,5/9/2023 9:46,d347b967-5e20-4527-95dd-3a0fdf73af1d,Hemostatic Gauze,999,,,,,,,,,,
TOOL_HOVER,279206,5/9/2023 9:46,d347b967-5e20-4527-95dd-3a0fdf73af1d,Hemostatic Gauze,999,,,,,,,,,,
TOOL_HOVER,279223,5/9/2023 9:46,d347b967-5e20-4527-95dd-3a0fdf73af1d,Hemostatic Gauze,999,,,,,,,,,,
TOOL_HOVER,279239,5/9/2023 9:46,d347b967-5e20-4527-95dd-3a0fdf73af1d,Hemostatic Gauze,999,,,,,,,,,,
TOOL_HOVER,279256,5/9/2023 9:46,d347b967-5e20-4527-95dd-3a0fdf73af1d,Hemostatic Gauze,999,,,,,,,,,,
TOOL_HOVER,279273,5/9/2023 9:46,d347b967-5e20-4527-95dd-3a0fdf73af1d,Hemostatic Gauze,999,,,,,,,,,,
TOOL_HOVER,279289,5/9/2023 9:46,d347b967-5e20-4527-95dd-3a0fdf73af1d,Hemostatic Gauze,999,,,,,,,,,,
TOOL_HOVER,279306,5/9/2023 9:46,d347b967-5e20-4527-95dd-3a0fdf73af1d,Hemostatic Gauze,999,,,,,,,,,,
BAG_CLOSED,279975,5/9/2023 9:46,d347b967-5e20-4527-95dd-3a0fdf73af1d,"(1.5, 0.8, -2.8)",,,,,,,,,,,
TELEPORT,280196,5/9/2023 9:46,d347b967-5e20-4527-95dd-3a0fdf73af1d,"(2.1, 0.0, -3.3)",,,,,,,,,,,
PATIENT_ENGAGED,281363,5/9/2023 9:47,d347b967-5e20-4527-95dd-3a0fdf73af1d,100,Infinity,Mike_0 Root,"(3.0, 0.0, -5.3)","(0.0, 0.1, 0.0, -1.0)",MINIMAL,walker,normal,normal,normal,upset,standing
VOICE_CAPTURE,285627,5/9/2023 9:47,d347b967-5e20-4527-95dd-3a0fdf73af1d,are you hurt,NA,,,,,,,,,,
VOICE_COMMAND,285627,5/9/2023 9:47,d347b967-5e20-4527-95dd-3a0fdf73af1d,are you hurt,are you hurt,,,,,,,,,,
PULSE_TAKEN,285944,5/9/2023 9:47,d347b967-5e20-4527-95dd-3a0fdf73af1d,pulse_normal,Mike_0 Root,,,,,,,,,,
VOICE_CAPTURE,287410,5/9/2023 9:47,d347b967-5e20-4527-95dd-3a0fdf73af1d,are you hurt,NA,,,,,,,,,,
VOICE_COMMAND,287410,5/9/2023 9:47,d347b967-5e20-4527-95dd-3a0fdf73af1d,are you hurt,are you hurt,,,,,,,,,,
PULSE_TAKEN,288528,5/9/2023 9:47,d347b967-5e20-4527-95dd-3a0fdf73af1d,pulse_normal,Mike_0 Root,,,,,,,,,,
VOICE_CAPTURE,288927,5/9/2023 9:47,d347b967-5e20-4527-95dd-3a0fdf73af1d,are you hurt,NA,,,,,,,,,,
VOICE_COMMAND,288927,5/9/2023 9:47,d347b967-5e20-4527-95dd-3a0fdf73af1d,are you hurt,are you hurt,,,,,,,,,,
VOICE_CAPTURE,290734,5/9/2023 9:47,d347b967-5e20-4527-95dd-3a0fdf73af1d,are you hurt,NA,,,,,,,,,,
VOICE_COMMAND,290734,5/9/2023 9:47,d347b967-5e20-4527-95dd-3a0fdf73af1d,are you hurt,are you hurt,,,,,,,,,,
PULSE_TAKEN,291791,5/9/2023 9:47,d347b967-5e20-4527-95dd-3a0fdf73af1d,pulse_normal,Mike_0 Root,,,,,,,,,,
VOICE_CAPTURE,294349,5/9/2023 9:47,d347b967-5e20-4527-95dd-3a0fdf73af1d,show me,NA,,,,,,,,,,
VOICE_COMMAND,294349,5/9/2023 9:47,d347b967-5e20-4527-95dd-3a0fdf73af1d,reveal injury,show me,,,,,,,,,,
PULSE_TAKEN,296376,5/9/2023 9:47,d347b967-5e20-4527-95dd-3a0fdf73af1d,pulse_normal,Mike_0 Root,,,,,,,,,,
PULSE_TAKEN,296625,5/9/2023 9:47,d347b967-5e20-4527-95dd-3a0fdf73af1d,pulse_normal,Mike_0 Root,,,,,,,,,,
BAG_ACCESS,299519,5/9/2023 9:47,d347b967-5e20-4527-95dd-3a0fdf73af1d,"(3.7, 0.8, -5.0)",,,,,,,,,,,
TOOL_HOVER,300535,5/9/2023 9:47,d347b967-5e20-4527-95dd-3a0fdf73af1d,Gauze,999,,,,,,,,,,
TOOL_HOVER,300552,5/9/2023 9:47,d347b967-5e20-4527-95dd-3a0fdf73af1d,Gauze,999,,,,,,,,,,
TOOL_HOVER,300569,5/9/2023 9:47,d347b967-5e20-4527-95dd-3a0fdf73af1d,Gauze,999,,,,,,,,,,
TOOL_HOVER,300586,5/9/2023 9:47,d347b967-5e20-4527-95dd-3a0fdf73af1d,Gauze,999,,,,,,,,,,
TOOL_HOVER,300602,5/9/2023 9:47,d347b967-5e20-4527-95dd-3a0fdf73af1d,Gauze,999,,,,,,,,,,
TOOL_HOVER,300619,5/9/2023 9:47,d347b967-5e20-4527-95dd-3a0fdf73af1d,Gauze,999,,,,,,,,,,
TOOL_HOVER,300636,5/9/2023 9:47,d347b967-5e20-4527-95dd-3a0fdf73af1d,Gauze,999,,,,,,,,,,
TOOL_HOVER,300653,5/9/2023 9:47,d347b967-5e20-4527-95dd-3a0fdf73af1d,Gauze,999,,,,,,,,,,
TOOL_HOVER,300669,5/9/2023 9:47,d347b967-5e20-4527-95dd-3a0fdf73af1d,Gauze,999,,,,,,,,,,
TOOL_HOVER,300686,5/9/2023 9:47,d347b967-5e20-4527-95dd-3a0fdf73af1d,Gauze,999,,,,,,,,,,
TOOL_SELECTED,300687,5/9/2023 9:47,d347b967-5e20-4527-95dd-3a0fdf73af1d,Gauze,998,,,,,,,,,,
TOOL_DISCARDED,302503,5/9/2023 9:47,d347b967-5e20-4527-95dd-3a0fdf73af1d,Gauze,998,"(3.1, 1.0, -5.2)",,,,,,,,,
INJURY_TREATED,302503,5/9/2023 9:47,d347b967-5e20-4527-95dd-3a0fdf73af1d,R Forearm Laceration,Mike_0 Root,gauzePressure,low,rightArm,TRUE,FALSE,"(3.2, 1.0, -5.2)",,,,
TOOL_APPLIED,302503,5/9/2023 9:47,d347b967-5e20-4527-95dd-3a0fdf73af1d,Mike_0 Root,Gauze_Dressing,skinCollider_BodyCollideLOD (UnityEngine.GameObject),null,null,AppliedDressingGauze,,,,,,
TOOL_HOVER,305727,5/9/2023 9:47,d347b967-5e20-4527-95dd-3a0fdf73af1d,Hemostatic Gauze,999,,,,,,,,,,
TOOL_HOVER,305743,5/9/2023 9:47,d347b967-5e20-4527-95dd-3a0fdf73af1d,Hemostatic Gauze,999,,,,,,,,,,
TOOL_HOVER,305761,5/9/2023 9:47,d347b967-5e20-4527-95dd-3a0fdf73af1d,Hemostatic Gauze,999,,,,,,,,,,
TOOL_HOVER,305777,5/9/2023 9:47,d347b967-5e20-4527-95dd-3a0fdf73af1d,Hemostatic Gauze,999,,,,,,,,,,
TOOL_HOVER,305794,5/9/2023 9:47,d347b967-5e20-4527-95dd-3a0fdf73af1d,Hemostatic Gauze,999,,,,,,,,,,
TOOL_HOVER,305810,5/9/2023 9:47,d347b967-5e20-4527-95dd-3a0fdf73af1d,Hemostatic Gauze,999,,,,,,,,,,
TOOL_HOVER,305827,5/9/2023 9:47,d347b967-5e20-4527-95dd-3a0fdf73af1d,Hemostatic Gauze,999,,,,,,,,,,
TOOL_HOVER,305843,5/9/2023 9:47,d347b967-5e20-4527-95dd-3a0fdf73af1d,Hemostatic Gauze,999,,,,,,,,,,
TOOL_HOVER,305862,5/9/2023 9:47,d347b967-5e20-4527-95dd-3a0fdf73af1d,Hemostatic Gauze,999,,,,,,,,,,
TOOL_HOVER,305878,5/9/2023 9:47,d347b967-5e20-4527-95dd-3a0fdf73af1d,Hemostatic Gauze,999,,,,,,,,,,
TOOL_HOVER,305895,5/9/2023 9:47,d347b967-5e20-4527-95dd-3a0fdf73af1d,Hemostatic Gauze,999,,,,,,,,,,
TOOL_HOVER,305911,5/9/2023 9:47,d347b967-5e20-4527-95dd-3a0fdf73af1d,Hemostatic Gauze,999,,,,,,,,,,
TOOL_HOVER,305929,5/9/2023 9:47,d347b967-5e20-4527-95dd-3a0fdf73af1d,Hemostatic Gauze,999,,,,,,,,,,
TOOL_HOVER,305945,5/9/2023 9:47,d347b967-5e20-4527-95dd-3a0fdf73af1d,Hemostatic Gauze,999,,,,,,,,,,
TOOL_HOVER,305961,5/9/2023 9:47,d347b967-5e20-4527-95dd-3a0fdf73af1d,Hemostatic Gauze,999,,,,,,,,,,
TOOL_HOVER,305978,5/9/2023 9:47,d347b967-5e20-4527-95dd-3a0fdf73af1d,Hemostatic Gauze,999,,,,,,,,,,
TOOL_HOVER,305994,5/9/2023 9:47,d347b967-5e20-4527-95dd-3a0fdf73af1d,Hemostatic Gauze,999,,,,,,,,,,
TOOL_HOVER,306011,5/9/2023 9:47,d347b967-5e20-4527-95dd-3a0fdf73af1d,Hemostatic Gauze,999,,,,,,,,,,
VOICE_CAPTURE,306480,5/9/2023 9:47,d347b967-5e20-4527-95dd-3a0fdf73af1d,modbutton no,NA,,,,,,,,,,
VOICE_COMMAND,306480,5/9/2023 9:47,d347b967-5e20-4527-95dd-3a0fdf73af1d,modbutton no,modbutton no,,,,,,,,,,
VOICE_CAPTURE,307933,5/9/2023 9:47,d347b967-5e20-4527-95dd-3a0fdf73af1d,modbutton no,NA,,,,,,,,,,
VOICE_COMMAND,307933,5/9/2023 9:47,d347b967-5e20-4527-95dd-3a0fdf73af1d,modbutton no,modbutton no,,,,,,,,,,
VOICE_CAPTURE,309632,5/9/2023 9:47,d347b967-5e20-4527-95dd-3a0fdf73af1d,modbutton no,NA,,,,,,,,,,
VOICE_COMMAND,309632,5/9/2023 9:47,d347b967-5e20-4527-95dd-3a0fdf73af1d,modbutton no,modbutton no,,,,,,,,,,
TAG_SELECTED,319210,5/9/2023 9:47,d347b967-5e20-4527-95dd-3a0fdf73af1d,green,,,,,,,,,,,
TAG_APPLIED,321700,5/9/2023 9:47,d347b967-5e20-4527-95dd-3a0fdf73af1d,Mike_0 Root,green,,,,,,,,,,
BAG_CLOSED,329636,5/9/2023 9:47,d347b967-5e20-4527-95dd-3a0fdf73af1d,"(3.7, 0.8, -5.0)",,,,,,,,,,,
SESSION_END,344382,5/9/2023 9:48,d347b967-5e20-4527-95dd-3a0fdf73af1d,,,,,,,,,,,,
PATIENT_DEMOTED,365811,5/9/2023 9:48,d347b967-5e20-4527-95dd-3a0fdf73af1d,100,Infinity,Bob_0 Root,"(-1.4, 0.0, 5.6)","(0.0, 0.7, 0.0, 0.7)",EXPECTANT,still,faint,restricted,none,unresponsive,supine
PATIENT_DEMOTED,366022,5/9/2023 9:48,d347b967-5e20-4527-95dd-3a0fdf73af1d,100,Infinity,Bob_0 Root,"(-1.5, 0.0, 5.6)","(0.0, 0.7, 0.0, 0.7)",DEAD,still,none,none,none,dead,supine
PATIENT_DEMOTED,366154,5/9/2023 9:48,d347b967-5e20-4527-95dd-3a0fdf73af1d,100,Infinity,Gary_1 Root,"(1.7, 0.0, 7.4)","(0.0, 1.0, 0.0, 0.0)",EXPECTANT,still,faint,restricted,none,unresponsive,supine
PATIENT_DEMOTED,366890,5/9/2023 9:48,d347b967-5e20-4527-95dd-3a0fdf73af1d,100,Infinity,Lily_2 Root,"(2.8, 0.0, 4.3)","(0.0, 1.0, 0.0, 0.0)",IMMEDIATE,waver,fast,fast,normal,agony,fetal
PATIENT_DEMOTED,367573,5/9/2023 9:48,d347b967-5e20-4527-95dd-3a0fdf73af1d,100,0,Gary_3 Root,"(0.3, 0.0, 1.6)","(0.0, 0.0, 0.0, 1.0)",IMMEDIATE,still,faint,collapsedRight,normal,unresponsive,supine
PATIENT_DEMOTED,368151,5/9/2023 9:48,d347b967-5e20-4527-95dd-3a0fdf73af1d,100,Infinity,Lily_4 Root,"(1.2, 0.0, 6.3)","(0.0, 1.0, 0.0, 0.0)",IMMEDIATE,waver,fast,normal,normal,upset,fetal
PATIENT_DEMOTED,368987,5/9/2023 9:48,d347b967-5e20-4527-95dd-3a0fdf73af1d,100,Infinity,Mike_5 Root,"(2.4, 0.0, 2.3)","(0.0, 1.0, 0.0, 0.0)",IMMEDIATE,waver,fast,normal,normal,upset,fetal
PATIENT_DEMOTED,369545,5/9/2023 9:48,d347b967-5e20-4527-95dd-3a0fdf73af1d,100,Infinity,Gloria_6 Root,"(-1.0, 0.0, 2.9)","(0.0, 0.4, 0.0, 0.9)",DELAYED,waver,fast,normal,normal,upset,fetal
PATIENT_DEMOTED,370246,5/9/2023 9:48,d347b967-5e20-4527-95dd-3a0fdf73af1d,100,Infinity,Mike_7 Root,"(1.7, 0.0, 3.9)","(0.0, 0.1, 0.0, 1.0)",IMMEDIATE,waver,fast,normal,normal,upset,sittingGround
PATIENT_DEMOTED,370625,5/9/2023 9:48,d347b967-5e20-4527-95dd-3a0fdf73af1d,100,Infinity,Mike_7 Root,"(1.0, 0.0, 3.7)","(0.0, 0.1, 0.0, 1.0)",DELAYED,waver,fast,normal,normal,upset,sittingGround
SESSION_START,374161,5/9/2023 9:48,d347b967-5e20-4527-95dd-3a0fdf73af1d,,,,,,,,,,,,
PATIENT_RECORD,374162,5/9/2023 9:48,d347b967-5e20-4527-95dd-3a0fdf73af1d,100,Infinity,Bob_0 Root,"(-1.7, 0.0, 5.7)","(0.0, 0.7, 0.0, 0.7)",DEAD,still,none,none,none,dead,supine
INJURY_RECORD,374162,5/9/2023 9:48,d347b967-5e20-4527-95dd-3a0fdf73af1d,Face Shrapnel,Bob_0 Root,airway,high,head,FALSE,FALSE,"(-1.6, 1.7, 5.6)",,,,
INJURY_RECORD,374162,5/9/2023 9:48,d347b967-5e20-4527-95dd-3a0fdf73af1d,L Wrist Amputation,Bob_0 Root,tourniquet,high,leftArm,FALSE,FALSE,"(-1.7, 1.4, 6.3)",,,,
INJURY_RECORD,374162,5/9/2023 9:48,d347b967-5e20-4527-95dd-3a0fdf73af1d,L Chest Collapse,Bob_0 Root,decompress,high,chest,FALSE,FALSE,"(0.0, 0.0, 0.0)",,,,
INJURY_RECORD,374162,5/9/2023 9:48,d347b967-5e20-4527-95dd-3a0fdf73af1d,L Stomach Puncture,Bob_0 Root,woundpack,high,abdomen,FALSE,FALSE,"(-1.6, 1.1, 5.7)",,,,
INJURY_RECORD,374162,5/9/2023 9:48,d347b967-5e20-4527-95dd-3a0fdf73af1d,R Shin Amputation,Bob_0 Root,tourniquet,high,rightLeg,FALSE,FALSE,"(-1.7, 0.4, 5.6)",,,,
INJURY_RECORD,374162,5/9/2023 9:48,d347b967-5e20-4527-95dd-3a0fdf73af1d,L Thigh Laceration,Bob_0 Root,tourniquet,medium,leftLeg,FALSE,FALSE,"(-1.6, 0.7, 5.8)",,,,
PATIENT_RECORD,374162,5/9/2023 9:48,d347b967-5e20-4527-95dd-3a0fdf73af1d,100,Infinity,Gary_1 Root,"(1.6, 0.0, 7.6)","(0.0, 1.0, 0.0, 0.0)",EXPECTANT,still,none,restricted,none,unresponsive,supine
INJURY_RECORD,374162,5/9/2023 9:48,d347b967-5e20-4527-95dd-3a0fdf73af1d,Face Shrapnel,Gary_1 Root,airway,high,head,FALSE,FALSE,"(1.6, 1.7, 7.6)",,,,
PATIENT_RECORD,374162,5/9/2023 9:48,d347b967-5e20-4527-95dd-3a0fdf73af1d,100,Infinity,Lily_2 Root,"(3.0, 0.0, 4.5)","(0.0, 1.0, 0.0, 0.0)",IMMEDIATE,waver,fast,fast,normal,agony,fetal
INJURY_RECORD,374162,5/9/2023 9:48,d347b967-5e20-4527-95dd-3a0fdf73af1d,R Shin Amputation,Lily_2 Root,tourniquet,high,rightLeg,FALSE,FALSE,"(2.9, 0.4, 4.5)",,,,
PATIENT_RECORD,374162,5/9/2023 9:48,d347b967-5e20-4527-95dd-3a0fdf73af1d,100,0,Gary_3 Root,"(0.4, 0.0, 1.7)","(0.0, 0.0, 0.0, 1.0)",IMMEDIATE,still,faint,collapsedRight,normal,unresponsive,supine
INJURY_RECORD,374162,5/9/2023 9:48,d347b967-5e20-4527-95dd-3a0fdf73af1d,R Chest Collapse,Gary_3 Root,decompress,high,chest,FALSE,FALSE,"(0.0, 0.0, 0.0)",,,,
PATIENT_RECORD,374162,5/9/2023 9:48,d347b967-5e20-4527-95dd-3a0fdf73af1d,100,Infinity,Lily_4 Root,"(1.2, 0.0, 6.2)","(0.0, 1.0, 0.0, 0.0)",IMMEDIATE,waver,fast,normal,normal,upset,fetal
INJURY_RECORD,374162,5/9/2023 9:48,d347b967-5e20-4527-95dd-3a0fdf73af1d,L Side Puncture,Lily_4 Root,woundpack,medium,abdomen,FALSE,FALSE,"(1.3, 1.0, 6.2)",,,,
PATIENT_RECORD,374162,5/9/2023 9:48,d347b967-5e20-4527-95dd-3a0fdf73af1d,100,Infinity,Mike_5 Root,"(2.7, 0.0, 2.3)","(0.0, 1.0, 0.0, 0.0)",IMMEDIATE,waver,fast,normal,normal,upset,fetal
INJURY_RECORD,374162,5/9/2023 9:48,d347b967-5e20-4527-95dd-3a0fdf73af1d,R Side Puncture,Mike_5 Root,woundpack,medium,abdomen,FALSE,FALSE,"(2.6, 1.1, 2.2)",,,,
INJURY_RECORD,374162,5/9/2023 9:48,d347b967-5e20-4527-95dd-3a0fdf73af1d,R Thigh Laceration,Mike_5 Root,tourniquet,medium,rightLeg,FALSE,FALSE,"(2.5, 0.6, 2.2)",,,,
PATIENT_RECORD,374162,5/9/2023 9:48,d347b967-5e20-4527-95dd-3a0fdf73af1d,100,Infinity,Gloria_6 Root,"(-1.2, 0.0, 3.1)","(0.0, 0.4, 0.0, 0.9)",DELAYED,waver,fast,normal,normal,upset,fetal
INJURY_RECORD,374162,5/9/2023 9:48,d347b967-5e20-4527-95dd-3a0fdf73af1d,R Calf Shrapnel,Gloria_6 Root,gauzePressure,medium,rightLeg,FALSE,FALSE,"(-1.1, 0.3, 3.0)",,,,
PATIENT_RECORD,374162,5/9/2023 9:48,d347b967-5e20-4527-95dd-3a0fdf73af1d,100,Infinity,Mike_7 Root,"(1.3, 0.0, 3.4)","(0.0, 0.1, 0.0, 1.0)",DELAYED,waver,fast,normal,normal,upset,sittingGround
INJURY_RECORD,374162,5/9/2023 9:48,d347b967-5e20-4527-95dd-3a0fdf73af1d,L Thigh Puncture,Mike_7 Root,tourniquet,medium,leftLeg,FALSE,FALSE,"(1.3, 0.6, 3.5)",,,,
INJURY_RECORD,374162,5/9/2023 9:48,d347b967-5e20-4527-95dd-3a0fdf73af1d,R Calf Laceration,Mike_7 Root,gauzePressure,low,rightLeg,FALSE,FALSE,"(1.4, 0.3, 3.4)",,,,
PATIENT_RECORD,374162,5/9/2023 9:48,d347b967-5e20-4527-95dd-3a0fdf73af1d,100,Infinity,Gloria_8 Root,"(3.7, 0.0, 6.0)","(0.0, 1.0, 0.0, 0.0)",MINIMAL,walker,normal,normal,normal,upset,sittingGround
INJURY_RECORD,374162,5/9/2023 9:48,d347b967-5e20-4527-95dd-3a0fdf73af1d,L Forearm Laceration,Gloria_8 Root,gauzePressure,low,leftArm,FALSE,FALSE,"(4.2, 1.3, 6.0)",,,,
PATIENT_RECORD,374162,5/9/2023 9:48,d347b967-5e20-4527-95dd-3a0fdf73af1d,100,0,Gary_9 Root,"(2.9, 0.0, 9.0)","(0.0, 1.0, 0.0, 0.0)",MINIMAL,walker,normal,normal,limited,calm,standing
INJURY_RECORD,374162,5/9/2023 9:48,d347b967-5e20-4527-95dd-3a0fdf73af1d,Ear Bleed,Gary_9 Root,none,low,head,FALSE,FALSE,"(0.0, 0.0, 0.0)",,,,
PATIENT_RECORD,374162,5/9/2023 9:48,d347b967-5e20-4527-95dd-3a0fdf73af1d,100,Infinity,Helga_10 Root,"(3.9, 0.0, 8.0)","(0.0, 1.0, 0.0, 0.0)",MINIMAL,walker,normal,normal,normal,calm,sittingGround
INJURY_RECORD,374162,5/9/2023 9:48,d347b967-5e20-4527-95dd-3a0fdf73af1d,Forehead Scrape,Helga_10 Root,none,low,head,FALSE,FALSE,"(4.0, 1.5, 7.9)",,,,
VOICE_CAPTURE,380952,5/9/2023 9:48,d347b967-5e20-4527-95dd-3a0fdf73af1d,walk,NA,,,,,,,,,,
VOICE_COMMAND,380952,5/9/2023 9:48,d347b967-5e20-4527-95dd-3a0fdf73af1d,walk to the safe area,walk,,,,,,,,,,
S_A_L_T_WALK_IF_CAN,380952,5/9/2023 9:48,d347b967-5e20-4527-95dd-3a0fdf73af1d,"(3.0, 0.0, 4.5)",walkIfCan,Lily_2 Root,,,,,,,,,
S_A_L_T_WALK_IF_CAN,380952,5/9/2023 9:48,d347b967-5e20-4527-95dd-3a0fdf73af1d,"(1.2, 0.0, 6.2)",walkIfCan,Lily_4 Root,,,,,,,,,
S_A_L_T_WALK_IF_CAN,380952,5/9/2023 9:48,d347b967-5e20-4527-95dd-3a0fdf73af1d,"(2.7, 0.0, 2.3)",walkIfCan,Mike_5 Root,,,,,,,,,
S_A_L_T_WALK_IF_CAN,380952,5/9/2023 9:48,d347b967-5e20-4527-95dd-3a0fdf73af1d,"(-1.2, 0.0, 3.1)",walkIfCan,Gloria_6 Root,,,,,,,,,
S_A_L_T_WALK_IF_CAN,380952,5/9/2023 9:48,d347b967-5e20-4527-95dd-3a0fdf73af1d,"(1.3, 0.0, 3.4)",walkIfCan,Mike_7 Root,,,,,,,,,
S_A_L_T_WALK_IF_CAN,380952,5/9/2023 9:48,d347b967-5e20-4527-95dd-3a0fdf73af1d,"(3.7, 0.0, 6.0)",walkIfCan,Gloria_8 Root,,,,,,,,,
S_A_L_T_WALKED,380952,5/9/2023 9:48,d347b967-5e20-4527-95dd-3a0fdf73af1d,"(3.7, 0.0, 6.0)",walked,Gloria_8 Root,,,,,,,,,
S_A_L_T_WALK_IF_CAN,380952,5/9/2023 9:48,d347b967-5e20-4527-95dd-3a0fdf73af1d,"(3.9, 0.0, 8.0)",walkIfCan,Helga_10 Root,,,,,,,,,
S_A_L_T_WALKED,380952,5/9/2023 9:48,d347b967-5e20-4527-95dd-3a0fdf73af1d,"(3.9, 0.0, 8.0)",walked,Helga_10 Root,,,,,,,,,
VOICE_CAPTURE,387259,5/9/2023 9:48,d347b967-5e20-4527-95dd-3a0fdf73af1d,wave,NA,,,,,,,,,,
VOICE_COMMAND,387259,5/9/2023 9:48,d347b967-5e20-4527-95dd-3a0fdf73af1d,wave if you can,wave,,,,,,,,,,
S_A_L_T_WAVE_IF_CAN,387259,5/9/2023 9:48,d347b967-5e20-4527-95dd-3a0fdf73af1d,"(3.0, 0.0, 4.5)",waveIfCan,Lily_2 Root,,,,,,,,,
S_A_L_T_WAVED,387259,5/9/2023 9:48,d347b967-5e20-4527-95dd-3a0fdf73af1d,"(3.0, 0.0, 4.5)",waved,Lily_2 Root,,,,,,,,,
S_A_L_T_WAVE_IF_CAN,387259,5/9/2023 9:48,d347b967-5e20-4527-95dd-3a0fdf73af1d,"(1.2, 0.0, 6.2)",waveIfCan,Lily_4 Root,,,,,,,,,
S_A_L_T_WAVED,387259,5/9/2023 9:48,d347b967-5e20-4527-95dd-3a0fdf73af1d,"(1.2, 0.0, 6.2)",waved,Lily_4 Root,,,,,,,,,
S_A_L_T_WAVE_IF_CAN,387259,5/9/2023 9:48,d347b967-5e20-4527-95dd-3a0fdf73af1d,"(2.7, 0.0, 2.3)",waveIfCan,Mike_5 Root,,,,,,,,,
S_A_L_T_WAVED,387260,5/9/2023 9:48,d347b967-5e20-4527-95dd-3a0fdf73af1d,"(2.7, 0.0, 2.3)",waved,Mike_5 Root,,,,,,,,,
S_A_L_T_WAVE_IF_CAN,387260,5/9/2023 9:48,d347b967-5e20-4527-95dd-3a0fdf73af1d,"(-1.2, 0.0, 3.1)",waveIfCan,Gloria_6 Root,,,,,,,,,
S_A_L_T_WAVED,387260,5/9/2023 9:48,d347b967-5e20-4527-95dd-3a0fdf73af1d,"(-1.2, 0.0, 3.1)",waved,Gloria_6 Root,,,,,,,,,
S_A_L_T_WAVE_IF_CAN,387260,5/9/2023 9:48,d347b967-5e20-4527-95dd-3a0fdf73af1d,"(1.3, 0.0, 3.4)",waveIfCan,Mike_7 Root,,,,,,,,,
S_A_L_T_WAVED,387260,5/9/2023 9:48,d347b967-5e20-4527-95dd-3a0fdf73af1d,"(1.3, 0.0, 3.4)",waved,Mike_7 Root,,,,,,,,,
S_A_L_T_WAVE_IF_CAN,387260,5/9/2023 9:48,d347b967-5e20-4527-95dd-3a0fdf73af1d,"(4.3, 0.0, 1.7)",waveIfCan,Gloria_8 Root,,,,,,,,,
S_A_L_T_WAVE_IF_CAN,387260,5/9/2023 9:48,d347b967-5e20-4527-95dd-3a0fdf73af1d,"(2.3, 0.0, 3.5)",waveIfCan,Helga_10 Root,,,,,,,,,
S_A_L_T_WALK_IF_CAN,387276,5/9/2023 9:48,d347b967-5e20-4527-95dd-3a0fdf73af1d,"(3.0, 0.0, 4.5)",walkIfCan,Lily_2 Root,,,,,,,,,
S_A_L_T_WALK_IF_CAN,387276,5/9/2023 9:48,d347b967-5e20-4527-95dd-3a0fdf73af1d,"(1.2, 0.0, 6.2)",walkIfCan,Lily_4 Root,,,,,,,,,
S_A_L_T_WALK_IF_CAN,387276,5/9/2023 9:48,d347b967-5e20-4527-95dd-3a0fdf73af1d,"(2.7, 0.0, 2.3)",walkIfCan,Mike_5 Root,,,,,,,,,
S_A_L_T_WALK_IF_CAN,387276,5/9/2023 9:48,d347b967-5e20-4527-95dd-3a0fdf73af1d,"(1.3, 0.0, 3.4)",walkIfCan,Mike_7 Root,,,,,,,,,
S_A_L_T_WALK_IF_CAN,387276,5/9/2023 9:48,d347b967-5e20-4527-95dd-3a0fdf73af1d,"(4.3, 0.0, 1.7)",walkIfCan,Gloria_8 Root,,,,,,,,,
S_A_L_T_WALKED,387276,5/9/2023 9:48,d347b967-5e20-4527-95dd-3a0fdf73af1d,"(4.3, 0.0, 1.7)",walked,Gloria_8 Root,,,,,,,,,
S_A_L_T_WALK_IF_CAN,387276,5/9/2023 9:48,d347b967-5e20-4527-95dd-3a0fdf73af1d,"(2.3, 0.0, 3.5)",walkIfCan,Helga_10 Root,,,,,,,,,
S_A_L_T_WALKED,387276,5/9/2023 9:48,d347b967-5e20-4527-95dd-3a0fdf73af1d,"(2.3, 0.0, 3.5)",walked,Helga_10 Root,,,,,,,,,
VOICE_CAPTURE,389296,5/9/2023 9:48,d347b967-5e20-4527-95dd-3a0fdf73af1d,wave,NA,,,,,,,,,,
VOICE_COMMAND,389296,5/9/2023 9:48,d347b967-5e20-4527-95dd-3a0fdf73af1d,wave if you can,wave,,,,,,,,,,
S_A_L_T_WAVE_IF_CAN,389297,5/9/2023 9:48,d347b967-5e20-4527-95dd-3a0fdf73af1d,"(4.4, 0.0, -0.4)",waveIfCan,Gloria_8 Root,,,,,,,,,
S_A_L_T_WAVE_IF_CAN,389297,5/9/2023 9:48,d347b967-5e20-4527-95dd-3a0fdf73af1d,"(2.2, 0.0, 1.6)",waveIfCan,Helga_10 Root,,,,,,,,,
S_A_L_T_WALK_IF_CAN,389313,5/9/2023 9:48,d347b967-5e20-4527-95dd-3a0fdf73af1d,"(4.4, 0.0, -0.4)",walkIfCan,Gloria_8 Root,,,,,,,,,
S_A_L_T_WALKED,389314,5/9/2023 9:48,d347b967-5e20-4527-95dd-3a0fdf73af1d,"(4.4, 0.0, -0.4)",walked,Gloria_8 Root,,,,,,,,,
S_A_L_T_WALK_IF_CAN,389314,5/9/2023 9:48,d347b967-5e20-4527-95dd-3a0fdf73af1d,"(2.2, 0.0, 1.6)",walkIfCan,Helga_10 Root,,,,,,,,,
S_A_L_T_WALKED,389314,5/9/2023 9:48,d347b967-5e20-4527-95dd-3a0fdf73af1d,"(2.2, 0.0, 1.6)",walked,Helga_10 Root,,,,,,,,,
VOICE_CAPTURE,391241,5/9/2023 9:48,d347b967-5e20-4527-95dd-3a0fdf73af1d,wave,NA,,,,,,,,,,
VOICE_COMMAND,391241,5/9/2023 9:48,d347b967-5e20-4527-95dd-3a0fdf73af1d,wave if you can,wave,,,,,,,,,,
S_A_L_T_WAVE_IF_CAN,391242,5/9/2023 9:48,d347b967-5e20-4527-95dd-3a0fdf73af1d,"(4.3, 0.0, -2.4)",waveIfCan,Gloria_8 Root,,,,,,,,,
S_A_L_T_WAVE_IF_CAN,391242,5/9/2023 9:48,d347b967-5e20-4527-95dd-3a0fdf73af1d,"(2.7, 0.0, -0.4)",waveIfCan,Helga_10 Root,,,,,,,,,
S_A_L_T_WALK_IF_CAN,391259,5/9/2023 9:48,d347b967-5e20-4527-95dd-3a0fdf73af1d,"(4.3, 0.0, -2.4)",walkIfCan,Gloria_8 Root,,,,,,,,,
S_A_L_T_WALKED,391259,5/9/2023 9:48,d347b967-5e20-4527-95dd-3a0fdf73af1d,"(4.3, 0.0, -2.4)",walked,Gloria_8 Root,,,,,,,,,
S_A_L_T_WALK_IF_CAN,391259,5/9/2023 9:48,d347b967-5e20-4527-95dd-3a0fdf73af1d,"(2.7, 0.0, -0.4)",walkIfCan,Helga_10 Root,,,,,,,,,
S_A_L_T_WALKED,391259,5/9/2023 9:48,d347b967-5e20-4527-95dd-3a0fdf73af1d,"(2.7, 0.0, -0.4)",walked,Helga_10 Root,,,,,,,,,
VOICE_CAPTURE,392593,5/9/2023 9:48,d347b967-5e20-4527-95dd-3a0fdf73af1d,wave,NA,,,,,,,,,,
VOICE_COMMAND,392593,5/9/2023 9:48,d347b967-5e20-4527-95dd-3a0fdf73af1d,wave if you can,wave,,,,,,,,,,
S_A_L_T_WAVE_IF_CAN,392594,5/9/2023 9:48,d347b967-5e20-4527-95dd-3a0fdf73af1d,"(-1.2, 0.0, 3.1)",waveIfCan,Gloria_6 Root,,,,,,,,,
S_A_L_T_WAVED,392594,5/9/2023 9:48,d347b967-5e20-4527-95dd-3a0fdf73af1d,"(-1.2, 0.0, 3.1)",waved,Gloria_6 Root,,,,,,,,,
S_A_L_T_WAVE_IF_CAN,392594,5/9/2023 9:48,d347b967-5e20-4527-95dd-3a0fdf73af1d,"(4.3, 0.0, -2.6)",waveIfCan,Gloria_8 Root,,,,,,,,,
S_A_L_T_WAVED,392594,5/9/2023 9:48,d347b967-5e20-4527-95dd-3a0fdf73af1d,"(4.3, 0.0, -2.6)",waved,Gloria_8 Root,,,,,,,,,
S_A_L_T_WAVE_IF_CAN,392594,5/9/2023 9:48,d347b967-5e20-4527-95dd-3a0fdf73af1d,"(3.1, 0.0, -1.7)",waveIfCan,Helga_10 Root,,,,,,,,,
S_A_L_T_WALK_IF_CAN,392610,5/9/2023 9:48,d347b967-5e20-4527-95dd-3a0fdf73af1d,"(4.3, 0.0, -2.6)",walkIfCan,Gloria_8 Root,,,,,,,,,
S_A_L_T_WALKED,392610,5/9/2023 9:48,d347b967-5e20-4527-95dd-3a0fdf73af1d,"(4.3, 0.0, -2.6)",walked,Gloria_8 Root,,,,,,,,,
S_A_L_T_WALK_IF_CAN,392610,5/9/2023 9:48,d347b967-5e20-4527-95dd-3a0fdf73af1d,"(3.1, 0.0, -1.7)",walkIfCan,Helga_10 Root,,,,,,,,,
S_A_L_T_WALKED,392610,5/9/2023 9:48,d347b967-5e20-4527-95dd-3a0fdf73af1d,"(3.1, 0.0, -1.7)",walked,Helga_10 Root,,,,,,,,,
VOICE_CAPTURE,396503,5/9/2023 9:48,d347b967-5e20-4527-95dd-3a0fdf73af1d,wave,NA,,,,,,,,,,
VOICE_COMMAND,396503,5/9/2023 9:48,d347b967-5e20-4527-95dd-3a0fdf73af1d,wave if you can,wave,,,,,,,,,,
S_A_L_T_WAVE_IF_CAN,396504,5/9/2023 9:48,d347b967-5e20-4527-95dd-3a0fdf73af1d,"(3.0, 0.0, 4.5)",waveIfCan,Lily_2 Root,,,,,,,,,
S_A_L_T_WAVED,396504,5/9/2023 9:48,d347b967-5e20-4527-95dd-3a0fdf73af1d,"(3.0, 0.0, 4.5)",waved,Lily_2 Root,,,,,,,,,
S_A_L_T_WAVE_IF_CAN,396504,5/9/2023 9:48,d347b967-5e20-4527-95dd-3a0fdf73af1d,"(1.2, 0.0, 6.2)",waveIfCan,Lily_4 Root,,,,,,,,,
S_A_L_T_WAVED,396504,5/9/2023 9:48,d347b967-5e20-4527-95dd-3a0fdf73af1d,"(1.2, 0.0, 6.2)",waved,Lily_4 Root,,,,,,,,,
S_A_L_T_WAVE_IF_CAN,396504,5/9/2023 9:48,d347b967-5e20-4527-95dd-3a0fdf73af1d,"(2.7, 0.0, 2.3)",waveIfCan,Mike_5 Root,,,,,,,,,
S_A_L_T_WAVED,396504,5/9/2023 9:48,d347b967-5e20-4527-95dd-3a0fdf73af1d,"(2.7, 0.0, 2.3)",waved,Mike_5 Root,,,,,,,,,
S_A_L_T_WAVE_IF_CAN,396504,5/9/2023 9:48,d347b967-5e20-4527-95dd-3a0fdf73af1d,"(1.3, 0.0, 3.4)",waveIfCan,Mike_7 Root,,,,,,,,,
S_A_L_T_WAVED,396504,5/9/2023 9:48,d347b967-5e20-4527-95dd-3a0fdf73af1d,"(1.3, 0.0, 3.4)",waved,Mike_7 Root,,,,,,,,,
S_A_L_T_WAVE_IF_CAN,396504,5/9/2023 9:48,d347b967-5e20-4527-95dd-3a0fdf73af1d,"(3.4, 0.0, -2.8)",waveIfCan,Helga_10 Root,,,,,,,,,
S_A_L_T_WAVED,396504,5/9/2023 9:48,d347b967-5e20-4527-95dd-3a0fdf73af1d,"(3.4, 0.0, -2.8)",waved,Helga_10 Root,,,,,,,,,
S_A_L_T_WALK_IF_CAN,396519,5/9/2023 9:48,d347b967-5e20-4527-95dd-3a0fdf73af1d,"(4.4, 0.0, -2.4)",walkIfCan,Gloria_8 Root,,,,,,,,,
S_A_L_T_WALKED,396519,5/9/2023 9:48,d347b967-5e20-4527-95dd-3a0fdf73af1d,"(4.4, 0.0, -2.4)",walked,Gloria_8 Root,,,,,,,,,
S_A_L_T_WALK_IF_CAN,396519,5/9/2023 9:48,d347b967-5e20-4527-95dd-3a0fdf73af1d,"(3.4, 0.0, -2.8)",walkIfCan,Helga_10 Root,,,,,,,,,
S_A_L_T_WALKED,396519,5/9/2023 9:48,d347b967-5e20-4527-95dd-3a0fdf73af1d,"(3.4, 0.0, -2.8)",walked,Helga_10 Root,,,,,,,,,
TELEPORT,398452,5/9/2023 9:48,d347b967-5e20-4527-95dd-3a0fdf73af1d,"(0.8, 0.0, -2.3)",,,,,,,,,,,
PATIENT_ENGAGED,405623,5/9/2023 9:49,d347b967-5e20-4527-95dd-3a0fdf73af1d,100,Infinity,Gary_1 Root,"(1.6, 0.0, 7.6)","(0.0, 1.0, 0.0, 0.0)",EXPECTANT,still,none,restricted,none,unresponsive,supine
PULSE_TAKEN,405789,5/9/2023 9:49,d347b967-5e20-4527-95dd-3a0fdf73af1d,pulse_none,Gary_1 Root,,,,,,,,,,
PULSE_TAKEN,408311,5/9/2023 9:49,d347b967-5e20-4527-95dd-3a0fdf73af1d,pulse_none,Gary_1 Root,,,,,,,,,,
PULSE_TAKEN,416504,5/9/2023 9:49,d347b967-5e20-4527-95dd-3a0fdf73af1d,pulse_none,Gary_1 Root,,,,,,,,,,
TOOL_HOVER,420291,5/9/2023 9:49,d347b967-5e20-4527-95dd-3a0fdf73af1d,Tourniquet,998,,,,,,,,,,
TOOL_HOVER,420307,5/9/2023 9:49,d347b967-5e20-4527-95dd-3a0fdf73af1d,Tourniquet,998,,,,,,,,,,
TOOL_HOVER,420322,5/9/2023 9:49,d347b967-5e20-4527-95dd-3a0fdf73af1d,Tourniquet,998,,,,,,,,,,
TOOL_HOVER,420338,5/9/2023 9:49,d347b967-5e20-4527-95dd-3a0fdf73af1d,Tourniquet,998,,,,,,,,,,
TOOL_HOVER,420356,5/9/2023 9:49,d347b967-5e20-4527-95dd-3a0fdf73af1d,Tourniquet,998,,,,,,,,,,
TOOL_HOVER,420373,5/9/2023 9:49,d347b967-5e20-4527-95dd-3a0fdf73af1d,Tourniquet,998,,,,,,,,,,
TOOL_HOVER,420389,5/9/2023 9:49,d347b967-5e20-4527-95dd-3a0fdf73af1d,Gauze,999,,,,,,,,,,
TOOL_HOVER,420406,5/9/2023 9:49,d347b967-5e20-4527-95dd-3a0fdf73af1d,Gauze,999,,,,,,,,,,
TOOL_HOVER,420421,5/9/2023 9:49,d347b967-5e20-4527-95dd-3a0fdf73af1d,Gauze,999,,,,,,,,,,
TOOL_HOVER,420440,5/9/2023 9:49,d347b967-5e20-4527-95dd-3a0fdf73af1d,Gauze,999,,,,,,,,,,
TOOL_HOVER,420455,5/9/2023 9:49,d347b967-5e20-4527-95dd-3a0fdf73af1d,Gauze,999,,,,,,,,,,
TOOL_HOVER,420472,5/9/2023 9:49,d347b967-5e20-4527-95dd-3a0fdf73af1d,Gauze,999,,,,,,,,,,
BAG_ACCESS,421850,5/9/2023 9:49,d347b967-5e20-4527-95dd-3a0fdf73af1d,"(0.8, 0.4, 7.6)",,,,,,,,,,,
TAG_SELECTED,425999,5/9/2023 9:49,d347b967-5e20-4527-95dd-3a0fdf73af1d,gray,,,,,,,,,,,
TAG_APPLIED,427968,5/9/2023 9:49,d347b967-5e20-4527-95dd-3a0fdf73af1d,Gary_1 Root,gray,,,,,,,,,,
BAG_CLOSED,430059,5/9/2023 9:49,d347b967-5e20-4527-95dd-3a0fdf73af1d,"(0.8, 0.4, 7.6)",,,,,,,,,,,
PATIENT_ENGAGED,444472,5/9/2023 9:49,d347b967-5e20-4527-95dd-3a0fdf73af1d,100,Infinity,Lily_4 Root,"(1.2, 0.0, 6.2)","(0.0, 1.0, 0.0, 0.0)",IMMEDIATE,waver,fast,normal,normal,upset,fetal
TELEPORT,446007,5/9/2023 9:49,d347b967-5e20-4527-95dd-3a0fdf73af1d,"(1.5, 0.0, 7.9)",,,,,,,,,,,
PATIENT_ENGAGED,449441,5/9/2023 9:49,d347b967-5e20-4527-95dd-3a0fdf73af1d,100,Infinity,Mike_5 Root,"(2.7, 0.0, 2.3)","(0.0, 1.0, 0.0, 0.0)",IMMEDIATE,waver,fast,normal,normal,upset,fetal
PULSE_TAKEN,453236,5/9/2023 9:49,d347b967-5e20-4527-95dd-3a0fdf73af1d,pulse_fast,Lily_2 Root,,,,,,,,,,
PATIENT_ENGAGED,454063,5/9/2023 9:49,d347b967-5e20-4527-95dd-3a0fdf73af1d,100,Infinity,Lily_2 Root,"(3.0, 0.0, 4.5)","(0.0, 1.0, 0.0, 0.0)",IMMEDIATE,waver,fast,fast,normal,agony,fetal
PULSE_TAKEN,454080,5/9/2023 9:49,d347b967-5e20-4527-95dd-3a0fdf73af1d,pulse_fast,Lily_2 Root,,,,,,,,,,
BAG_ACCESS,458731,5/9/2023 9:49,d347b967-5e20-4527-95dd-3a0fdf73af1d,"(3.6, 0.4, 4.0)",,,,,,,,,,,
TOOL_HOVER,460022,5/9/2023 9:49,d347b967-5e20-4527-95dd-3a0fdf73af1d,Tourniquet,998,,,,,,,,,,
TOOL_HOVER,460039,5/9/2023 9:49,d347b967-5e20-4527-95dd-3a0fdf73af1d,Tourniquet,998,,,,,,,,,,
TOOL_HOVER,460055,5/9/2023 9:49,d347b967-5e20-4527-95dd-3a0fdf73af1d,Tourniquet,998,,,,,,,,,,
TOOL_HOVER,460071,5/9/2023 9:49,d347b967-5e20-4527-95dd-3a0fdf73af1d,Tourniquet,998,,,,,,,,,,
TOOL_HOVER,460088,5/9/2023 9:49,d347b967-5e20-4527-95dd-3a0fdf73af1d,Tourniquet,998,,,,,,,,,,
TOOL_HOVER,460105,5/9/2023 9:49,d347b967-5e20-4527-95dd-3a0fdf73af1d,Tourniquet,998,,,,,,,,,,
TOOL_HOVER,460122,5/9/2023 9:49,d347b967-5e20-4527-95dd-3a0fdf73af1d,Tourniquet,998,,,,,,,,,,
TOOL_HOVER,460139,5/9/2023 9:49,d347b967-5e20-4527-95dd-3a0fdf73af1d,Tourniquet,998,,,,,,,,,,
TOOL_HOVER,460155,5/9/2023 9:49,d347b967-5e20-4527-95dd-3a0fdf73af1d,Tourniquet,998,,,,,,,,,,
TOOL_HOVER,460172,5/9/2023 9:49,d347b967-5e20-4527-95dd-3a0fdf73af1d,Tourniquet,998,,,,,,,,,,
TOOL_HOVER,460189,5/9/2023 9:49,d347b967-5e20-4527-95dd-3a0fdf73af1d,Tourniquet,998,,,,,,,,,,
TOOL_HOVER,460205,5/9/2023 9:49,d347b967-5e20-4527-95dd-3a0fdf73af1d,Tourniquet,998,,,,,,,,,,
TOOL_HOVER,460222,5/9/2023 9:49,d347b967-5e20-4527-95dd-3a0fdf73af1d,Tourniquet,998,,,,,,,,,,
TOOL_SELECTED,460223,5/9/2023 9:49,d347b967-5e20-4527-95dd-3a0fdf73af1d,Tourniquet,997,,,,,,,,,,
INJURY_TREATED,461755,5/9/2023 9:50,d347b967-5e20-4527-95dd-3a0fdf73af1d,R Shin Amputation,Lily_2 Root,tourniquet,high,rightLeg,TRUE,FALSE,"(3.3, 0.1, 4.2)",,,,
TOOL_APPLIED,461755,5/9/2023 9:50,d347b967-5e20-4527-95dd-3a0fdf73af1d,Lily_2 Root,Tourniquet,RightUpLeg (UnityEngine.GameObject),tor_ring (1) (UnityEngine.GameObject),tourniquet(Clone) (UnityEngine.GameObject),AppliedTourniquet,,,,,,
TAG_SELECTED,463981,5/9/2023 9:50,d347b967-5e20-4527-95dd-3a0fdf73af1d,red,,,,,,,,,,,
VOICE_CAPTURE,468313,5/9/2023 9:50,d347b967-5e20-4527-95dd-3a0fdf73af1d,modbutton yes,NA,,,,,,,,,,
VOICE_COMMAND,468313,5/9/2023 9:50,d347b967-5e20-4527-95dd-3a0fdf73af1d,modbutton yes,modbutton yes,,,,,,,,,,
TAG_APPLIED,472136,5/9/2023 9:50,d347b967-5e20-4527-95dd-3a0fdf73af1d,Lily_2 Root,red,,,,,,,,,,
BAG_CLOSED,474790,5/9/2023 9:50,d347b967-5e20-4527-95dd-3a0fdf73af1d,"(3.6, 0.4, 4.0)",,,,,,,,,,,
VOICE_CAPTURE,478534,5/9/2023 9:50,d347b967-5e20-4527-95dd-3a0fdf73af1d,are you hurt,NA,,,,,,,,,,
VOICE_COMMAND,478534,5/9/2023 9:50,d347b967-5e20-4527-95dd-3a0fdf73af1d,are you hurt,are you hurt,,,,,,,,,,
TELEPORT,482809,5/9/2023 9:50,d347b967-5e20-4527-95dd-3a0fdf73af1d,"(3.3, 0.0, 5.0)",,,,,,,,,,,
PATIENT_ENGAGED,486031,5/9/2023 9:50,d347b967-5e20-4527-95dd-3a0fdf73af1d,100,0,Gary_3 Root,"(0.4, 0.0, 1.7)","(0.0, 0.0, 0.0, 1.0)",IMMEDIATE,still,faint,collapsedRight,normal,unresponsive,supine
PULSE_TAKEN,488697,5/9/2023 9:50,d347b967-5e20-4527-95dd-3a0fdf73af1d,pulse_faint,Gary_3 Root,,,,,,,,,,
PULSE_TAKEN,488780,5/9/2023 9:50,d347b967-5e20-4527-95dd-3a0fdf73af1d,pulse_faint,Gary_3 Root,,,,,,,,,,
BAG_ACCESS,492499,5/9/2023 9:50,d347b967-5e20-4527-95dd-3a0fdf73af1d,"(0.6, 0.5, 0.9)",,,,,,,,,,,
TOOL_HOVER,493032,5/9/2023 9:50,d347b967-5e20-4527-95dd-3a0fdf73af1d,Hemostatic Gauze,999,,,,,,,,,,
TOOL_HOVER,493049,5/9/2023 9:50,d347b967-5e20-4527-95dd-3a0fdf73af1d,Hemostatic Gauze,999,,,,,,,,,,
TOOL_HOVER,493066,5/9/2023 9:50,d347b967-5e20-4527-95dd-3a0fdf73af1d,Hemostatic Gauze,999,,,,,,,,,,
TOOL_HOVER,493082,5/9/2023 9:50,d347b967-5e20-4527-95dd-3a0fdf73af1d,Hemostatic Gauze,999,,,,,,,,,,
TOOL_HOVER,493099,5/9/2023 9:50,d347b967-5e20-4527-95dd-3a0fdf73af1d,Hemostatic Gauze,999,,,,,,,,,,
TOOL_HOVER,493116,5/9/2023 9:50,d347b967-5e20-4527-95dd-3a0fdf73af1d,Hemostatic Gauze,999,,,,,,,,,,
TOOL_HOVER,493131,5/9/2023 9:50,d347b967-5e20-4527-95dd-3a0fdf73af1d,Hemostatic Gauze,999,,,,,,,,,,
TOOL_HOVER,493159,5/9/2023 9:50,d347b967-5e20-4527-95dd-3a0fdf73af1d,Hemostatic Gauze,999,,,,,,,,,,
TOOL_HOVER,493180,5/9/2023 9:50,d347b967-5e20-4527-95dd-3a0fdf73af1d,Hemostatic Gauze,999,,,,,,,,,,
TOOL_HOVER,493188,5/9/2023 9:50,d347b967-5e20-4527-95dd-3a0fdf73af1d,Hemostatic Gauze,999,,,,,,,,,,
TOOL_HOVER,493205,5/9/2023 9:50,d347b967-5e20-4527-95dd-3a0fdf73af1d,Hemostatic Gauze,999,,,,,,,,,,
TOOL_HOVER,493221,5/9/2023 9:50,d347b967-5e20-4527-95dd-3a0fdf73af1d,Hemostatic Gauze,999,,,,,,,,,,
TOOL_HOVER,493237,5/9/2023 9:50,d347b967-5e20-4527-95dd-3a0fdf73af1d,Hemostatic Gauze,999,,,,,,,,,,
TOOL_HOVER,493254,5/9/2023 9:50,d347b967-5e20-4527-95dd-3a0fdf73af1d,Hemostatic Gauze,999,,,,,,,,,,
TOOL_HOVER,493271,5/9/2023 9:50,d347b967-5e20-4527-95dd-3a0fdf73af1d,Hemostatic Gauze,999,,,,,,,,,,
TOOL_HOVER,493288,5/9/2023 9:50,d347b967-5e20-4527-95dd-3a0fdf73af1d,Hemostatic Gauze,999,,,,,,,,,,
TOOL_HOVER,493304,5/9/2023 9:50,d347b967-5e20-4527-95dd-3a0fdf73af1d,Hemostatic Gauze,999,,,,,,,,,,
TOOL_HOVER,493618,5/9/2023 9:50,d347b967-5e20-4527-95dd-3a0fdf73af1d,Hemostatic Gauze,999,,,,,,,,,,
TOOL_HOVER,493623,5/9/2023 9:50,d347b967-5e20-4527-95dd-3a0fdf73af1d,Hemostatic Gauze,999,,,,,,,,,,
TOOL_HOVER,493641,5/9/2023 9:50,d347b967-5e20-4527-95dd-3a0fdf73af1d,Hemostatic Gauze,999,,,,,,,,,,
TOOL_HOVER,493658,5/9/2023 9:50,d347b967-5e20-4527-95dd-3a0fdf73af1d,Hemostatic Gauze,999,,,,,,,,,,
TOOL_HOVER,493675,5/9/2023 9:50,d347b967-5e20-4527-95dd-3a0fdf73af1d,Hemostatic Gauze,999,,,,,,,,,,
TOOL_HOVER,493691,5/9/2023 9:50,d347b967-5e20-4527-95dd-3a0fdf73af1d,Hemostatic Gauze,999,,,,,,,,,,
TOOL_HOVER,493708,5/9/2023 9:50,d347b967-5e20-4527-95dd-3a0fdf73af1d,Hemostatic Gauze,999,,,,,,,,,,
TOOL_HOVER,493724,5/9/2023 9:50,d347b967-5e20-4527-95dd-3a0fdf73af1d,Needle,998,,,,,,,,,,
TOOL_HOVER,493741,5/9/2023 9:50,d347b967-5e20-4527-95dd-3a0fdf73af1d,Needle,998,,,,,,,,,,
TOOL_HOVER,493764,5/9/2023 9:50,d347b967-5e20-4527-95dd-3a0fdf73af1d,Needle,998,,,,,,,,,,
TOOL_HOVER,493774,5/9/2023 9:50,d347b967-5e20-4527-95dd-3a0fdf73af1d,Needle,998,,,,,,,,,,
TOOL_HOVER,493791,5/9/2023 9:50,d347b967-5e20-4527-95dd-3a0fdf73af1d,Needle,998,,,,,,,,,,
TOOL_HOVER,493808,5/9/2023 9:50,d347b967-5e20-4527-95dd-3a0fdf73af1d,Needle,998,,,,,,,,,,
TOOL_HOVER,495717,5/9/2023 9:50,d347b967-5e20-4527-95dd-3a0fdf73af1d,Hemostatic Gauze,999,,,,,,,,,,
TOOL_HOVER,495734,5/9/2023 9:50,d347b967-5e20-4527-95dd-3a0fdf73af1d,Hemostatic Gauze,999,,,,,,,,,,
TOOL_HOVER,495750,5/9/2023 9:50,d347b967-5e20-4527-95dd-3a0fdf73af1d,Hemostatic Gauze,999,,,,,,,,,,
TOOL_HOVER,495767,5/9/2023 9:50,d347b967-5e20-4527-95dd-3a0fdf73af1d,Hemostatic Gauze,999,,,,,,,,,,
TOOL_HOVER,495784,5/9/2023 9:50,d347b967-5e20-4527-95dd-3a0fdf73af1d,Hemostatic Gauze,999,,,,,,,,,,
TOOL_HOVER,495800,5/9/2023 9:50,d347b967-5e20-4527-95dd-3a0fdf73af1d,Hemostatic Gauze,999,,,,,,,,,,
TOOL_HOVER,495817,5/9/2023 9:50,d347b967-5e20-4527-95dd-3a0fdf73af1d,Hemostatic Gauze,999,,,,,,,,,,
TOOL_HOVER,495833,5/9/2023 9:50,d347b967-5e20-4527-95dd-3a0fdf73af1d,Hemostatic Gauze,999,,,,,,,,,,
TOOL_HOVER,495850,5/9/2023 9:50,d347b967-5e20-4527-95dd-3a0fdf73af1d,Hemostatic Gauze,999,,,,,,,,,,
TOOL_HOVER,495867,5/9/2023 9:50,d347b967-5e20-4527-95dd-3a0fdf73af1d,Hemostatic Gauze,999,,,,,,,,,,
TOOL_HOVER,495883,5/9/2023 9:50,d347b967-5e20-4527-95dd-3a0fdf73af1d,Hemostatic Gauze,999,,,,,,,,,,
TOOL_HOVER,495900,5/9/2023 9:50,d347b967-5e20-4527-95dd-3a0fdf73af1d,Hemostatic Gauze,999,,,,,,,,,,
TOOL_HOVER,495917,5/9/2023 9:50,d347b967-5e20-4527-95dd-3a0fdf73af1d,Needle,998,,,,,,,,,,
TOOL_HOVER,495933,5/9/2023 9:50,d347b967-5e20-4527-95dd-3a0fdf73af1d,Needle,998,,,,,,,,,,
TOOL_HOVER,495950,5/9/2023 9:50,d347b967-5e20-4527-95dd-3a0fdf73af1d,Needle,998,,,,,,,,,,
TOOL_HOVER,495966,5/9/2023 9:50,d347b967-5e20-4527-95dd-3a0fdf73af1d,Needle,998,,,,,,,,,,
TOOL_HOVER,495983,5/9/2023 9:50,d347b967-5e20-4527-95dd-3a0fdf73af1d,Needle,998,,,,,,,,,,
TOOL_HOVER,495999,5/9/2023 9:50,d347b967-5e20-4527-95dd-3a0fdf73af1d,Needle,998,,,,,,,,,,
TOOL_HOVER,496020,5/9/2023 9:50,d347b967-5e20-4527-95dd-3a0fdf73af1d,Needle,998,,,,,,,,,,
TOOL_HOVER,496033,5/9/2023 9:50,d347b967-5e20-4527-95dd-3a0fdf73af1d,Needle,998,,,,,,,,,,
TOOL_HOVER,496050,5/9/2023 9:50,d347b967-5e20-4527-95dd-3a0fdf73af1d,Needle,998,,,,,,,,,,
TOOL_HOVER,496066,5/9/2023 9:50,d347b967-5e20-4527-95dd-3a0fdf73af1d,Needle,998,,,,,,,,,,
TOOL_HOVER,496083,5/9/2023 9:50,d347b967-5e20-4527-95dd-3a0fdf73af1d,Needle,998,,,,,,,,,,
TOOL_HOVER,496100,5/9/2023 9:50,d347b967-5e20-4527-95dd-3a0fdf73af1d,Needle,998,,,,,,,,,,
TOOL_HOVER,496116,5/9/2023 9:50,d347b967-5e20-4527-95dd-3a0fdf73af1d,Needle,998,,,,,,,,,,
TOOL_HOVER,496133,5/9/2023 9:50,d347b967-5e20-4527-95dd-3a0fdf73af1d,Needle,998,,,,,,,,,,
TOOL_SELECTED,496133,5/9/2023 9:50,d347b967-5e20-4527-95dd-3a0fdf73af1d,Needle,997,,,,,,,,,,
INJURY_TREATED,498625,5/9/2023 9:50,d347b967-5e20-4527-95dd-3a0fdf73af1d,R Chest Collapse,Gary_3 Root,decompress,high,chest,TRUE,FALSE,"(0.0, 0.0, 0.0)",,,,
TOOL_APPLIED,498625,5/9/2023 9:50,d347b967-5e20-4527-95dd-3a0fdf73af1d,Needle_Decomp(Clone),Needle,RChest_Breathe1 (UnityEngine.GameObject),cath_needle (UnityEngine.GameObject),right_chest,Needle_Decomp(Clone) (UnityEngine.GameObject),AppliedDecompNeedle,,,,,
TAG_SELECTED,503297,5/9/2023 9:50,d347b967-5e20-4527-95dd-3a0fdf73af1d,red,,,,,,,,,,,
TAG_APPLIED,504820,5/9/2023 9:50,d347b967-5e20-4527-95dd-3a0fdf73af1d,Gary_3 Root,red,,,,,,,,,,
BAG_CLOSED,506271,5/9/2023 9:50,d347b967-5e20-4527-95dd-3a0fdf73af1d,"(0.6, 0.5, 0.9)",,,,,,,,,,,
TELEPORT,513753,5/9/2023 9:50,d347b967-5e20-4527-95dd-3a0fdf73af1d,"(0.1, 0.0, 2.6)",,,,,,,,,,,
TELEPORT,519073,5/9/2023 9:50,d347b967-5e20-4527-95dd-3a0fdf73af1d,"(0.1, 0.0, 2.6)",,,,,,,,,,,
TELEPORT,520623,5/9/2023 9:50,d347b967-5e20-4527-95dd-3a0fdf73af1d,"(0.1, 0.0, 2.6)",,,,,,,,,,,
PATIENT_ENGAGED,522489,5/9/2023 9:51,d347b967-5e20-4527-95dd-3a0fdf73af1d,100,Infinity,Gloria_6 Root,"(-1.2, 0.0, 3.1)","(0.0, 0.4, 0.0, 0.9)",DELAYED,waver,fast,normal,normal,upset,fetal
PULSE_TAKEN,526392,5/9/2023 9:51,d347b967-5e20-4527-95dd-3a0fdf73af1d,pulse_fast,Gloria_6 Root,,,,,,,,,,
VOICE_CAPTURE,529342,5/9/2023 9:51,d347b967-5e20-4527-95dd-3a0fdf73af1d,modbutton yes,NA,,,,,,,,,,
VOICE_COMMAND,529342,5/9/2023 9:51,d347b967-5e20-4527-95dd-3a0fdf73af1d,modbutton yes,modbutton yes,,,,,,,,,,
BAG_ACCESS,535427,5/9/2023 9:51,d347b967-5e20-4527-95dd-3a0fdf73af1d,"(-1.3, 0.5, 3.4)",,,,,,,,,,,
BAG_CLOSED,536247,5/9/2023 9:51,d347b967-5e20-4527-95dd-3a0fdf73af1d,"(-1.3, 0.5, 3.4)",,,,,,,,,,,
BAG_ACCESS,538896,5/9/2023 9:51,d347b967-5e20-4527-95dd-3a0fdf73af1d,"(-1.0, 0.6, 3.1)",,,,,,,,,,,
TAG_SELECTED,542531,5/9/2023 9:51,d347b967-5e20-4527-95dd-3a0fdf73af1d,yellow,,,,,,,,,,,
BAG_CLOSED,543471,5/9/2023 9:51,d347b967-5e20-4527-95dd-3a0fdf73af1d,"(-1.0, 0.6, 3.1)",,,,,,,,,,,
TAG_APPLIED,544901,5/9/2023 9:51,d347b967-5e20-4527-95dd-3a0fdf73af1d,Gloria_6 Root,yellow,,,,,,,,,,
PATIENT_ENGAGED,551460,5/9/2023 9:51,d347b967-5e20-4527-95dd-3a0fdf73af1d,100,Infinity,Bob_0 Root,"(-1.7, 0.0, 5.7)","(0.0, 0.7, 0.0, 0.7)",DEAD,still,none,none,none,dead,supine
BAG_ACCESS,553227,5/9/2023 9:51,d347b967-5e20-4527-95dd-3a0fdf73af1d,"(-1.7, 0.7, 4.6)",,,,,,,,,,,
TAG_SELECTED,554794,5/9/2023 9:51,d347b967-5e20-4527-95dd-3a0fdf73af1d,black,,,,,,,,,,,
TAG_APPLIED,559269,5/9/2023 9:51,d347b967-5e20-4527-95dd-3a0fdf73af1d,Bob_0 Root,black,,,,,,,,,,
BAG_CLOSED,563815,5/9/2023 9:51,d347b967-5e20-4527-95dd-3a0fdf73af1d,"(-1.7, 0.7, 4.6)",,,,,,,,,,,
PATIENT_ENGAGED,565928,5/9/2023 9:51,d347b967-5e20-4527-95dd-3a0fdf73af1d,100,Infinity,Mike_7 Root,"(1.3, 0.0, 3.4)","(0.0, 0.1, 0.0, 1.0)",DELAYED,waver,fast,normal,normal,upset,sittingGround
PULSE_TAKEN,567744,5/9/2023 9:51,d347b967-5e20-4527-95dd-3a0fdf73af1d,pulse_fast,Mike_7 Root,,,,,,,,,,
TOOL_HOVER,573084,5/9/2023 9:51,d347b967-5e20-4527-95dd-3a0fdf73af1d,Tourniquet,997,,,,,,,,,,
TOOL_HOVER,573100,5/9/2023 9:51,d347b967-5e20-4527-95dd-3a0fdf73af1d,Tourniquet,997,,,,,,,,,,
TOOL_HOVER,573117,5/9/2023 9:51,d347b967-5e20-4527-95dd-3a0fdf73af1d,Tourniquet,997,,,,,,,,,,
TOOL_HOVER,573133,5/9/2023 9:51,d347b967-5e20-4527-95dd-3a0fdf73af1d,Tourniquet,997,,,,,,,,,,
TOOL_HOVER,573150,5/9/2023 9:51,d347b967-5e20-4527-95dd-3a0fdf73af1d,Tourniquet,997,,,,,,,,,,
TOOL_HOVER,573167,5/9/2023 9:51,d347b967-5e20-4527-95dd-3a0fdf73af1d,Tourniquet,997,,,,,,,,,,
BAG_ACCESS,574086,5/9/2023 9:51,d347b967-5e20-4527-95dd-3a0fdf73af1d,"(0.6, 0.4, 3.8)",,,,,,,,,,,
TOOL_HOVER,575020,5/9/2023 9:51,d347b967-5e20-4527-95dd-3a0fdf73af1d,Tourniquet,997,,,,,,,,,,
TOOL_HOVER,575025,5/9/2023 9:51,d347b967-5e20-4527-95dd-3a0fdf73af1d,Tourniquet,997,,,,,,,,,,
TOOL_HOVER,575043,5/9/2023 9:51,d347b967-5e20-4527-95dd-3a0fdf73af1d,Tourniquet,997,,,,,,,,,,
TOOL_HOVER,575059,5/9/2023 9:51,d347b967-5e20-4527-95dd-3a0fdf73af1d,Tourniquet,997,,,,,,,,,,
TOOL_HOVER,575076,5/9/2023 9:51,d347b967-5e20-4527-95dd-3a0fdf73af1d,Tourniquet,997,,,,,,,,,,
TOOL_HOVER,575093,5/9/2023 9:51,d347b967-5e20-4527-95dd-3a0fdf73af1d,Tourniquet,997,,,,,,,,,,
TOOL_HOVER,575109,5/9/2023 9:51,d347b967-5e20-4527-95dd-3a0fdf73af1d,Tourniquet,997,,,,,,,,,,
TOOL_HOVER,575125,5/9/2023 9:51,d347b967-5e20-4527-95dd-3a0fdf73af1d,Tourniquet,997,,,,,,,,,,
TOOL_HOVER,575143,5/9/2023 9:51,d347b967-5e20-4527-95dd-3a0fdf73af1d,Tourniquet,997,,,,,,,,,,
TOOL_HOVER,575160,5/9/2023 9:51,d347b967-5e20-4527-95dd-3a0fdf73af1d,Tourniquet,997,,,,,,,,,,
TOOL_HOVER,575176,5/9/2023 9:51,d347b967-5e20-4527-95dd-3a0fdf73af1d,Tourniquet,997,,,,,,,,,,
TOOL_HOVER,575192,5/9/2023 9:51,d347b967-5e20-4527-95dd-3a0fdf73af1d,Tourniquet,997,,,,,,,,,,
TOOL_HOVER,575210,5/9/2023 9:51,d347b967-5e20-4527-95dd-3a0fdf73af1d,Tourniquet,997,,,,,,,,,,
TOOL_HOVER,575226,5/9/2023 9:51,d347b967-5e20-4527-95dd-3a0fdf73af1d,Tourniquet,997,,,,,,,,,,
TOOL_HOVER,575243,5/9/2023 9:51,d347b967-5e20-4527-95dd-3a0fdf73af1d,Tourniquet,997,,,,,,,,,,
TOOL_HOVER,575259,5/9/2023 9:51,d347b967-5e20-4527-95dd-3a0fdf73af1d,Tourniquet,997,,,,,,,,,,
TOOL_HOVER,575276,5/9/2023 9:51,d347b967-5e20-4527-95dd-3a0fdf73af1d,Tourniquet,997,,,,,,,,,,
TOOL_HOVER,575293,5/9/2023 9:51,d347b967-5e20-4527-95dd-3a0fdf73af1d,Tourniquet,997,,,,,,,,,,
TOOL_HOVER,575310,5/9/2023 9:51,d347b967-5e20-4527-95dd-3a0fdf73af1d,Tourniquet,997,,,,,,,,,,
TOOL_HOVER,575326,5/9/2023 9:51,d347b967-5e20-4527-95dd-3a0fdf73af1d,Tourniquet,997,,,,,,,,,,
TOOL_HOVER,575343,5/9/2023 9:51,d347b967-5e20-4527-95dd-3a0fdf73af1d,Tourniquet,997,,,,,,,,,,
TOOL_HOVER,575360,5/9/2023 9:51,d347b967-5e20-4527-95dd-3a0fdf73af1d,Tourniquet,997,,,,,,,,,,
TOOL_HOVER,575376,5/9/2023 9:51,d347b967-5e20-4527-95dd-3a0fdf73af1d,Tourniquet,997,,,,,,,,,,
TOOL_HOVER,575393,5/9/2023 9:51,d347b967-5e20-4527-95dd-3a0fdf73af1d,Tourniquet,997,,,,,,,,,,
TOOL_HOVER,575410,5/9/2023 9:51,d347b967-5e20-4527-95dd-3a0fdf73af1d,Tourniquet,997,,,,,,,,,,
TOOL_HOVER,575426,5/9/2023 9:51,d347b967-5e20-4527-95dd-3a0fdf73af1d,Tourniquet,997,,,,,,,,,,
TOOL_HOVER,575443,5/9/2023 9:51,d347b967-5e20-4527-95dd-3a0fdf73af1d,Tourniquet,997,,,,,,,,,,
TOOL_HOVER,575460,5/9/2023 9:51,d347b967-5e20-4527-95dd-3a0fdf73af1d,Tourniquet,997,,,,,,,,,,
TOOL_HOVER,575477,5/9/2023 9:51,d347b967-5e20-4527-95dd-3a0fdf73af1d,Tourniquet,997,,,,,,,,,,
TOOL_HOVER,575493,5/9/2023 9:51,d347b967-5e20-4527-95dd-3a0fdf73af1d,Tourniquet,997,,,,,,,,,,
TOOL_HOVER,575509,5/9/2023 9:51,d347b967-5e20-4527-95dd-3a0fdf73af1d,Tourniquet,997,,,,,,,,,,
TOOL_HOVER,575526,5/9/2023 9:51,d347b967-5e20-4527-95dd-3a0fdf73af1d,Tourniquet,997,,,,,,,,,,
TOOL_HOVER,575543,5/9/2023 9:51,d347b967-5e20-4527-95dd-3a0fdf73af1d,Tourniquet,997,,,,,,,,,,
TOOL_HOVER,575560,5/9/2023 9:51,d347b967-5e20-4527-95dd-3a0fdf73af1d,Tourniquet,997,,,,,,,,,,
TOOL_HOVER,575578,5/9/2023 9:51,d347b967-5e20-4527-95dd-3a0fdf73af1d,Tourniquet,997,,,,,,,,,,
TOOL_HOVER,575594,5/9/2023 9:51,d347b967-5e20-4527-95dd-3a0fdf73af1d,Tourniquet,997,,,,,,,,,,
TOOL_HOVER,575610,5/9/2023 9:51,d347b967-5e20-4527-95dd-3a0fdf73af1d,Tourniquet,997,,,,,,,,,,
TOOL_HOVER,575627,5/9/2023 9:51,d347b967-5e20-4527-95dd-3a0fdf73af1d,Tourniquet,997,,,,,,,,,,
TOOL_HOVER,575643,5/9/2023 9:51,d347b967-5e20-4527-95dd-3a0fdf73af1d,Tourniquet,997,,,,,,,,,,
TOOL_HOVER,575659,5/9/2023 9:51,d347b967-5e20-4527-95dd-3a0fdf73af1d,Tourniquet,997,,,,,,,,,,
TOOL_HOVER,575677,5/9/2023 9:51,d347b967-5e20-4527-95dd-3a0fdf73af1d,Tourniquet,997,,,,,,,,,,
TOOL_HOVER,575693,5/9/2023 9:51,d347b967-5e20-4527-95dd-3a0fdf73af1d,Tourniquet,997,,,,,,,,,,
TOOL_HOVER,575710,5/9/2023 9:51,d347b967-5e20-4527-95dd-3a0fdf73af1d,Tourniquet,997,,,,,,,,,,
TOOL_HOVER,575726,5/9/2023 9:51,d347b967-5e20-4527-95dd-3a0fdf73af1d,Tourniquet,997,,,,,,,,,,
TOOL_HOVER,575743,5/9/2023 9:51,d347b967-5e20-4527-95dd-3a0fdf73af1d,Tourniquet,997,,,,,,,,,,
TOOL_HOVER,575760,5/9/2023 9:51,d347b967-5e20-4527-95dd-3a0fdf73af1d,Tourniquet,997,,,,,,,,,,
TOOL_HOVER,575777,5/9/2023 9:51,d347b967-5e20-4527-95dd-3a0fdf73af1d,Tourniquet,997,,,,,,,,,,
TOOL_HOVER,575793,5/9/2023 9:51,d347b967-5e20-4527-95dd-3a0fdf73af1d,Tourniquet,997,,,,,,,,,,
TOOL_HOVER,575810,5/9/2023 9:51,d347b967-5e20-4527-95dd-3a0fdf73af1d,Tourniquet,997,,,,,,,,,,
TOOL_HOVER,575827,5/9/2023 9:51,d347b967-5e20-4527-95dd-3a0fdf73af1d,Needle,997,,,,,,,,,,
TOOL_HOVER,575844,5/9/2023 9:51,d347b967-5e20-4527-95dd-3a0fdf73af1d,Needle,997,,,,,,,,,,
TOOL_HOVER,575860,5/9/2023 9:51,d347b967-5e20-4527-95dd-3a0fdf73af1d,Needle,997,,,,,,,,,,
TOOL_HOVER,575877,5/9/2023 9:51,d347b967-5e20-4527-95dd-3a0fdf73af1d,Needle,997,,,,,,,,,,
TOOL_HOVER,575893,5/9/2023 9:51,d347b967-5e20-4527-95dd-3a0fdf73af1d,Needle,997,,,,,,,,,,
TOOL_HOVER,575910,5/9/2023 9:51,d347b967-5e20-4527-95dd-3a0fdf73af1d,Needle,997,,,,,,,,,,
TOOL_HOVER,577527,5/9/2023 9:51,d347b967-5e20-4527-95dd-3a0fdf73af1d,Hemostatic Gauze,999,,,,,,,,,,
TOOL_HOVER,577544,5/9/2023 9:51,d347b967-5e20-4527-95dd-3a0fdf73af1d,Hemostatic Gauze,999,,,,,,,,,,
TOOL_HOVER,577561,5/9/2023 9:51,d347b967-5e20-4527-95dd-3a0fdf73af1d,Hemostatic Gauze,999,,,,,,,,,,
TOOL_HOVER,577577,5/9/2023 9:51,d347b967-5e20-4527-95dd-3a0fdf73af1d,Hemostatic Gauze,999,,,,,,,,,,
TOOL_HOVER,577594,5/9/2023 9:51,d347b967-5e20-4527-95dd-3a0fdf73af1d,Hemostatic Gauze,999,,,,,,,,,,
TOOL_HOVER,577611,5/9/2023 9:51,d347b967-5e20-4527-95dd-3a0fdf73af1d,Hemostatic Gauze,999,,,,,,,,,,
TOOL_HOVER,577627,5/9/2023 9:51,d347b967-5e20-4527-95dd-3a0fdf73af1d,Hemostatic Gauze,999,,,,,,,,,,
TOOL_HOVER,577644,5/9/2023 9:51,d347b967-5e20-4527-95dd-3a0fdf73af1d,Hemostatic Gauze,999,,,,,,,,,,
TOOL_HOVER,577660,5/9/2023 9:51,d347b967-5e20-4527-95dd-3a0fdf73af1d,Hemostatic Gauze,999,,,,,,,,,,
TOOL_HOVER,577677,5/9/2023 9:51,d347b967-5e20-4527-95dd-3a0fdf73af1d,Hemostatic Gauze,999,,,,,,,,,,
TOOL_HOVER,577694,5/9/2023 9:51,d347b967-5e20-4527-95dd-3a0fdf73af1d,Hemostatic Gauze,999,,,,,,,,,,
TOOL_HOVER,577710,5/9/2023 9:51,d347b967-5e20-4527-95dd-3a0fdf73af1d,Hemostatic Gauze,999,,,,,,,,,,
TOOL_HOVER,577728,5/9/2023 9:51,d347b967-5e20-4527-95dd-3a0fdf73af1d,Hemostatic Gauze,999,,,,,,,,,,
TOOL_HOVER,577744,5/9/2023 9:51,d347b967-5e20-4527-95dd-3a0fdf73af1d,Hemostatic Gauze,999,,,,,,,,,,
TOOL_HOVER,577762,5/9/2023 9:51,d347b967-5e20-4527-95dd-3a0fdf73af1d,Hemostatic Gauze,999,,,,,,,,,,
TOOL_HOVER,577777,5/9/2023 9:51,d347b967-5e20-4527-95dd-3a0fdf73af1d,Hemostatic Gauze,999,,,,,,,,,,
TOOL_HOVER,577795,5/9/2023 9:51,d347b967-5e20-4527-95dd-3a0fdf73af1d,Hemostatic Gauze,999,,,,,,,,,,
TOOL_HOVER,577811,5/9/2023 9:51,d347b967-5e20-4527-95dd-3a0fdf73af1d,Hemostatic Gauze,999,,,,,,,,,,
TOOL_HOVER,577828,5/9/2023 9:51,d347b967-5e20-4527-95dd-3a0fdf73af1d,Hemostatic Gauze,999,,,,,,,,,,
TOOL_SELECTED,577829,5/9/2023 9:51,d347b967-5e20-4527-95dd-3a0fdf73af1d,Hemostatic Gauze,998,,,,,,,,,,
TOOL_DISCARDED,579602,5/9/2023 9:51,d347b967-5e20-4527-95dd-3a0fdf73af1d,Hemostatic Gauze,998,"(0.8, 0.1, 3.5)",,,,,,,,,
INJURY_TREATED,579603,5/9/2023 9:51,d347b967-5e20-4527-95dd-3a0fdf73af1d,L Thigh Puncture,Mike_7 Root,tourniquet,medium,leftLeg,FALSE,TRUE,"(0.7, 0.1, 3.5)",,,,
TOOL_APPLIED,579603,5/9/2023 9:51,d347b967-5e20-4527-95dd-3a0fdf73af1d,Mike_7 Root,Gauze_Pack,skinCollider_BodyCollideLOD (UnityEngine.GameObject),null,null,AppliedPackingGauze,,,,,,
TOOL_HOVER,581925,5/9/2023 9:52,d347b967-5e20-4527-95dd-3a0fdf73af1d,Needle,997,,,,,,,,,,
TOOL_HOVER,581941,5/9/2023 9:52,d347b967-5e20-4527-95dd-3a0fdf73af1d,Needle,997,,,,,,,,,,
TOOL_HOVER,581958,5/9/2023 9:52,d347b967-5e20-4527-95dd-3a0fdf73af1d,Needle,997,,,,,,,,,,
TOOL_HOVER,581975,5/9/2023 9:52,d347b967-5e20-4527-95dd-3a0fdf73af1d,Needle,997,,,,,,,,,,
TOOL_HOVER,581992,5/9/2023 9:52,d347b967-5e20-4527-95dd-3a0fdf73af1d,Needle,997,,,,,,,,,,
TOOL_HOVER,582009,5/9/2023 9:52,d347b967-5e20-4527-95dd-3a0fdf73af1d,Needle,997,,,,,,,,,,
TOOL_HOVER,582025,5/9/2023 9:52,d347b967-5e20-4527-95dd-3a0fdf73af1d,Tourniquet,997,,,,,,,,,,
TOOL_HOVER,582042,5/9/2023 9:52,d347b967-5e20-4527-95dd-3a0fdf73af1d,Tourniquet,997,,,,,,,,,,
TOOL_HOVER,582059,5/9/2023 9:52,d347b967-5e20-4527-95dd-3a0fdf73af1d,Tourniquet,997,,,,,,,,,,
TOOL_HOVER,582074,5/9/2023 9:52,d347b967-5e20-4527-95dd-3a0fdf73af1d,Tourniquet,997,,,,,,,,,,
TOOL_HOVER,582091,5/9/2023 9:52,d347b967-5e20-4527-95dd-3a0fdf73af1d,Tourniquet,997,,,,,,,,,,
TOOL_HOVER,582108,5/9/2023 9:52,d347b967-5e20-4527-95dd-3a0fdf73af1d,Tourniquet,997,,,,,,,,,,
TOOL_HOVER,582126,5/9/2023 9:52,d347b967-5e20-4527-95dd-3a0fdf73af1d,Tourniquet,997,,,,,,,,,,
TOOL_HOVER,582142,5/9/2023 9:52,d347b967-5e20-4527-95dd-3a0fdf73af1d,Tourniquet,997,,,,,,,,,,
TOOL_HOVER,582158,5/9/2023 9:52,d347b967-5e20-4527-95dd-3a0fdf73af1d,Tourniquet,997,,,,,,,,,,
TOOL_HOVER,582174,5/9/2023 9:52,d347b967-5e20-4527-95dd-3a0fdf73af1d,Tourniquet,997,,,,,,,,,,
TOOL_SELECTED,582176,5/9/2023 9:52,d347b967-5e20-4527-95dd-3a0fdf73af1d,Tourniquet,996,,,,,,,,,,
INJURY_TREATED,583595,5/9/2023 9:52,d347b967-5e20-4527-95dd-3a0fdf73af1d,L Thigh Puncture,Mike_7 Root,tourniquet,medium,leftLeg,TRUE,TRUE,"(0.7, 0.1, 3.5)",,,,
TOOL_APPLIED,583595,5/9/2023 9:52,d347b967-5e20-4527-95dd-3a0fdf73af1d,Mike_7 Root,Tourniquet,LeftUpLeg (UnityEngine.GameObject),tor_ring (1) (UnityEngine.GameObject),tourniquet(Clone) (UnityEngine.GameObject),AppliedTourniquet,,,,,,
VOICE_CAPTURE,590945,5/9/2023 9:52,d347b967-5e20-4527-95dd-3a0fdf73af1d,modbutton yes,NA,,,,,,,,,,
VOICE_COMMAND,590945,5/9/2023 9:52,d347b967-5e20-4527-95dd-3a0fdf73af1d,modbutton yes,modbutton yes,,,,,,,,,,
TAG_SELECTED,601169,5/9/2023 9:52,d347b967-5e20-4527-95dd-3a0fdf73af1d,green,,,,,,,,,,,
TAG_DISCARDED,604893,5/9/2023 9:52,d347b967-5e20-4527-95dd-3a0fdf73af1d,green,"(0.2, 0.1, 3.8)",,,,,,,,,,
TAG_SELECTED,605526,5/9/2023 9:52,d347b967-5e20-4527-95dd-3a0fdf73af1d,yellow,,,,,,,,,,,
TAG_APPLIED,607079,5/9/2023 9:52,d347b967-5e20-4527-95dd-3a0fdf73af1d,Mike_7 Root,yellow,,,,,,,,,,
BAG_CLOSED,608247,5/9/2023 9:52,d347b967-5e20-4527-95dd-3a0fdf73af1d,"(0.6, 0.4, 3.8)",,,,,,,,,,,
TELEPORT,610729,5/9/2023 9:52,d347b967-5e20-4527-95dd-3a0fdf73af1d,"(-0.4, 0.0, 3.8)",,,,,,,,,,,
PATIENT_ENGAGED,613840,5/9/2023 9:52,d347b967-5e20-4527-95dd-3a0fdf73af1d,100,Infinity,Lily_4 Root,"(1.2, 0.0, 6.2)","(0.0, 1.0, 0.0, 0.0)",IMMEDIATE,waver,fast,normal,normal,upset,fetal
PULSE_TAKEN,619679,5/9/2023 9:52,d347b967-5e20-4527-95dd-3a0fdf73af1d,pulse_fast,Lily_4 Root,,,,,,,,,,
VOICE_CAPTURE,628499,5/9/2023 9:52,d347b967-5e20-4527-95dd-3a0fdf73af1d,modbutton no,NA,,,,,,,,,,
VOICE_COMMAND,628499,5/9/2023 9:52,d347b967-5e20-4527-95dd-3a0fdf73af1d,modbutton no,modbutton no,,,,,,,,,,
TOOL_HOVER,630087,5/9/2023 9:52,d347b967-5e20-4527-95dd-3a0fdf73af1d,Gauze,999,,,,,,,,,,
TOOL_HOVER,630104,5/9/2023 9:52,d347b967-5e20-4527-95dd-3a0fdf73af1d,Gauze,999,,,,,,,,,,
TOOL_HOVER,630121,5/9/2023 9:52,d347b967-5e20-4527-95dd-3a0fdf73af1d,Gauze,999,,,,,,,,,,
TOOL_HOVER,630137,5/9/2023 9:52,d347b967-5e20-4527-95dd-3a0fdf73af1d,Gauze,999,,,,,,,,,,
TOOL_HOVER,630153,5/9/2023 9:52,d347b967-5e20-4527-95dd-3a0fdf73af1d,Gauze,999,,,,,,,,,,
TOOL_HOVER,630170,5/9/2023 9:52,d347b967-5e20-4527-95dd-3a0fdf73af1d,Gauze,999,,,,,,,,,,
BAG_ACCESS,631239,5/9/2023 9:52,d347b967-5e20-4527-95dd-3a0fdf73af1d,"(0.6, 0.4, 6.2)",,,,,,,,,,,
TOOL_HOVER,631723,5/9/2023 9:52,d347b967-5e20-4527-95dd-3a0fdf73af1d,Hemostatic Gauze,999,,,,,,,,,,
TOOL_HOVER,631739,5/9/2023 9:52,d347b967-5e20-4527-95dd-3a0fdf73af1d,Hemostatic Gauze,999,,,,,,,,,,
TOOL_HOVER,631756,5/9/2023 9:52,d347b967-5e20-4527-95dd-3a0fdf73af1d,Hemostatic Gauze,999,,,,,,,,,,
TOOL_HOVER,631773,5/9/2023 9:52,d347b967-5e20-4527-95dd-3a0fdf73af1d,Hemostatic Gauze,999,,,,,,,,,,
TOOL_HOVER,631789,5/9/2023 9:52,d347b967-5e20-4527-95dd-3a0fdf73af1d,Hemostatic Gauze,999,,,,,,,,,,
TOOL_HOVER,631806,5/9/2023 9:52,d347b967-5e20-4527-95dd-3a0fdf73af1d,Hemostatic Gauze,999,,,,,,,,,,
TOOL_HOVER,631823,5/9/2023 9:52,d347b967-5e20-4527-95dd-3a0fdf73af1d,Hemostatic Gauze,999,,,,,,,,,,
TOOL_HOVER,631839,5/9/2023 9:52,d347b967-5e20-4527-95dd-3a0fdf73af1d,Hemostatic Gauze,999,,,,,,,,,,
TOOL_HOVER,631855,5/9/2023 9:52,d347b967-5e20-4527-95dd-3a0fdf73af1d,Hemostatic Gauze,999,,,,,,,,,,
TOOL_HOVER,631873,5/9/2023 9:52,d347b967-5e20-4527-95dd-3a0fdf73af1d,Hemostatic Gauze,999,,,,,,,,,,
TOOL_HOVER,631889,5/9/2023 9:52,d347b967-5e20-4527-95dd-3a0fdf73af1d,Hemostatic Gauze,999,,,,,,,,,,
TOOL_HOVER,631906,5/9/2023 9:52,d347b967-5e20-4527-95dd-3a0fdf73af1d,Hemostatic Gauze,999,,,,,,,,,,
TOOL_HOVER,631922,5/9/2023 9:52,d347b967-5e20-4527-95dd-3a0fdf73af1d,Hemostatic Gauze,999,,,,,,,,,,
TOOL_HOVER,631939,5/9/2023 9:52,d347b967-5e20-4527-95dd-3a0fdf73af1d,Hemostatic Gauze,999,,,,,,,,,,
TOOL_HOVER,631956,5/9/2023 9:52,d347b967-5e20-4527-95dd-3a0fdf73af1d,Hemostatic Gauze,999,,,,,,,,,,
TOOL_SELECTED,631957,5/9/2023 9:52,d347b967-5e20-4527-95dd-3a0fdf73af1d,Hemostatic Gauze,998,,,,,,,,,,
TOOL_DISCARDED,634744,5/9/2023 9:52,d347b967-5e20-4527-95dd-3a0fdf73af1d,Hemostatic Gauze,998,"(0.8, 0.2, 6.5)",,,,,,,,,
INJURY_TREATED,634745,5/9/2023 9:52,d347b967-5e20-4527-95dd-3a0fdf73af1d,L Side Puncture,Lily_4 Root,woundpack,medium,abdomen,TRUE,FALSE,"(0.9, 0.2, 6.5)",,,,
TOOL_APPLIED,634745,5/9/2023 9:52,d347b967-5e20-4527-95dd-3a0fdf73af1d,Lily_4 Root,Gauze_Pack,skinCollider_BodyLOD (UnityEngine.GameObject),null,null,AppliedPackingGauze,,,,,,
TAG_SELECTED,645455,5/9/2023 9:53,d347b967-5e20-4527-95dd-3a0fdf73af1d,red,,,,,,,,,,,
TAG_APPLIED,647054,5/9/2023 9:53,d347b967-5e20-4527-95dd-3a0fdf73af1d,Lily_4 Root,red,,,,,,,,,,
BAG_CLOSED,648508,5/9/2023 9:53,d347b967-5e20-4527-95dd-3a0fdf73af1d,"(0.6, 0.4, 6.2)",,,,,,,,,,,
TELEPORT,657814,5/9/2023 9:53,d347b967-5e20-4527-95dd-3a0fdf73af1d,"(0.2, 0.0, 5.9)",,,,,,,,,,,
PATIENT_ENGAGED,661437,5/9/2023 9:53,d347b967-5e20-4527-95dd-3a0fdf73af1d,100,Infinity,Mike_5 Root,"(2.7, 0.0, 2.3)","(0.0, 1.0, 0.0, 0.0)",IMMEDIATE,waver,fast,normal,normal,upset,fetal
PULSE_TAKEN,665687,5/9/2023 9:53,d347b967-5e20-4527-95dd-3a0fdf73af1d,pulse_fast,Mike_5 Root,,,,,,,,,,
VOICE_CAPTURE,666139,5/9/2023 9:53,d347b967-5e20-4527-95dd-3a0fdf73af1d,are you hurt,NA,,,,,,,,,,
VOICE_COMMAND,666139,5/9/2023 9:53,d347b967-5e20-4527-95dd-3a0fdf73af1d,are you hurt,are you hurt,,,,,,,,,,
TOOL_HOVER,668578,5/9/2023 9:53,d347b967-5e20-4527-95dd-3a0fdf73af1d,Needle,997,,,,,,,,,,
TOOL_HOVER,668594,5/9/2023 9:53,d347b967-5e20-4527-95dd-3a0fdf73af1d,Needle,997,,,,,,,,,,
TOOL_HOVER,668611,5/9/2023 9:53,d347b967-5e20-4527-95dd-3a0fdf73af1d,Needle,997,,,,,,,,,,
TOOL_HOVER,668628,5/9/2023 9:53,d347b967-5e20-4527-95dd-3a0fdf73af1d,Needle,997,,,,,,,,,,
TOOL_HOVER,668645,5/9/2023 9:53,d347b967-5e20-4527-95dd-3a0fdf73af1d,Needle,997,,,,,,,,,,
TOOL_HOVER,668662,5/9/2023 9:53,d347b967-5e20-4527-95dd-3a0fdf73af1d,Needle,997,,,,,,,,,,
BAG_ACCESS,670045,5/9/2023 9:53,d347b967-5e20-4527-95dd-3a0fdf73af1d,"(3.4, 0.4, 2.0)",,,,,,,,,,,
TOOL_HOVER,671729,5/9/2023 9:53,d347b967-5e20-4527-95dd-3a0fdf73af1d,Hemostatic Gauze,999,,,,,,,,,,
TOOL_HOVER,671746,5/9/2023 9:53,d347b967-5e20-4527-95dd-3a0fdf73af1d,Hemostatic Gauze,999,,,,,,,,,,
TOOL_HOVER,671762,5/9/2023 9:53,d347b967-5e20-4527-95dd-3a0fdf73af1d,Hemostatic Gauze,999,,,,,,,,,,
TOOL_HOVER,671779,5/9/2023 9:53,d347b967-5e20-4527-95dd-3a0fdf73af1d,Hemostatic Gauze,999,,,,,,,,,,
TOOL_HOVER,671795,5/9/2023 9:53,d347b967-5e20-4527-95dd-3a0fdf73af1d,Hemostatic Gauze,999,,,,,,,,,,
TOOL_HOVER,671813,5/9/2023 9:53,d347b967-5e20-4527-95dd-3a0fdf73af1d,Hemostatic Gauze,999,,,,,,,,,,
TOOL_HOVER,671829,5/9/2023 9:53,d347b967-5e20-4527-95dd-3a0fdf73af1d,Hemostatic Gauze,999,,,,,,,,,,
TOOL_HOVER,671845,5/9/2023 9:53,d347b967-5e20-4527-95dd-3a0fdf73af1d,Hemostatic Gauze,999,,,,,,,,,,
TOOL_HOVER,671863,5/9/2023 9:53,d347b967-5e20-4527-95dd-3a0fdf73af1d,Hemostatic Gauze,999,,,,,,,,,,
TOOL_HOVER,671880,5/9/2023 9:53,d347b967-5e20-4527-95dd-3a0fdf73af1d,Hemostatic Gauze,999,,,,,,,,,,
TOOL_HOVER,671896,5/9/2023 9:53,d347b967-5e20-4527-95dd-3a0fdf73af1d,Hemostatic Gauze,999,,,,,,,,,,
TOOL_SELECTED,671897,5/9/2023 9:53,d347b967-5e20-4527-95dd-3a0fdf73af1d,Hemostatic Gauze,998,,,,,,,,,,
TOOL_DISCARDED,673603,5/9/2023 9:53,d347b967-5e20-4527-95dd-3a0fdf73af1d,Hemostatic Gauze,998,"(3.1, 0.3, 2.5)",,,,,,,,,
INJURY_TREATED,673603,5/9/2023 9:53,d347b967-5e20-4527-95dd-3a0fdf73af1d,R Side Puncture,Mike_5 Root,woundpack,medium,abdomen,TRUE,FALSE,"(3.1, 0.3, 2.5)",,,,
TOOL_APPLIED,673603,5/9/2023 9:53,d347b967-5e20-4527-95dd-3a0fdf73af1d,Mike_5 Root,Gauze_Pack,skinCollider_BodyCollideLOD (UnityEngine.GameObject),null,null,AppliedPackingGauze,,,,,,
TOOL_HOVER,677220,5/9/2023 9:53,d347b967-5e20-4527-95dd-3a0fdf73af1d,Tourniquet,996,,,,,,,,,,
TOOL_HOVER,677237,5/9/2023 9:53,d347b967-5e20-4527-95dd-3a0fdf73af1d,Tourniquet,996,,,,,,,,,,
TOOL_HOVER,677253,5/9/2023 9:53,d347b967-5e20-4527-95dd-3a0fdf73af1d,Tourniquet,996,,,,,,,,,,
TOOL_HOVER,677270,5/9/2023 9:53,d347b967-5e20-4527-95dd-3a0fdf73af1d,Tourniquet,996,,,,,,,,,,
TOOL_HOVER,677286,5/9/2023 9:53,d347b967-5e20-4527-95dd-3a0fdf73af1d,Tourniquet,996,,,,,,,,,,
TOOL_HOVER,677303,5/9/2023 9:53,d347b967-5e20-4527-95dd-3a0fdf73af1d,Tourniquet,996,,,,,,,,,,
TOOL_HOVER,677320,5/9/2023 9:53,d347b967-5e20-4527-95dd-3a0fdf73af1d,Tourniquet,996,,,,,,,,,,
TOOL_HOVER,677336,5/9/2023 9:53,d347b967-5e20-4527-95dd-3a0fdf73af1d,Tourniquet,996,,,,,,,,,,
TOOL_HOVER,677353,5/9/2023 9:53,d347b967-5e20-4527-95dd-3a0fdf73af1d,Tourniquet,996,,,,,,,,,,
TOOL_HOVER,677370,5/9/2023 9:53,d347b967-5e20-4527-95dd-3a0fdf73af1d,Tourniquet,996,,,,,,,,,,
TOOL_HOVER,677386,5/9/2023 9:53,d347b967-5e20-4527-95dd-3a0fdf73af1d,Tourniquet,996,,,,,,,,,,
TOOL_HOVER,677403,5/9/2023 9:53,d347b967-5e20-4527-95dd-3a0fdf73af1d,Tourniquet,996,,,,,,,,,,
TOOL_HOVER,677420,5/9/2023 9:53,d347b967-5e20-4527-95dd-3a0fdf73af1d,Tourniquet,996,,,,,,,,,,
TOOL_HOVER,677437,5/9/2023 9:53,d347b967-5e20-4527-95dd-3a0fdf73af1d,Tourniquet,996,,,,,,,,,,
TOOL_HOVER,677453,5/9/2023 9:53,d347b967-5e20-4527-95dd-3a0fdf73af1d,Tourniquet,996,,,,,,,,,,
TOOL_HOVER,677470,5/9/2023 9:53,d347b967-5e20-4527-95dd-3a0fdf73af1d,Tourniquet,996,,,,,,,,,,
TOOL_SELECTED,677471,5/9/2023 9:53,d347b967-5e20-4527-95dd-3a0fdf73af1d,Tourniquet,995,,,,,,,,,,
INJURY_TREATED,679171,5/9/2023 9:53,d347b967-5e20-4527-95dd-3a0fdf73af1d,R Thigh Laceration,Mike_5 Root,tourniquet,medium,rightLeg,TRUE,FALSE,"(3.0, 0.3, 2.2)",,,,
TOOL_APPLIED,679171,5/9/2023 9:53,d347b967-5e20-4527-95dd-3a0fdf73af1d,Mike_5 Root,Tourniquet,RightUpLeg (UnityEngine.GameObject),tor_ring (1) (UnityEngine.GameObject),tourniquet(Clone) (UnityEngine.GameObject),AppliedTourniquet,,,,,,
TAG_SELECTED,684398,5/9/2023 9:53,d347b967-5e20-4527-95dd-3a0fdf73af1d,red,,,,,,,,,,,
TAG_APPLIED,685808,5/9/2023 9:53,d347b967-5e20-4527-95dd-3a0fdf73af1d,Mike_5 Root,red,,,,,,,,,,
BAG_CLOSED,686641,5/9/2023 9:53,d347b967-5e20-4527-95dd-3a0fdf73af1d,"(3.4, 0.4, 2.0)",,,,,,,,,,,
TELEPORT,686641,5/9/2023 9:53,d347b967-5e20-4527-95dd-3a0fdf73af1d,"(1.7, 0.0, 3.2)",,,,,,,,,,,
PATIENT_ENGAGED,689508,5/9/2023 9:53,d347b967-5e20-4527-95dd-3a0fdf73af1d,100,0,Gary_9 Root,"(2.9, 0.0, 9.1)","(0.0, 1.0, 0.0, 0.2)",MINIMAL,walker,normal,normal,limited,calm,standing
VOICE_CAPTURE,694433,5/9/2023 9:53,d347b967-5e20-4527-95dd-3a0fdf73af1d,are you hurt,NA,,,,,,,,,,
VOICE_COMMAND,694433,5/9/2023 9:53,d347b967-5e20-4527-95dd-3a0fdf73af1d,are you hurt,are you hurt,,,,,,,,,,
PULSE_TAKEN,697447,5/9/2023 9:53,d347b967-5e20-4527-95dd-3a0fdf73af1d,pulse_normal,Gary_9 Root,,,,,,,,,,
TELEPORT,704181,5/9/2023 9:54,d347b967-5e20-4527-95dd-3a0fdf73af1d,"(1.6, 0.0, 9.6)",,,,,,,,,,,
TELEPORT,705331,5/9/2023 9:54,d347b967-5e20-4527-95dd-3a0fdf73af1d,"(1.6, 0.0, 9.6)",,,,,,,,,,,
PULSE_TAKEN,713266,5/9/2023 9:54,d347b967-5e20-4527-95dd-3a0fdf73af1d,pulse_normal,Gary_9 Root,,,,,,,,,,
BAG_ACCESS,724308,5/9/2023 9:54,d347b967-5e20-4527-95dd-3a0fdf73af1d,"(2.1, 0.8, 8.9)",,,,,,,,,,,
TAG_SELECTED,725026,5/9/2023 9:54,d347b967-5e20-4527-95dd-3a0fdf73af1d,green,,,,,,,,,,,
TAG_DISCARDED,746290,5/9/2023 9:54,d347b967-5e20-4527-95dd-3a0fdf73af1d,green,"(2.0, 0.9, 8.6)",,,,,,,,,,
TAG_SELECTED,747041,5/9/2023 9:54,d347b967-5e20-4527-95dd-3a0fdf73af1d,yellow,,,,,,,,,,,
TAG_APPLIED,748261,5/9/2023 9:54,d347b967-5e20-4527-95dd-3a0fdf73af1d,Gary_9 Root,yellow,,,,,,,,,,
BAG_CLOSED,750465,5/9/2023 9:54,d347b967-5e20-4527-95dd-3a0fdf73af1d,"(2.1, 0.8, 8.9)",,,,,,,,,,,
TELEPORT,750465,5/9/2023 9:54,d347b967-5e20-4527-95dd-3a0fdf73af1d,"(2.6, 0.0, 11.1)",,,,,,,,,,,
PATIENT_ENGAGED,753798,5/9/2023 9:54,d347b967-5e20-4527-95dd-3a0fdf73af1d,100,Infinity,Helga_10 Root,"(3.6, 0.0, -2.6)","(0.0, -0.5, 0.0, 0.9)",MINIMAL,walker,normal,normal,normal,calm,standing
PATIENT_ENGAGED,755252,5/9/2023 9:54,d347b967-5e20-4527-95dd-3a0fdf73af1d,100,Infinity,Gloria_8 Root,"(4.2, 0.0, -2.5)","(0.0, 0.6, 0.0, -0.8)",MINIMAL,walker,normal,normal,normal,upset,standing
PATIENT_ENGAGED,759029,5/9/2023 9:54,d347b967-5e20-4527-95dd-3a0fdf73af1d,100,Infinity,Helga_10 Root,"(3.6, 0.0, -2.6)","(0.0, -0.6, 0.0, 0.8)",MINIMAL,walker,normal,normal,normal,calm,standing
PATIENT_ENGAGED,759829,5/9/2023 9:54,d347b967-5e20-4527-95dd-3a0fdf73af1d,100,Infinity,Gloria_8 Root,"(4.2, 0.0, -2.5)","(0.0, 0.6, 0.0, -0.8)",MINIMAL,walker,normal,normal,normal,upset,standing
PULSE_TAKEN,762004,5/9/2023 9:55,d347b967-5e20-4527-95dd-3a0fdf73af1d,pulse_normal,Gloria_8 Root,,,,,,,,,,
VOICE_CAPTURE,762269,5/9/2023 9:55,d347b967-5e20-4527-95dd-3a0fdf73af1d,are you hurt,NA,,,,,,,,,,
VOICE_COMMAND,762269,5/9/2023 9:55,d347b967-5e20-4527-95dd-3a0fdf73af1d,are you hurt,are you hurt,,,,,,,,,,
PULSE_TAKEN,766063,5/9/2023 9:55,d347b967-5e20-4527-95dd-3a0fdf73af1d,pulse_normal,Gloria_8 Root,,,,,,,,,,
VOICE_CAPTURE,766356,5/9/2023 9:55,d347b967-5e20-4527-95dd-3a0fdf73af1d,modbutton no,NA,,,,,,,,,,
VOICE_COMMAND,766356,5/9/2023 9:55,d347b967-5e20-4527-95dd-3a0fdf73af1d,modbutton no,modbutton no,,,,,,,,,,
PULSE_TAKEN,768291,5/9/2023 9:55,d347b967-5e20-4527-95dd-3a0fdf73af1d,pulse_normal,Gloria_8 Root,,,,,,,,,,
BAG_ACCESS,773339,5/9/2023 9:55,d347b967-5e20-4527-95dd-3a0fdf73af1d,"(3.5, 0.8, -1.9)",,,,,,,,,,,
TOOL_HOVER,778122,5/9/2023 9:55,d347b967-5e20-4527-95dd-3a0fdf73af1d,Hemostatic Gauze,999,,,,,,,,,,
TOOL_HOVER,778140,5/9/2023 9:55,d347b967-5e20-4527-95dd-3a0fdf73af1d,Hemostatic Gauze,999,,,,,,,,,,
TOOL_HOVER,778156,5/9/2023 9:55,d347b967-5e20-4527-95dd-3a0fdf73af1d,Hemostatic Gauze,999,,,,,,,,,,
TOOL_HOVER,778172,5/9/2023 9:55,d347b967-5e20-4527-95dd-3a0fdf73af1d,Hemostatic Gauze,999,,,,,,,,,,
TOOL_HOVER,778190,5/9/2023 9:55,d347b967-5e20-4527-95dd-3a0fdf73af1d,Hemostatic Gauze,999,,,,,,,,,,
TOOL_HOVER,778206,5/9/2023 9:55,d347b967-5e20-4527-95dd-3a0fdf73af1d,Hemostatic Gauze,999,,,,,,,,,,
TOOL_HOVER,778223,5/9/2023 9:55,d347b967-5e20-4527-95dd-3a0fdf73af1d,Hemostatic Gauze,999,,,,,,,,,,
TOOL_HOVER,778239,5/9/2023 9:55,d347b967-5e20-4527-95dd-3a0fdf73af1d,Hemostatic Gauze,999,,,,,,,,,,
TOOL_HOVER,778256,5/9/2023 9:55,d347b967-5e20-4527-95dd-3a0fdf73af1d,Hemostatic Gauze,999,,,,,,,,,,
TOOL_HOVER,778273,5/9/2023 9:55,d347b967-5e20-4527-95dd-3a0fdf73af1d,Hemostatic Gauze,999,,,,,,,,,,
TOOL_HOVER,778290,5/9/2023 9:55,d347b967-5e20-4527-95dd-3a0fdf73af1d,Hemostatic Gauze,999,,,,,,,,,,
TOOL_HOVER,778306,5/9/2023 9:55,d347b967-5e20-4527-95dd-3a0fdf73af1d,Hemostatic Gauze,999,,,,,,,,,,
TOOL_SELECTED,778307,5/9/2023 9:55,d347b967-5e20-4527-95dd-3a0fdf73af1d,Hemostatic Gauze,998,,,,,,,,,,
TOOL_DISCARDED,781110,5/9/2023 9:55,d347b967-5e20-4527-95dd-3a0fdf73af1d,Hemostatic Gauze,998,"(4.0, 0.9, -2.7)",,,,,,,,,
INJURY_TREATED,781110,5/9/2023 9:55,d347b967-5e20-4527-95dd-3a0fdf73af1d,L Forearm Laceration,Gloria_8 Root,gauzePressure,low,leftArm,FALSE,TRUE,"(4.0, 0.9, -2.7)",,,,
TOOL_APPLIED,781110,5/9/2023 9:55,d347b967-5e20-4527-95dd-3a0fdf73af1d,Gloria_8 Root,Gauze_Pack,skinCollider_Body_LOD (UnityEngine.GameObject),null,null,AppliedPackingGauze,,,,,,
TOOL_HOVER,784523,5/9/2023 9:55,d347b967-5e20-4527-95dd-3a0fdf73af1d,Tourniquet,995,,,,,,,,,,
TOOL_HOVER,784539,5/9/2023 9:55,d347b967-5e20-4527-95dd-3a0fdf73af1d,Tourniquet,995,,,,,,,,,,
TOOL_HOVER,784556,5/9/2023 9:55,d347b967-5e20-4527-95dd-3a0fdf73af1d,Tourniquet,995,,,,,,,,,,
TOOL_HOVER,784573,5/9/2023 9:55,d347b967-5e20-4527-95dd-3a0fdf73af1d,Tourniquet,995,,,,,,,,,,
TOOL_HOVER,784589,5/9/2023 9:55,d347b967-5e20-4527-95dd-3a0fdf73af1d,Tourniquet,995,,,,,,,,,,
TOOL_HOVER,784607,5/9/2023 9:55,d347b967-5e20-4527-95dd-3a0fdf73af1d,Tourniquet,995,,,,,,,,,,
TOOL_HOVER,784623,5/9/2023 9:55,d347b967-5e20-4527-95dd-3a0fdf73af1d,Tourniquet,995,,,,,,,,,,
TOOL_HOVER,784639,5/9/2023 9:55,d347b967-5e20-4527-95dd-3a0fdf73af1d,Tourniquet,995,,,,,,,,,,
TOOL_HOVER,784656,5/9/2023 9:55,d347b967-5e20-4527-95dd-3a0fdf73af1d,Tourniquet,995,,,,,,,,,,
TOOL_HOVER,784673,5/9/2023 9:55,d347b967-5e20-4527-95dd-3a0fdf73af1d,Tourniquet,995,,,,,,,,,,
TOOL_HOVER,784690,5/9/2023 9:55,d347b967-5e20-4527-95dd-3a0fdf73af1d,Tourniquet,995,,,,,,,,,,
TOOL_HOVER,784706,5/9/2023 9:55,d347b967-5e20-4527-95dd-3a0fdf73af1d,Tourniquet,995,,,,,,,,,,
TOOL_HOVER,784723,5/9/2023 9:55,d347b967-5e20-4527-95dd-3a0fdf73af1d,Tourniquet,995,,,,,,,,,,
TOOL_HOVER,784740,5/9/2023 9:55,d347b967-5e20-4527-95dd-3a0fdf73af1d,Tourniquet,995,,,,,,,,,,
TOOL_HOVER,784756,5/9/2023 9:55,d347b967-5e20-4527-95dd-3a0fdf73af1d,Tourniquet,995,,,,,,,,,,
TOOL_HOVER,784773,5/9/2023 9:55,d347b967-5e20-4527-95dd-3a0fdf73af1d,Tourniquet,995,,,,,,,,,,
TOOL_HOVER,784789,5/9/2023 9:55,d347b967-5e20-4527-95dd-3a0fdf73af1d,Tourniquet,995,,,,,,,,,,
TOOL_HOVER,784806,5/9/2023 9:55,d347b967-5e20-4527-95dd-3a0fdf73af1d,Tourniquet,995,,,,,,,,,,
TOOL_HOVER,784822,5/9/2023 9:55,d347b967-5e20-4527-95dd-3a0fdf73af1d,Tourniquet,995,,,,,,,,,,
TOOL_HOVER,784840,5/9/2023 9:55,d347b967-5e20-4527-95dd-3a0fdf73af1d,Tourniquet,995,,,,,,,,,,
TOOL_HOVER,784856,5/9/2023 9:55,d347b967-5e20-4527-95dd-3a0fdf73af1d,Tourniquet,995,,,,,,,,,,
TOOL_HOVER,784873,5/9/2023 9:55,d347b967-5e20-4527-95dd-3a0fdf73af1d,Tourniquet,995,,,,,,,,,,
TOOL_HOVER,784890,5/9/2023 9:55,d347b967-5e20-4527-95dd-3a0fdf73af1d,Tourniquet,995,,,,,,,,,,
TOOL_HOVER,784906,5/9/2023 9:55,d347b967-5e20-4527-95dd-3a0fdf73af1d,Tourniquet,995,,,,,,,,,,
TOOL_HOVER,784923,5/9/2023 9:55,d347b967-5e20-4527-95dd-3a0fdf73af1d,Tourniquet,995,,,,,,,,,,
TOOL_HOVER,784939,5/9/2023 9:55,d347b967-5e20-4527-95dd-3a0fdf73af1d,Tourniquet,995,,,,,,,,,,
TOOL_HOVER,784956,5/9/2023 9:55,d347b967-5e20-4527-95dd-3a0fdf73af1d,Tourniquet,995,,,,,,,,,,
TOOL_HOVER,784984,5/9/2023 9:55,d347b967-5e20-4527-95dd-3a0fdf73af1d,Tourniquet,995,,,,,,,,,,
TOOL_HOVER,784992,5/9/2023 9:55,d347b967-5e20-4527-95dd-3a0fdf73af1d,Tourniquet,995,,,,,,,,,,
TOOL_HOVER,785009,5/9/2023 9:55,d347b967-5e20-4527-95dd-3a0fdf73af1d,Tourniquet,995,,,,,,,,,,
TOOL_HOVER,785025,5/9/2023 9:55,d347b967-5e20-4527-95dd-3a0fdf73af1d,Tourniquet,995,,,,,,,,,,
TOOL_HOVER,785043,5/9/2023 9:55,d347b967-5e20-4527-95dd-3a0fdf73af1d,Tourniquet,995,,,,,,,,,,
TOOL_HOVER,785058,5/9/2023 9:55,d347b967-5e20-4527-95dd-3a0fdf73af1d,Tourniquet,995,,,,,,,,,,
TOOL_HOVER,785075,5/9/2023 9:55,d347b967-5e20-4527-95dd-3a0fdf73af1d,Tourniquet,995,,,,,,,,,,
TOOL_HOVER,785093,5/9/2023 9:55,d347b967-5e20-4527-95dd-3a0fdf73af1d,Tourniquet,995,,,,,,,,,,
TOOL_HOVER,785109,5/9/2023 9:55,d347b967-5e20-4527-95dd-3a0fdf73af1d,Tourniquet,995,,,,,,,,,,
TOOL_HOVER,785226,5/9/2023 9:55,d347b967-5e20-4527-95dd-3a0fdf73af1d,Hemostatic Gauze,999,,,,,,,,,,
TOOL_HOVER,785243,5/9/2023 9:55,d347b967-5e20-4527-95dd-3a0fdf73af1d,Hemostatic Gauze,999,,,,,,,,,,
TOOL_HOVER,785258,5/9/2023 9:55,d347b967-5e20-4527-95dd-3a0fdf73af1d,Hemostatic Gauze,999,,,,,,,,,,
TOOL_HOVER,785275,5/9/2023 9:55,d347b967-5e20-4527-95dd-3a0fdf73af1d,Hemostatic Gauze,999,,,,,,,,,,
TOOL_HOVER,785293,5/9/2023 9:55,d347b967-5e20-4527-95dd-3a0fdf73af1d,Hemostatic Gauze,999,,,,,,,,,,
TOOL_HOVER,785310,5/9/2023 9:55,d347b967-5e20-4527-95dd-3a0fdf73af1d,Hemostatic Gauze,999,,,,,,,,,,
TOOL_HOVER,785326,5/9/2023 9:55,d347b967-5e20-4527-95dd-3a0fdf73af1d,Hemostatic Gauze,999,,,,,,,,,,
TOOL_HOVER,785343,5/9/2023 9:55,d347b967-5e20-4527-95dd-3a0fdf73af1d,Hemostatic Gauze,999,,,,,,,,,,
TOOL_HOVER,785359,5/9/2023 9:55,d347b967-5e20-4527-95dd-3a0fdf73af1d,Hemostatic Gauze,999,,,,,,,,,,
TOOL_SELECTED,785360,5/9/2023 9:55,d347b967-5e20-4527-95dd-3a0fdf73af1d,Hemostatic Gauze,998,,,,,,,,,,
TOOL_DISCARDED,787542,5/9/2023 9:55,d347b967-5e20-4527-95dd-3a0fdf73af1d,Hemostatic Gauze,998,"(4.1, 0.9, -2.5)",,,,,,,,,
INJURY_TREATED,787542,5/9/2023 9:55,d347b967-5e20-4527-95dd-3a0fdf73af1d,L Forearm Laceration,Gloria_8 Root,gauzePressure,low,leftArm,FALSE,TRUE,"(4.1, 0.9, -2.5)",,,,
TOOL_APPLIED,787545,5/9/2023 9:55,d347b967-5e20-4527-95dd-3a0fdf73af1d,Gloria_8 Root,Gauze_Pack,skinCollider_Body_LOD (UnityEngine.GameObject),null,null,AppliedPackingGauze,,,,,,
BAG_CLOSED,788418,5/9/2023 9:55,d347b967-5e20-4527-95dd-3a0fdf73af1d,"(3.5, 0.8, -1.9)",,,,,,,,,,,
TELEPORT,790734,5/9/2023 9:55,d347b967-5e20-4527-95dd-3a0fdf73af1d,"(3.2, 0.0, -0.2)",,,,,,,,,,,
PULSE_TAKEN,792468,5/9/2023 9:55,d347b967-5e20-4527-95dd-3a0fdf73af1d,pulse_normal,Helga_10 Root,,,,,,,,,,
PATIENT_ENGAGED,795291,5/9/2023 9:55,d347b967-5e20-4527-95dd-3a0fdf73af1d,100,Infinity,Helga_10 Root,"(3.5, 0.0, -2.7)","(0.0, -0.5, 0.0, -0.9)",MINIMAL,walker,normal,normal,normal,calm,standing
PULSE_TAKEN,795540,5/9/2023 9:55,d347b967-5e20-4527-95dd-3a0fdf73af1d,pulse_normal,Gloria_8 Root,,,,,,,,,,
PATIENT_ENGAGED,796735,5/9/2023 9:55,d347b967-5e20-4527-95dd-3a0fdf73af1d,100,Infinity,Gloria_8 Root,"(4.2, 0.0, -2.5)","(0.0, 0.7, 0.0, -0.7)",MINIMAL,walker,normal,normal,normal,upset,standing
BAG_ACCESS,800673,5/9/2023 9:55,d347b967-5e20-4527-95dd-3a0fdf73af1d,"(4.0, 0.8, -3.1)",,,,,,,,,,,
TOOL_HOVER,801122,5/9/2023 9:55,d347b967-5e20-4527-95dd-3a0fdf73af1d,Hemostatic Gauze,999,,,,,,,,,,
TOOL_HOVER,801139,5/9/2023 9:55,d347b967-5e20-4527-95dd-3a0fdf73af1d,Hemostatic Gauze,999,,,,,,,,,,
TOOL_HOVER,801156,5/9/2023 9:55,d347b967-5e20-4527-95dd-3a0fdf73af1d,Hemostatic Gauze,999,,,,,,,,,,
TOOL_SELECTED,801157,5/9/2023 9:55,d347b967-5e20-4527-95dd-3a0fdf73af1d,Hemostatic Gauze,998,,,,,,,,,,
TOOL_DISCARDED,802240,5/9/2023 9:55,d347b967-5e20-4527-95dd-3a0fdf73af1d,Hemostatic Gauze,998,"(4.1, 0.9, -2.6)",,,,,,,,,
INJURY_TREATED,802240,5/9/2023 9:55,d347b967-5e20-4527-95dd-3a0fdf73af1d,L Forearm Laceration,Gloria_8 Root,gauzePressure,low,leftArm,FALSE,TRUE,"(4.1, 0.9, -2.6)",,,,
TOOL_APPLIED,802241,5/9/2023 9:55,d347b967-5e20-4527-95dd-3a0fdf73af1d,Gloria_8 Root,Gauze_Pack,skinCollider_Body_LOD (UnityEngine.GameObject),null,null,AppliedPackingGauze,,,,,,
TOOL_HOVER,803820,5/9/2023 9:55,d347b967-5e20-4527-95dd-3a0fdf73af1d,Needle,997,,,,,,,,,,
TOOL_HOVER,803837,5/9/2023 9:55,d347b967-5e20-4527-95dd-3a0fdf73af1d,Needle,997,,,,,,,,,,
TOOL_HOVER,803854,5/9/2023 9:55,d347b967-5e20-4527-95dd-3a0fdf73af1d,Needle,997,,,,,,,,,,
TOOL_HOVER,803871,5/9/2023 9:55,d347b967-5e20-4527-95dd-3a0fdf73af1d,Needle,997,,,,,,,,,,
TOOL_HOVER,803887,5/9/2023 9:55,d347b967-5e20-4527-95dd-3a0fdf73af1d,Needle,997,,,,,,,,,,
TOOL_HOVER,803904,5/9/2023 9:55,d347b967-5e20-4527-95dd-3a0fdf73af1d,Needle,997,,,,,,,,,,
TOOL_HOVER,803921,5/9/2023 9:55,d347b967-5e20-4527-95dd-3a0fdf73af1d,Tourniquet,995,,,,,,,,,,
TOOL_HOVER,803938,5/9/2023 9:55,d347b967-5e20-4527-95dd-3a0fdf73af1d,Tourniquet,995,,,,,,,,,,
TOOL_HOVER,803954,5/9/2023 9:55,d347b967-5e20-4527-95dd-3a0fdf73af1d,Tourniquet,995,,,,,,,,,,
TOOL_HOVER,803971,5/9/2023 9:55,d347b967-5e20-4527-95dd-3a0fdf73af1d,Tourniquet,995,,,,,,,,,,
TOOL_HOVER,803988,5/9/2023 9:55,d347b967-5e20-4527-95dd-3a0fdf73af1d,Tourniquet,995,,,,,,,,,,
TOOL_HOVER,804004,5/9/2023 9:55,d347b967-5e20-4527-95dd-3a0fdf73af1d,Tourniquet,995,,,,,,,,,,
TOOL_HOVER,804021,5/9/2023 9:55,d347b967-5e20-4527-95dd-3a0fdf73af1d,Tourniquet,995,,,,,,,,,,
TOOL_HOVER,804038,5/9/2023 9:55,d347b967-5e20-4527-95dd-3a0fdf73af1d,Tourniquet,995,,,,,,,,,,
TOOL_HOVER,804054,5/9/2023 9:55,d347b967-5e20-4527-95dd-3a0fdf73af1d,Tourniquet,995,,,,,,,,,,
TOOL_HOVER,804070,5/9/2023 9:55,d347b967-5e20-4527-95dd-3a0fdf73af1d,Tourniquet,995,,,,,,,,,,
TOOL_SELECTED,804072,5/9/2023 9:55,d347b967-5e20-4527-95dd-3a0fdf73af1d,Tourniquet,994,,,,,,,,,,
INJURY_TREATED,811764,5/9/2023 9:55,d347b967-5e20-4527-95dd-3a0fdf73af1d,L Forearm Laceration,Gloria_8 Root,gauzePressure,low,leftArm,FALSE,TRUE,"(4.1, 0.9, -2.7)",,,,
TOOL_APPLIED,811764,5/9/2023 9:55,d347b967-5e20-4527-95dd-3a0fdf73af1d,Gloria_8 Root,Tourniquet,LeftForeArm (UnityEngine.GameObject),tor_ring (1) (UnityEngine.GameObject),tourniquet(Clone) (UnityEngine.GameObject),AppliedTourniquet,,,,,,
TAG_SELECTED,816641,5/9/2023 9:55,d347b967-5e20-4527-95dd-3a0fdf73af1d,red,,,,,,,,,,,
VOICE_CAPTURE,820504,5/9/2023 9:55,d347b967-5e20-4527-95dd-3a0fdf73af1d,modbutton no,NA,,,,,,,,,,
VOICE_COMMAND,820504,5/9/2023 9:55,d347b967-5e20-4527-95dd-3a0fdf73af1d,modbutton no,modbutton no,,,,,,,,,,
TAG_DISCARDED,824100,5/9/2023 9:56,d347b967-5e20-4527-95dd-3a0fdf73af1d,red,"(4.3, 0.9, -3.0)",,,,,,,,,,
TAG_SELECTED,824752,5/9/2023 9:56,d347b967-5e20-4527-95dd-3a0fdf73af1d,yellow,,,,,,,,,,,
TAG_APPLIED,825717,5/9/2023 9:56,d347b967-5e20-4527-95dd-3a0fdf73af1d,Gloria_8 Root,yellow,,,,,,,,,,
PATIENT_ENGAGED,827318,5/9/2023 9:56,d347b967-5e20-4527-95dd-3a0fdf73af1d,100,Infinity,Helga_10 Root,"(3.5, 0.0, -2.7)","(0.0, -0.5, 0.0, -0.9)",MINIMAL,walker,normal,normal,normal,calm,standing
VOICE_CAPTURE,830243,5/9/2023 9:56,d347b967-5e20-4527-95dd-3a0fdf73af1d,modbutton im okay,NA,,,,,,,,,,
VOICE_COMMAND,830243,5/9/2023 9:56,d347b967-5e20-4527-95dd-3a0fdf73af1d,modbutton im okay,modbutton im okay,,,,,,,,,,
PATIENT_ENGAGED,831629,5/9/2023 9:56,d347b967-5e20-4527-95dd-3a0fdf73af1d,100,Infinity,Gloria_8 Root,"(4.2, 0.0, -2.5)","(0.0, 0.7, 0.0, -0.7)",MINIMAL,walker,normal,normal,normal,upset,standing
PATIENT_ENGAGED,832938,5/9/2023 9:56,d347b967-5e20-4527-95dd-3a0fdf73af1d,100,Infinity,Helga_10 Root,"(3.5, 0.0, -2.7)","(0.0, -0.5, 0.0, -0.9)",MINIMAL,walker,normal,normal,normal,calm,standing
PATIENT_ENGAGED,834226,5/9/2023 9:56,d347b967-5e20-4527-95dd-3a0fdf73af1d,100,Infinity,Gloria_8 Root,"(4.2, 0.0, -2.5)","(0.0, 0.7, 0.0, -0.7)",MINIMAL,walker,normal,normal,normal,upset,standing
TOOL_HOVER,835425,5/9/2023 9:56,d347b967-5e20-4527-95dd-3a0fdf73af1d,Hemostatic Gauze,999,,,,,,,,,,
TOOL_HOVER,835443,5/9/2023 9:56,d347b967-5e20-4527-95dd-3a0fdf73af1d,Hemostatic Gauze,999,,,,,,,,,,
TOOL_HOVER,835459,5/9/2023 9:56,d347b967-5e20-4527-95dd-3a0fdf73af1d,Hemostatic Gauze,999,,,,,,,,,,
TOOL_HOVER,835475,5/9/2023 9:56,d347b967-5e20-4527-95dd-3a0fdf73af1d,Hemostatic Gauze,999,,,,,,,,,,
TOOL_HOVER,835492,5/9/2023 9:56,d347b967-5e20-4527-95dd-3a0fdf73af1d,Hemostatic Gauze,999,,,,,,,,,,
TOOL_HOVER,835509,5/9/2023 9:56,d347b967-5e20-4527-95dd-3a0fdf73af1d,Hemostatic Gauze,999,,,,,,,,,,
TOOL_HOVER,835526,5/9/2023 9:56,d347b967-5e20-4527-95dd-3a0fdf73af1d,Hemostatic Gauze,999,,,,,,,,,,
TOOL_HOVER,835541,5/9/2023 9:56,d347b967-5e20-4527-95dd-3a0fdf73af1d,Hemostatic Gauze,999,,,,,,,,,,
TOOL_HOVER,835559,5/9/2023 9:56,d347b967-5e20-4527-95dd-3a0fdf73af1d,Hemostatic Gauze,999,,,,,,,,,,
TOOL_HOVER,835575,5/9/2023 9:56,d347b967-5e20-4527-95dd-3a0fdf73af1d,Hemostatic Gauze,999,,,,,,,,,,
TOOL_HOVER,835593,5/9/2023 9:56,d347b967-5e20-4527-95dd-3a0fdf73af1d,Hemostatic Gauze,999,,,,,,,,,,
TOOL_HOVER,835608,5/9/2023 9:56,d347b967-5e20-4527-95dd-3a0fdf73af1d,Hemostatic Gauze,999,,,,,,,,,,
TOOL_HOVER,835625,5/9/2023 9:56,d347b967-5e20-4527-95dd-3a0fdf73af1d,Hemostatic Gauze,999,,,,,,,,,,
TOOL_HOVER,835642,5/9/2023 9:56,d347b967-5e20-4527-95dd-3a0fdf73af1d,Hemostatic Gauze,999,,,,,,,,,,
TOOL_HOVER,835658,5/9/2023 9:56,d347b967-5e20-4527-95dd-3a0fdf73af1d,Hemostatic Gauze,999,,,,,,,,,,
TOOL_HOVER,835675,5/9/2023 9:56,d347b967-5e20-4527-95dd-3a0fdf73af1d,Hemostatic Gauze,999,,,,,,,,,,
TOOL_HOVER,835693,5/9/2023 9:56,d347b967-5e20-4527-95dd-3a0fdf73af1d,Hemostatic Gauze,999,,,,,,,,,,
TOOL_HOVER,835709,5/9/2023 9:56,d347b967-5e20-4527-95dd-3a0fdf73af1d,Hemostatic Gauze,999,,,,,,,,,,
BAG_CLOSED,836619,5/9/2023 9:56,d347b967-5e20-4527-95dd-3a0fdf73af1d,"(4.0, 0.8, -3.1)",,,,,,,,,,,
TELEPORT,837038,5/9/2023 9:56,d347b967-5e20-4527-95dd-3a0fdf73af1d,"(5.0, 0.0, -2.4)",,,,,,,,,,,
PATIENT_ENGAGED,838405,5/9/2023 9:56,d347b967-5e20-4527-95dd-3a0fdf73af1d,100,Infinity,Helga_10 Root,"(3.5, 0.0, -2.7)","(0.0, -0.5, 0.0, -0.9)",MINIMAL,walker,normal,normal,normal,calm,standing
PATIENT_ENGAGED,841822,5/9/2023 9:56,d347b967-5e20-4527-95dd-3a0fdf73af1d,100,Infinity,Gloria_8 Root,"(4.2, 0.0, -2.5)","(0.0, 0.7, 0.0, -0.7)",MINIMAL,walker,normal,normal,normal,upset,standing
PATIENT_ENGAGED,842156,5/9/2023 9:56,d347b967-5e20-4527-95dd-3a0fdf73af1d,100,Infinity,Helga_10 Root,"(3.5, 0.0, -2.7)","(0.0, -0.5, 0.0, -0.9)",MINIMAL,walker,normal,normal,normal,calm,standing
VOICE_CAPTURE,843515,5/9/2023 9:56,d347b967-5e20-4527-95dd-3a0fdf73af1d,modbutton im okay,NA,,,,,,,,,,
VOICE_COMMAND,843515,5/9/2023 9:56,d347b967-5e20-4527-95dd-3a0fdf73af1d,modbutton im okay,modbutton im okay,,,,,,,,,,
VOICE_CAPTURE,847470,5/9/2023 9:56,d347b967-5e20-4527-95dd-3a0fdf73af1d,modbutton yes,NA,,,,,,,,,,
VOICE_COMMAND,847470,5/9/2023 9:56,d347b967-5e20-4527-95dd-3a0fdf73af1d,modbutton yes,modbutton yes,,,,,,,,,,
PATIENT_ENGAGED,848235,5/9/2023 9:56,d347b967-5e20-4527-95dd-3a0fdf73af1d,100,Infinity,Gloria_8 Root,"(4.2, 0.0, -2.5)","(0.0, 0.7, 0.0, -0.7)",MINIMAL,walker,normal,normal,normal,upset,standing
PATIENT_ENGAGED,848886,5/9/2023 9:56,d347b967-5e20-4527-95dd-3a0fdf73af1d,100,Infinity,Helga_10 Root,"(3.5, 0.0, -2.7)","(0.0, -0.5, 0.0, -0.9)",MINIMAL,walker,normal,normal,normal,calm,standing
BAG_ACCESS,849942,5/9/2023 9:56,d347b967-5e20-4527-95dd-3a0fdf73af1d,"(4.0, 0.8, -3.3)",,,,,,,,,,,
TAG_SELECTED,850627,5/9/2023 9:56,d347b967-5e20-4527-95dd-3a0fdf73af1d,green,,,,,,,,,,,
TAG_DISCARDED,852887,5/9/2023 9:56,d347b967-5e20-4527-95dd-3a0fdf73af1d,green,"(3.6, 1.0, -3.4)",,,,,,,,,,
PULSE_TAKEN,853487,5/9/2023 9:56,d347b967-5e20-4527-95dd-3a0fdf73af1d,pulse_normal,Helga_10 Root,,,,,,,,,,
TAG_SELECTED,855677,5/9/2023 9:56,d347b967-5e20-4527-95dd-3a0fdf73af1d,green,,,,,,,,,,,
TAG_APPLIED,856477,5/9/2023 9:56,d347b967-5e20-4527-95dd-3a0fdf73af1d,Helga_10 Root,green,,,,,,,,,,
BAG_CLOSED,858813,5/9/2023 9:56,d347b967-5e20-4527-95dd-3a0fdf73af1d,"(4.0, 0.8, -3.3)",,,,,,,,,,,
TELEPORT,866675,5/9/2023 9:56,d347b967-5e20-4527-95dd-3a0fdf73af1d,"(3.4, 0.0, -2.7)",,,,,,,,,,,
TELEPORT,870310,5/9/2023 9:56,d347b967-5e20-4527-95dd-3a0fdf73af1d,"(3.4, 0.0, -2.7)",,,,,,,,,,,
TELEPORT,872210,5/9/2023 9:56,d347b967-5e20-4527-95dd-3a0fdf73af1d,"(3.4, 0.0, -2.7)",,,,,,,,,,,
SESSION_END,877738,5/9/2023 9:56,d347b967-5e20-4527-95dd-3a0fdf73af1d,,,,,,,,,,,,
