TELEPORT,2252,4/21/2023 10:33,7a1065f6-1a05-4d2b-bf14-73cafdb9ce4b,"(1.9, 0.0, 1.2)",,,,,,,,,,,
TELEPORT,4272,4/21/2023 10:33,7a1065f6-1a05-4d2b-bf14-73cafdb9ce4b,"(0.8, 0.0, 1.4)",,,,,,,,,,,
TELEPORT,6945,4/21/2023 10:33,7a1065f6-1a05-4d2b-bf14-73cafdb9ce4b,"(0.1, 0.0, 2.4)",,,,,,,,,,,
TELEPORT,9749,4/21/2023 10:33,7a1065f6-1a05-4d2b-bf14-73cafdb9ce4b,"(0.7, 0.0, 1.4)",,,,,,,,,,,
TELEPORT,13865,4/21/2023 10:33,7a1065f6-1a05-4d2b-bf14-73cafdb9ce4b,"(0.7, 0.0, 1.4)",,,,,,,,,,,
VOICE_CAPTURE,17538,4/21/2023 10:33,7a1065f6-1a05-4d2b-bf14-73cafdb9ce4b,Oh the actual thing OK,NA,,,,,,,,,,
VOICE_CAPTURE,25244,4/21/2023 10:33,7a1065f6-1a05-4d2b-bf14-73cafdb9ce4b,this one,NA,,,,,,,,,,
TELEPORT,27199,4/21/2023 10:33,7a1065f6-1a05-4d2b-bf14-73cafdb9ce4b,"(0.0, 0.0, -2.3)",,,,,,,,,,,
TELEPORT,28453,4/21/2023 10:33,7a1065f6-1a05-4d2b-bf14-73cafdb9ce4b,"(-0.2, 0.0, -1.8)",,,,,,,,,,,
VOICE_CAPTURE,33803,4/21/2023 10:33,7a1065f6-1a05-4d2b-bf14-73cafdb9ce4b,yeah that's weird,NA,,,,,,,,,,
TELEPORT,36372,4/21/2023 10:33,7a1065f6-1a05-4d2b-bf14-73cafdb9ce4b,"(-0.4, 0.0, -1.8)",,,,,,,,,,,
VOICE_CAPTURE,38091,4/21/2023 10:33,7a1065f6-1a05-4d2b-bf14-73cafdb9ce4b,this trigger,NA,,,,,,,,,,
VOICE_CAPTURE,39430,4/21/2023 10:33,7a1065f6-1a05-4d2b-bf14-73cafdb9ce4b,pull up,NA,,,,,,,,,,
BAG_ACCESS,42571,4/21/2023 10:33,7a1065f6-1a05-4d2b-bf14-73cafdb9ce4b,"(0.6, 0.8, -1.7)",,,,,,,,,,,
TOOL_HOVER,45094,4/21/2023 10:33,7a1065f6-1a05-4d2b-bf14-73cafdb9ce4b,Hemostatic Gauze,999,,,,,,,,,,
TOOL_HOVER,45108,4/21/2023 10:33,7a1065f6-1a05-4d2b-bf14-73cafdb9ce4b,Hemostatic Gauze,999,,,,,,,,,,
TOOL_HOVER,45127,4/21/2023 10:33,7a1065f6-1a05-4d2b-bf14-73cafdb9ce4b,Hemostatic Gauze,999,,,,,,,,,,
TOOL_HOVER,45141,4/21/2023 10:33,7a1065f6-1a05-4d2b-bf14-73cafdb9ce4b,Hemostatic Gauze,999,,,,,,,,,,
TOOL_HOVER,45159,4/21/2023 10:33,7a1065f6-1a05-4d2b-bf14-73cafdb9ce4b,Hemostatic Gauze,999,,,,,,,,,,
TOOL_HOVER,45176,4/21/2023 10:33,7a1065f6-1a05-4d2b-bf14-73cafdb9ce4b,Hemostatic Gauze,999,,,,,,,,,,
TOOL_HOVER,45192,4/21/2023 10:33,7a1065f6-1a05-4d2b-bf14-73cafdb9ce4b,Hemostatic Gauze,999,,,,,,,,,,
TOOL_HOVER,45209,4/21/2023 10:33,7a1065f6-1a05-4d2b-bf14-73cafdb9ce4b,Hemostatic Gauze,999,,,,,,,,,,
TOOL_HOVER,45225,4/21/2023 10:33,7a1065f6-1a05-4d2b-bf14-73cafdb9ce4b,Hemostatic Gauze,999,,,,,,,,,,
TOOL_HOVER,45244,4/21/2023 10:33,7a1065f6-1a05-4d2b-bf14-73cafdb9ce4b,Hemostatic Gauze,999,,,,,,,,,,
TOOL_HOVER,45258,4/21/2023 10:33,7a1065f6-1a05-4d2b-bf14-73cafdb9ce4b,Hemostatic Gauze,999,,,,,,,,,,
TOOL_HOVER,45277,4/21/2023 10:33,7a1065f6-1a05-4d2b-bf14-73cafdb9ce4b,Hemostatic Gauze,999,,,,,,,,,,
TOOL_HOVER,45493,4/21/2023 10:33,7a1065f6-1a05-4d2b-bf14-73cafdb9ce4b,Hemostatic Gauze,999,,,,,,,,,,
TOOL_HOVER,45511,4/21/2023 10:33,7a1065f6-1a05-4d2b-bf14-73cafdb9ce4b,Hemostatic Gauze,999,,,,,,,,,,
TOOL_HOVER,45526,4/21/2023 10:33,7a1065f6-1a05-4d2b-bf14-73cafdb9ce4b,Hemostatic Gauze,999,,,,,,,,,,
TOOL_HOVER,45544,4/21/2023 10:33,7a1065f6-1a05-4d2b-bf14-73cafdb9ce4b,Hemostatic Gauze,999,,,,,,,,,,
TOOL_HOVER,45559,4/21/2023 10:33,7a1065f6-1a05-4d2b-bf14-73cafdb9ce4b,Hemostatic Gauze,999,,,,,,,,,,
TOOL_HOVER,45577,4/21/2023 10:33,7a1065f6-1a05-4d2b-bf14-73cafdb9ce4b,Hemostatic Gauze,999,,,,,,,,,,
TOOL_HOVER,45595,4/21/2023 10:33,7a1065f6-1a05-4d2b-bf14-73cafdb9ce4b,Hemostatic Gauze,999,,,,,,,,,,
TOOL_HOVER,45610,4/21/2023 10:33,7a1065f6-1a05-4d2b-bf14-73cafdb9ce4b,Hemostatic Gauze,999,,,,,,,,,,
TOOL_HOVER,45626,4/21/2023 10:33,7a1065f6-1a05-4d2b-bf14-73cafdb9ce4b,Hemostatic Gauze,999,,,,,,,,,,
TOOL_HOVER,45643,4/21/2023 10:33,7a1065f6-1a05-4d2b-bf14-73cafdb9ce4b,Hemostatic Gauze,999,,,,,,,,,,
TOOL_HOVER,45660,4/21/2023 10:33,7a1065f6-1a05-4d2b-bf14-73cafdb9ce4b,Hemostatic Gauze,999,,,,,,,,,,
TOOL_HOVER,45676,4/21/2023 10:33,7a1065f6-1a05-4d2b-bf14-73cafdb9ce4b,Hemostatic Gauze,999,,,,,,,,,,
VOICE_CAPTURE,46144,4/21/2023 10:33,7a1065f6-1a05-4d2b-bf14-73cafdb9ce4b,start,NA,,,,,,,,,,
BAG_CLOSED,46212,4/21/2023 10:33,7a1065f6-1a05-4d2b-bf14-73cafdb9ce4b,"(0.6, 0.8, -1.7)",,,,,,,,,,,
PATIENT_DEMOTED,47088,4/21/2023 10:33,7a1065f6-1a05-4d2b-bf14-73cafdb9ce4b,100,Infinity,Mike_1 Root,"(2.6, 0.0, 0.1)","(0.0, 0.7, 0.0, -0.7)",DELAYED,waver,normal,normal,normal,upset,recovery
PATIENT_DEMOTED,47740,4/21/2023 10:33,7a1065f6-1a05-4d2b-bf14-73cafdb9ce4b,100,Infinity,Mike_2 Root,"(2.6, 0.0, 2.4)","(0.0, 0.7, 0.0, -0.7)",IMMEDIATE,walker,fast,normal,normal,upset,sittingGround
PATIENT_DEMOTED,48399,4/21/2023 10:34,7a1065f6-1a05-4d2b-bf14-73cafdb9ce4b,100,128,Mike_3 Root,"(3.0, 0.0, 4.3)","(0.0, 0.7, 0.0, -0.7)",IMMEDIATE,still,faint,collapsedRight,normal,unresponsive,supine
VOICE_CAPTURE,49193,4/21/2023 10:34,7a1065f6-1a05-4d2b-bf14-73cafdb9ce4b,yeah sure,NA,,,,,,,,,,
SESSION_START,49811,4/21/2023 10:34,7a1065f6-1a05-4d2b-bf14-73cafdb9ce4b,,,,,,,,,,,,
PATIENT_RECORD,49811,4/21/2023 10:34,7a1065f6-1a05-4d2b-bf14-73cafdb9ce4b,100,Infinity,Mike_0 Root,"(2.6, 0.0, -1.4)","(0.0, 0.7, 0.0, -0.7)",MINIMAL,walker,normal,normal,normal,upset,sittingGround
INJURY_RECORD,49811,4/21/2023 10:34,7a1065f6-1a05-4d2b-bf14-73cafdb9ce4b,R Forearm Laceration,Mike_0 Root,gauzePressure,low,rightArm,FALSE,FALSE,"(2.7, 1.4, -0.9)",,,,
PATIENT_RECORD,49812,4/21/2023 10:34,7a1065f6-1a05-4d2b-bf14-73cafdb9ce4b,100,Infinity,Mike_1 Root,"(2.9, 0.0, 0.1)","(0.0, 0.7, 0.0, -0.7)",DELAYED,waver,normal,normal,normal,upset,recovery
INJURY_RECORD,49812,4/21/2023 10:34,7a1065f6-1a05-4d2b-bf14-73cafdb9ce4b,L Thigh Laceration,Mike_1 Root,tourniquet,medium,leftLeg,FALSE,FALSE,"(2.8, 0.7, -0.1)",,,,
PATIENT_RECORD,49812,4/21/2023 10:34,7a1065f6-1a05-4d2b-bf14-73cafdb9ce4b,100,Infinity,Mike_2 Root,"(3.1, 0.0, 2.2)","(0.0, 0.7, 0.0, -0.7)",IMMEDIATE,walker,fast,normal,normal,upset,sittingGround
INJURY_RECORD,49812,4/21/2023 10:34,7a1065f6-1a05-4d2b-bf14-73cafdb9ce4b,L Shoulder Puncture,Mike_2 Root,woundpack,medium,chest,FALSE,FALSE,"(3.1, 1.5, 2.1)",,,,
PATIENT_RECORD,49812,4/21/2023 10:34,7a1065f6-1a05-4d2b-bf14-73cafdb9ce4b,100,128,Mike_3 Root,"(3.2, 0.0, 4.3)","(0.0, 0.7, 0.0, -0.7)",IMMEDIATE,still,faint,collapsedRight,normal,unresponsive,supine
INJURY_RECORD,49812,4/21/2023 10:34,7a1065f6-1a05-4d2b-bf14-73cafdb9ce4b,R Chest Collapse,Mike_3 Root,decompress,high,chest,FALSE,FALSE,"(0.0, 0.0, 0.0)",,,,
TELEPORT,56825,4/21/2023 10:34,7a1065f6-1a05-4d2b-bf14-73cafdb9ce4b,"(0.8, 0.0, -3.4)",,,,,,,,,,,
VOICE_CAPTURE,59278,4/21/2023 10:34,7a1065f6-1a05-4d2b-bf14-73cafdb9ce4b,oh,NA,,,,,,,,,,
VOICE_CAPTURE,62588,4/21/2023 10:34,7a1065f6-1a05-4d2b-bf14-73cafdb9ce4b,walk,NA,,,,,,,,,,
VOICE_COMMAND,62588,4/21/2023 10:34,7a1065f6-1a05-4d2b-bf14-73cafdb9ce4b,walk to the safe area,walk,,,,,,,,,,
S_A_L_T_WALK_IF_CAN,62589,4/21/2023 10:34,7a1065f6-1a05-4d2b-bf14-73cafdb9ce4b,"(2.6, 0.0, -1.4)",walkIfCan,Mike_0 Root,,,,,,,,,
S_A_L_T_WALKED,62589,4/21/2023 10:34,7a1065f6-1a05-4d2b-bf14-73cafdb9ce4b,"(2.6, 0.0, -1.4)",walked,Mike_0 Root,,,,,,,,,
S_A_L_T_WALK_IF_CAN,62590,4/21/2023 10:34,7a1065f6-1a05-4d2b-bf14-73cafdb9ce4b,"(2.9, 0.0, 0.1)",walkIfCan,Mike_1 Root,,,,,,,,,
S_A_L_T_WALK_IF_CAN,62590,4/21/2023 10:34,7a1065f6-1a05-4d2b-bf14-73cafdb9ce4b,"(3.1, 0.0, 2.2)",walkIfCan,Mike_2 Root,,,,,,,,,
S_A_L_T_WALKED,62590,4/21/2023 10:34,7a1065f6-1a05-4d2b-bf14-73cafdb9ce4b,"(3.1, 0.0, 2.2)",walked,Mike_2 Root,,,,,,,,,
VOICE_CAPTURE,64040,4/21/2023 10:34,7a1065f6-1a05-4d2b-bf14-73cafdb9ce4b,can can somebody walk walk over to the stairs,NA,,,,,,,,,,
VOICE_COMMAND,64040,4/21/2023 10:34,7a1065f6-1a05-4d2b-bf14-73cafdb9ce4b,walk to the safe area,can can somebody walk walk over to the stairs,,,,,,,,,,
TELEPORT,68485,4/21/2023 10:34,7a1065f6-1a05-4d2b-bf14-73cafdb9ce4b,"(-0.1, 0.0, -2.9)",,,,,,,,,,,
VOICE_CAPTURE,72711,4/21/2023 10:34,7a1065f6-1a05-4d2b-bf14-73cafdb9ce4b,anybody can wave wave at me,NA,,,,,,,,,,
VOICE_COMMAND,72711,4/21/2023 10:34,7a1065f6-1a05-4d2b-bf14-73cafdb9ce4b,wave if you can,anybody can wave wave at me,,,,,,,,,,
S_A_L_T_WAVE_IF_CAN,72712,4/21/2023 10:34,7a1065f6-1a05-4d2b-bf14-73cafdb9ce4b,"(1.7, 0.0, -3.0)",waveIfCan,Mike_0 Root,,,,,,,,,
S_A_L_T_WAVED,72712,4/21/2023 10:34,7a1065f6-1a05-4d2b-bf14-73cafdb9ce4b,"(1.7, 0.0, -3.0)",waved,Mike_0 Root,,,,,,,,,
S_A_L_T_WAVE_IF_CAN,72712,4/21/2023 10:34,7a1065f6-1a05-4d2b-bf14-73cafdb9ce4b,"(2.9, 0.0, 0.1)",waveIfCan,Mike_1 Root,,,,,,,,,
S_A_L_T_WAVED,72712,4/21/2023 10:34,7a1065f6-1a05-4d2b-bf14-73cafdb9ce4b,"(2.9, 0.0, 0.1)",waved,Mike_1 Root,,,,,,,,,
S_A_L_T_WAVE_IF_CAN,72712,4/21/2023 10:34,7a1065f6-1a05-4d2b-bf14-73cafdb9ce4b,"(3.4, 0.0, -2.5)",waveIfCan,Mike_2 Root,,,,,,,,,
S_A_L_T_WAVED,72712,4/21/2023 10:34,7a1065f6-1a05-4d2b-bf14-73cafdb9ce4b,"(3.4, 0.0, -2.5)",waved,Mike_2 Root,,,,,,,,,
S_A_L_T_WALK_IF_CAN,72728,4/21/2023 10:34,7a1065f6-1a05-4d2b-bf14-73cafdb9ce4b,"(1.7, 0.0, -3.0)",walkIfCan,Mike_0 Root,,,,,,,,,
S_A_L_T_WALKED,72728,4/21/2023 10:34,7a1065f6-1a05-4d2b-bf14-73cafdb9ce4b,"(1.7, 0.0, -3.0)",walked,Mike_0 Root,,,,,,,,,
S_A_L_T_WALK_IF_CAN,72728,4/21/2023 10:34,7a1065f6-1a05-4d2b-bf14-73cafdb9ce4b,"(3.4, 0.0, -2.5)",walkIfCan,Mike_2 Root,,,,,,,,,
S_A_L_T_WALKED,72728,4/21/2023 10:34,7a1065f6-1a05-4d2b-bf14-73cafdb9ce4b,"(3.4, 0.0, -2.5)",walked,Mike_2 Root,,,,,,,,,
TELEPORT,74316,4/21/2023 10:34,7a1065f6-1a05-4d2b-bf14-73cafdb9ce4b,"(0.2, 0.0, -2.0)",,,,,,,,,,,
VOICE_CAPTURE,77022,4/21/2023 10:34,7a1065f6-1a05-4d2b-bf14-73cafdb9ce4b,yeah,NA,,,,,,,,,,
TELEPORT,78292,4/21/2023 10:34,7a1065f6-1a05-4d2b-bf14-73cafdb9ce4b,"(0.1, 0.0, -1.8)",,,,,,,,,,,
TELEPORT,80731,4/21/2023 10:34,7a1065f6-1a05-4d2b-bf14-73cafdb9ce4b,"(0.1, 0.0, -1.8)",,,,,,,,,,,
TELEPORT,81585,4/21/2023 10:34,7a1065f6-1a05-4d2b-bf14-73cafdb9ce4b,"(0.1, 0.0, -1.8)",,,,,,,,,,,
TELEPORT,82050,4/21/2023 10:34,7a1065f6-1a05-4d2b-bf14-73cafdb9ce4b,"(2.3, 0.0, 1.2)",,,,,,,,,,,
VOICE_CAPTURE,84339,4/21/2023 10:34,7a1065f6-1a05-4d2b-bf14-73cafdb9ce4b,there we go,NA,,,,,,,,,,
TELEPORT,90369,4/21/2023 10:34,7a1065f6-1a05-4d2b-bf14-73cafdb9ce4b,"(3.6, 0.0, 4.7)",,,,,,,,,,,
PULSE_TAKEN,92288,4/21/2023 10:34,7a1065f6-1a05-4d2b-bf14-73cafdb9ce4b,pulse_faint,Mike_3 Root,,,,,,,,,,
PATIENT_ENGAGED,97051,4/21/2023 10:34,7a1065f6-1a05-4d2b-bf14-73cafdb9ce4b,100,128,Mike_3 Root,"(3.2, 0.0, 4.3)","(0.0, 0.7, 0.0, -0.7)",IMMEDIATE,still,faint,collapsedRight,normal,unresponsive,supine
VOICE_CAPTURE,98052,4/21/2023 10:34,7a1065f6-1a05-4d2b-bf14-73cafdb9ce4b,OK he's got a pause,NA,,,,,,,,,,
BAG_ACCESS,102213,4/21/2023 10:34,7a1065f6-1a05-4d2b-bf14-73cafdb9ce4b,"(3.6, 0.7, 4.5)",,,,,,,,,,,
TOOL_HOVER,106893,4/21/2023 10:34,7a1065f6-1a05-4d2b-bf14-73cafdb9ce4b,Needle,999,,,,,,,,,,
TOOL_HOVER,106907,4/21/2023 10:34,7a1065f6-1a05-4d2b-bf14-73cafdb9ce4b,Needle,999,,,,,,,,,,
TOOL_HOVER,106924,4/21/2023 10:34,7a1065f6-1a05-4d2b-bf14-73cafdb9ce4b,Needle,999,,,,,,,,,,
TOOL_HOVER,106941,4/21/2023 10:34,7a1065f6-1a05-4d2b-bf14-73cafdb9ce4b,Needle,999,,,,,,,,,,
TOOL_HOVER,106958,4/21/2023 10:34,7a1065f6-1a05-4d2b-bf14-73cafdb9ce4b,Needle,999,,,,,,,,,,
TOOL_HOVER,106974,4/21/2023 10:34,7a1065f6-1a05-4d2b-bf14-73cafdb9ce4b,Needle,999,,,,,,,,,,
TOOL_HOVER,106992,4/21/2023 10:34,7a1065f6-1a05-4d2b-bf14-73cafdb9ce4b,Needle,999,,,,,,,,,,
TOOL_HOVER,107009,4/21/2023 10:34,7a1065f6-1a05-4d2b-bf14-73cafdb9ce4b,Needle,999,,,,,,,,,,
TOOL_HOVER,107027,4/21/2023 10:34,7a1065f6-1a05-4d2b-bf14-73cafdb9ce4b,Needle,999,,,,,,,,,,
TOOL_HOVER,107041,4/21/2023 10:34,7a1065f6-1a05-4d2b-bf14-73cafdb9ce4b,Needle,999,,,,,,,,,,
TOOL_HOVER,107062,4/21/2023 10:34,7a1065f6-1a05-4d2b-bf14-73cafdb9ce4b,Needle,999,,,,,,,,,,
TOOL_HOVER,107075,4/21/2023 10:34,7a1065f6-1a05-4d2b-bf14-73cafdb9ce4b,Needle,999,,,,,,,,,,
TOOL_HOVER,107093,4/21/2023 10:34,7a1065f6-1a05-4d2b-bf14-73cafdb9ce4b,Needle,999,,,,,,,,,,
TOOL_HOVER,107108,4/21/2023 10:34,7a1065f6-1a05-4d2b-bf14-73cafdb9ce4b,Needle,999,,,,,,,,,,
TOOL_HOVER,107126,4/21/2023 10:34,7a1065f6-1a05-4d2b-bf14-73cafdb9ce4b,Needle,999,,,,,,,,,,
TOOL_HOVER,107141,4/21/2023 10:34,7a1065f6-1a05-4d2b-bf14-73cafdb9ce4b,Needle,999,,,,,,,,,,
TOOL_HOVER,107158,4/21/2023 10:34,7a1065f6-1a05-4d2b-bf14-73cafdb9ce4b,Needle,999,,,,,,,,,,
TOOL_HOVER,107175,4/21/2023 10:34,7a1065f6-1a05-4d2b-bf14-73cafdb9ce4b,Needle,999,,,,,,,,,,
TOOL_HOVER,107193,4/21/2023 10:34,7a1065f6-1a05-4d2b-bf14-73cafdb9ce4b,Needle,999,,,,,,,,,,
TOOL_HOVER,107208,4/21/2023 10:34,7a1065f6-1a05-4d2b-bf14-73cafdb9ce4b,Needle,999,,,,,,,,,,
TOOL_HOVER,107225,4/21/2023 10:34,7a1065f6-1a05-4d2b-bf14-73cafdb9ce4b,Needle,999,,,,,,,,,,
TOOL_HOVER,107242,4/21/2023 10:34,7a1065f6-1a05-4d2b-bf14-73cafdb9ce4b,Needle,999,,,,,,,,,,
TOOL_HOVER,107259,4/21/2023 10:34,7a1065f6-1a05-4d2b-bf14-73cafdb9ce4b,Needle,999,,,,,,,,,,
TOOL_HOVER,107276,4/21/2023 10:34,7a1065f6-1a05-4d2b-bf14-73cafdb9ce4b,Needle,999,,,,,,,,,,
TOOL_HOVER,107294,4/21/2023 10:34,7a1065f6-1a05-4d2b-bf14-73cafdb9ce4b,Needle,999,,,,,,,,,,
TOOL_HOVER,107308,4/21/2023 10:34,7a1065f6-1a05-4d2b-bf14-73cafdb9ce4b,Needle,999,,,,,,,,,,
TOOL_HOVER,107327,4/21/2023 10:34,7a1065f6-1a05-4d2b-bf14-73cafdb9ce4b,Needle,999,,,,,,,,,,
TOOL_HOVER,107342,4/21/2023 10:34,7a1065f6-1a05-4d2b-bf14-73cafdb9ce4b,Needle,999,,,,,,,,,,
TOOL_HOVER,107359,4/21/2023 10:34,7a1065f6-1a05-4d2b-bf14-73cafdb9ce4b,Needle,999,,,,,,,,,,
TOOL_HOVER,107375,4/21/2023 10:34,7a1065f6-1a05-4d2b-bf14-73cafdb9ce4b,Needle,999,,,,,,,,,,
TOOL_HOVER,107391,4/21/2023 10:34,7a1065f6-1a05-4d2b-bf14-73cafdb9ce4b,Needle,999,,,,,,,,,,
TOOL_HOVER,107411,4/21/2023 10:34,7a1065f6-1a05-4d2b-bf14-73cafdb9ce4b,Needle,999,,,,,,,,,,
TOOL_HOVER,107425,4/21/2023 10:34,7a1065f6-1a05-4d2b-bf14-73cafdb9ce4b,Needle,999,,,,,,,,,,
TOOL_HOVER,107443,4/21/2023 10:34,7a1065f6-1a05-4d2b-bf14-73cafdb9ce4b,Needle,999,,,,,,,,,,
TOOL_HOVER,107459,4/21/2023 10:34,7a1065f6-1a05-4d2b-bf14-73cafdb9ce4b,Needle,999,,,,,,,,,,
TOOL_HOVER,107477,4/21/2023 10:34,7a1065f6-1a05-4d2b-bf14-73cafdb9ce4b,Needle,999,,,,,,,,,,
TOOL_HOVER,107493,4/21/2023 10:34,7a1065f6-1a05-4d2b-bf14-73cafdb9ce4b,Needle,999,,,,,,,,,,
TOOL_HOVER,107511,4/21/2023 10:34,7a1065f6-1a05-4d2b-bf14-73cafdb9ce4b,Needle,999,,,,,,,,,,
TOOL_HOVER,107526,4/21/2023 10:34,7a1065f6-1a05-4d2b-bf14-73cafdb9ce4b,Needle,999,,,,,,,,,,
TOOL_HOVER,107544,4/21/2023 10:34,7a1065f6-1a05-4d2b-bf14-73cafdb9ce4b,Needle,999,,,,,,,,,,
TOOL_HOVER,107559,4/21/2023 10:34,7a1065f6-1a05-4d2b-bf14-73cafdb9ce4b,Needle,999,,,,,,,,,,
TOOL_HOVER,107576,4/21/2023 10:34,7a1065f6-1a05-4d2b-bf14-73cafdb9ce4b,Needle,999,,,,,,,,,,
TOOL_HOVER,107593,4/21/2023 10:34,7a1065f6-1a05-4d2b-bf14-73cafdb9ce4b,Needle,999,,,,,,,,,,
TOOL_HOVER,107610,4/21/2023 10:34,7a1065f6-1a05-4d2b-bf14-73cafdb9ce4b,Needle,999,,,,,,,,,,
TOOL_HOVER,107626,4/21/2023 10:34,7a1065f6-1a05-4d2b-bf14-73cafdb9ce4b,Needle,999,,,,,,,,,,
TOOL_HOVER,107642,4/21/2023 10:34,7a1065f6-1a05-4d2b-bf14-73cafdb9ce4b,Needle,999,,,,,,,,,,
TOOL_HOVER,107659,4/21/2023 10:34,7a1065f6-1a05-4d2b-bf14-73cafdb9ce4b,Needle,999,,,,,,,,,,
TOOL_HOVER,107676,4/21/2023 10:34,7a1065f6-1a05-4d2b-bf14-73cafdb9ce4b,Needle,999,,,,,,,,,,
TOOL_HOVER,107693,4/21/2023 10:34,7a1065f6-1a05-4d2b-bf14-73cafdb9ce4b,Needle,999,,,,,,,,,,
TOOL_HOVER,107712,4/21/2023 10:34,7a1065f6-1a05-4d2b-bf14-73cafdb9ce4b,Needle,999,,,,,,,,,,
TOOL_HOVER,107726,4/21/2023 10:34,7a1065f6-1a05-4d2b-bf14-73cafdb9ce4b,Needle,999,,,,,,,,,,
TOOL_HOVER,107743,4/21/2023 10:34,7a1065f6-1a05-4d2b-bf14-73cafdb9ce4b,Needle,999,,,,,,,,,,
TOOL_SELECTED,107746,4/21/2023 10:34,7a1065f6-1a05-4d2b-bf14-73cafdb9ce4b,Needle,998,,,,,,,,,,
TOOL_DISCARDED,107944,4/21/2023 10:35,7a1065f6-1a05-4d2b-bf14-73cafdb9ce4b,Needle,998,"(4.0, 1.0, 4.8)",,,,,,,,,
TOOL_HOVER,107994,4/21/2023 10:35,7a1065f6-1a05-4d2b-bf14-73cafdb9ce4b,Needle,999,,,,,,,,,,
TOOL_HOVER,108012,4/21/2023 10:35,7a1065f6-1a05-4d2b-bf14-73cafdb9ce4b,Needle,999,,,,,,,,,,
TOOL_HOVER,108027,4/21/2023 10:35,7a1065f6-1a05-4d2b-bf14-73cafdb9ce4b,Needle,999,,,,,,,,,,
TOOL_HOVER,108045,4/21/2023 10:35,7a1065f6-1a05-4d2b-bf14-73cafdb9ce4b,Needle,999,,,,,,,,,,
TOOL_HOVER,108060,4/21/2023 10:35,7a1065f6-1a05-4d2b-bf14-73cafdb9ce4b,Needle,999,,,,,,,,,,
TOOL_HOVER,108077,4/21/2023 10:35,7a1065f6-1a05-4d2b-bf14-73cafdb9ce4b,Needle,999,,,,,,,,,,
TOOL_HOVER,108193,4/21/2023 10:35,7a1065f6-1a05-4d2b-bf14-73cafdb9ce4b,Needle,999,,,,,,,,,,
TOOL_HOVER,108214,4/21/2023 10:35,7a1065f6-1a05-4d2b-bf14-73cafdb9ce4b,Needle,999,,,,,,,,,,
TOOL_HOVER,108228,4/21/2023 10:35,7a1065f6-1a05-4d2b-bf14-73cafdb9ce4b,Needle,999,,,,,,,,,,
TOOL_HOVER,108245,4/21/2023 10:35,7a1065f6-1a05-4d2b-bf14-73cafdb9ce4b,Needle,999,,,,,,,,,,
TOOL_HOVER,108260,4/21/2023 10:35,7a1065f6-1a05-4d2b-bf14-73cafdb9ce4b,Needle,999,,,,,,,,,,
TOOL_HOVER,108277,4/21/2023 10:35,7a1065f6-1a05-4d2b-bf14-73cafdb9ce4b,Needle,999,,,,,,,,,,
TOOL_HOVER,108294,4/21/2023 10:35,7a1065f6-1a05-4d2b-bf14-73cafdb9ce4b,Needle,999,,,,,,,,,,
TOOL_HOVER,108313,4/21/2023 10:35,7a1065f6-1a05-4d2b-bf14-73cafdb9ce4b,Needle,999,,,,,,,,,,
TOOL_HOVER,108327,4/21/2023 10:35,7a1065f6-1a05-4d2b-bf14-73cafdb9ce4b,Needle,999,,,,,,,,,,
TOOL_HOVER,108344,4/21/2023 10:35,7a1065f6-1a05-4d2b-bf14-73cafdb9ce4b,Needle,999,,,,,,,,,,
TOOL_HOVER,108361,4/21/2023 10:35,7a1065f6-1a05-4d2b-bf14-73cafdb9ce4b,Needle,999,,,,,,,,,,
TOOL_HOVER,108379,4/21/2023 10:35,7a1065f6-1a05-4d2b-bf14-73cafdb9ce4b,Needle,999,,,,,,,,,,
TOOL_HOVER,108395,4/21/2023 10:35,7a1065f6-1a05-4d2b-bf14-73cafdb9ce4b,Needle,999,,,,,,,,,,
TOOL_SELECTED,108396,4/21/2023 10:35,7a1065f6-1a05-4d2b-bf14-73cafdb9ce4b,Needle,998,,,,,,,,,,
INJURY_TREATED,113744,4/21/2023 10:35,7a1065f6-1a05-4d2b-bf14-73cafdb9ce4b,R Chest Collapse,Mike_3 Root,decompress,high,chest,TRUE,FALSE,"(0.0, 0.0, 0.0)",,,,
TOOL_APPLIED,113745,4/21/2023 10:35,7a1065f6-1a05-4d2b-bf14-73cafdb9ce4b,Needle_Decomp(Clone),Needle,RChest_Breathe1 (UnityEngine.GameObject),cath_needle (UnityEngine.GameObject),right_chest,Needle_Decomp(Clone) (UnityEngine.GameObject),AppliedDecompNeedle,,,,,
TAG_SELECTED,119073,4/21/2023 10:35,7a1065f6-1a05-4d2b-bf14-73cafdb9ce4b,red,,,,,,,,,,,
BAG_CLOSED,120624,4/21/2023 10:35,7a1065f6-1a05-4d2b-bf14-73cafdb9ce4b,"(3.6, 0.7, 4.5)",,,,,,,,,,,
TELEPORT,120624,4/21/2023 10:35,7a1065f6-1a05-4d2b-bf14-73cafdb9ce4b,"(3.5, 0.0, 4.7)",,,,,,,,,,,
VOICE_CAPTURE,120907,4/21/2023 10:35,7a1065f6-1a05-4d2b-bf14-73cafdb9ce4b,run,NA,,,,,,,,,,
TAG_APPLIED,124501,4/21/2023 10:35,7a1065f6-1a05-4d2b-bf14-73cafdb9ce4b,Mike_3 Root,red,,,,,,,,,,
PULSE_TAKEN,124918,4/21/2023 10:35,7a1065f6-1a05-4d2b-bf14-73cafdb9ce4b,pulse_faint,Mike_3 Root,,,,,,,,,,
TELEPORT,126672,4/21/2023 10:35,7a1065f6-1a05-4d2b-bf14-73cafdb9ce4b,"(3.5, 0.0, 4.7)",,,,,,,,,,,
VOICE_CAPTURE,127190,4/21/2023 10:35,7a1065f6-1a05-4d2b-bf14-73cafdb9ce4b,Maybe,NA,,,,,,,,,,
TELEPORT,130865,4/21/2023 10:35,7a1065f6-1a05-4d2b-bf14-73cafdb9ce4b,"(3.7, 0.0, 4.7)",,,,,,,,,,,
TELEPORT,132136,4/21/2023 10:35,7a1065f6-1a05-4d2b-bf14-73cafdb9ce4b,"(3.6, 0.0, 4.1)",,,,,,,,,,,
PATIENT_ENGAGED,134123,4/21/2023 10:35,7a1065f6-1a05-4d2b-bf14-73cafdb9ce4b,100,Infinity,Mike_1 Root,"(2.9, 0.0, 0.1)","(0.0, 0.7, 0.0, -0.7)",DELAYED,waver,normal,normal,normal,upset,recovery
BAG_ACCESS,136629,4/21/2023 10:35,7a1065f6-1a05-4d2b-bf14-73cafdb9ce4b,"(2.8, 0.8, 0.8)",,,,,,,,,,,
TOOL_HOVER,137298,4/21/2023 10:35,7a1065f6-1a05-4d2b-bf14-73cafdb9ce4b,Tourniquet,999,,,,,,,,,,
TOOL_HOVER,137314,4/21/2023 10:35,7a1065f6-1a05-4d2b-bf14-73cafdb9ce4b,Tourniquet,999,,,,,,,,,,
TOOL_HOVER,137332,4/21/2023 10:35,7a1065f6-1a05-4d2b-bf14-73cafdb9ce4b,Tourniquet,999,,,,,,,,,,
TOOL_HOVER,137348,4/21/2023 10:35,7a1065f6-1a05-4d2b-bf14-73cafdb9ce4b,Tourniquet,999,,,,,,,,,,
TOOL_HOVER,137364,4/21/2023 10:35,7a1065f6-1a05-4d2b-bf14-73cafdb9ce4b,Tourniquet,999,,,,,,,,,,
TOOL_HOVER,137381,4/21/2023 10:35,7a1065f6-1a05-4d2b-bf14-73cafdb9ce4b,Tourniquet,999,,,,,,,,,,
TOOL_HOVER,137399,4/21/2023 10:35,7a1065f6-1a05-4d2b-bf14-73cafdb9ce4b,Tourniquet,999,,,,,,,,,,
TOOL_HOVER,137415,4/21/2023 10:35,7a1065f6-1a05-4d2b-bf14-73cafdb9ce4b,Tourniquet,999,,,,,,,,,,
TOOL_HOVER,137431,4/21/2023 10:35,7a1065f6-1a05-4d2b-bf14-73cafdb9ce4b,Tourniquet,999,,,,,,,,,,
TOOL_HOVER,137448,4/21/2023 10:35,7a1065f6-1a05-4d2b-bf14-73cafdb9ce4b,Tourniquet,999,,,,,,,,,,
TOOL_HOVER,137465,4/21/2023 10:35,7a1065f6-1a05-4d2b-bf14-73cafdb9ce4b,Tourniquet,999,,,,,,,,,,
TOOL_HOVER,137481,4/21/2023 10:35,7a1065f6-1a05-4d2b-bf14-73cafdb9ce4b,Tourniquet,999,,,,,,,,,,
TOOL_HOVER,137499,4/21/2023 10:35,7a1065f6-1a05-4d2b-bf14-73cafdb9ce4b,Tourniquet,999,,,,,,,,,,
TOOL_HOVER,137515,4/21/2023 10:35,7a1065f6-1a05-4d2b-bf14-73cafdb9ce4b,Tourniquet,999,,,,,,,,,,
TOOL_HOVER,137532,4/21/2023 10:35,7a1065f6-1a05-4d2b-bf14-73cafdb9ce4b,Tourniquet,999,,,,,,,,,,
TOOL_HOVER,137548,4/21/2023 10:35,7a1065f6-1a05-4d2b-bf14-73cafdb9ce4b,Tourniquet,999,,,,,,,,,,
TOOL_SELECTED,137549,4/21/2023 10:35,7a1065f6-1a05-4d2b-bf14-73cafdb9ce4b,Tourniquet,998,,,,,,,,,,
INJURY_TREATED,139939,4/21/2023 10:35,7a1065f6-1a05-4d2b-bf14-73cafdb9ce4b,L Thigh Laceration,Mike_1 Root,tourniquet,medium,leftLeg,TRUE,FALSE,"(2.8, 0.3, 0.3)",,,,
TOOL_APPLIED,139939,4/21/2023 10:35,7a1065f6-1a05-4d2b-bf14-73cafdb9ce4b,Mike_1 Root,Tourniquet,LeftUpLeg (UnityEngine.GameObject),tor_ring (1) (UnityEngine.GameObject),tourniquet(Clone) (UnityEngine.GameObject),AppliedTourniquet,,,,,,
VOICE_CAPTURE,147304,4/21/2023 10:35,7a1065f6-1a05-4d2b-bf14-73cafdb9ce4b,Make it go away,NA,,,,,,,,,,
TAG_SELECTED,154640,4/21/2023 10:35,7a1065f6-1a05-4d2b-bf14-73cafdb9ce4b,red,,,,,,,,,,,
TAG_DISCARDED,158132,4/21/2023 10:35,7a1065f6-1a05-4d2b-bf14-73cafdb9ce4b,red,"(2.5, 1.1, 1.1)",,,,,,,,,,
TAG_SELECTED,158786,4/21/2023 10:35,7a1065f6-1a05-4d2b-bf14-73cafdb9ce4b,yellow,,,,,,,,,,,
VOICE_CAPTURE,160454,4/21/2023 10:35,7a1065f6-1a05-4d2b-bf14-73cafdb9ce4b,OK,NA,,,,,,,,,,
TAG_APPLIED,160720,4/21/2023 10:35,7a1065f6-1a05-4d2b-bf14-73cafdb9ce4b,Mike_1 Root,yellow,,,,,,,,,,
BAG_CLOSED,162282,4/21/2023 10:35,7a1065f6-1a05-4d2b-bf14-73cafdb9ce4b,"(2.8, 0.8, 0.8)",,,,,,,,,,,
TELEPORT,162282,4/21/2023 10:35,7a1065f6-1a05-4d2b-bf14-73cafdb9ce4b,"(3.0, 0.0, 2.5)",,,,,,,,,,,
TELEPORT,163365,4/21/2023 10:35,7a1065f6-1a05-4d2b-bf14-73cafdb9ce4b,"(2.8, 0.0, 2.7)",,,,,,,,,,,
PATIENT_ENGAGED,165636,4/21/2023 10:35,7a1065f6-1a05-4d2b-bf14-73cafdb9ce4b,100,Infinity,Mike_0 Root,"(1.6, 0.0, -3.1)","(0.0, 0.6, 0.0, 0.8)",MINIMAL,walker,normal,normal,normal,upset,standing
PATIENT_ENGAGED,166753,4/21/2023 10:35,7a1065f6-1a05-4d2b-bf14-73cafdb9ce4b,100,Infinity,Mike_2 Root,"(3.2, 0.0, -2.8)","(0.0, -0.5, 0.0, 0.9)",IMMEDIATE,walker,fast,normal,normal,upset,standing
PATIENT_ENGAGED,167788,4/21/2023 10:35,7a1065f6-1a05-4d2b-bf14-73cafdb9ce4b,100,Infinity,Mike_0 Root,"(1.6, 0.0, -3.1)","(0.0, 0.5, 0.0, 0.9)",MINIMAL,walker,normal,normal,normal,upset,standing
BAG_ACCESS,170027,4/21/2023 10:36,7a1065f6-1a05-4d2b-bf14-73cafdb9ce4b,"(2.3, 0.8, -2.3)",,,,,,,,,,,
TOOL_HOVER,171096,4/21/2023 10:36,7a1065f6-1a05-4d2b-bf14-73cafdb9ce4b,Hemostatic Gauze,999,,,,,,,,,,
TOOL_HOVER,171114,4/21/2023 10:36,7a1065f6-1a05-4d2b-bf14-73cafdb9ce4b,Hemostatic Gauze,999,,,,,,,,,,
TOOL_HOVER,171130,4/21/2023 10:36,7a1065f6-1a05-4d2b-bf14-73cafdb9ce4b,Hemostatic Gauze,999,,,,,,,,,,
TOOL_HOVER,171147,4/21/2023 10:36,7a1065f6-1a05-4d2b-bf14-73cafdb9ce4b,Hemostatic Gauze,999,,,,,,,,,,
TOOL_HOVER,171163,4/21/2023 10:36,7a1065f6-1a05-4d2b-bf14-73cafdb9ce4b,Hemostatic Gauze,999,,,,,,,,,,
TOOL_HOVER,171180,4/21/2023 10:36,7a1065f6-1a05-4d2b-bf14-73cafdb9ce4b,Hemostatic Gauze,999,,,,,,,,,,
TOOL_HOVER,171197,4/21/2023 10:36,7a1065f6-1a05-4d2b-bf14-73cafdb9ce4b,Hemostatic Gauze,999,,,,,,,,,,
TOOL_SELECTED,171198,4/21/2023 10:36,7a1065f6-1a05-4d2b-bf14-73cafdb9ce4b,Hemostatic Gauze,998,,,,,,,,,,
TOOL_DISCARDED,172333,4/21/2023 10:36,7a1065f6-1a05-4d2b-bf14-73cafdb9ce4b,Hemostatic Gauze,998,"(3.1, 1.4, -2.8)",,,,,,,,,
TOOL_DISCARDED,172333,4/21/2023 10:36,7a1065f6-1a05-4d2b-bf14-73cafdb9ce4b,Hemostatic Gauze,999,"(3.1, 1.4, -2.8)",,,,,,,,,
TOOL_HOVER,174188,4/21/2023 10:36,7a1065f6-1a05-4d2b-bf14-73cafdb9ce4b,Hemostatic Gauze,1000,,,,,,,,,,
TOOL_HOVER,174204,4/21/2023 10:36,7a1065f6-1a05-4d2b-bf14-73cafdb9ce4b,Hemostatic Gauze,1000,,,,,,,,,,
TOOL_HOVER,174223,4/21/2023 10:36,7a1065f6-1a05-4d2b-bf14-73cafdb9ce4b,Hemostatic Gauze,1000,,,,,,,,,,
TOOL_HOVER,174238,4/21/2023 10:36,7a1065f6-1a05-4d2b-bf14-73cafdb9ce4b,Hemostatic Gauze,1000,,,,,,,,,,
TOOL_HOVER,174254,4/21/2023 10:36,7a1065f6-1a05-4d2b-bf14-73cafdb9ce4b,Hemostatic Gauze,1000,,,,,,,,,,
TOOL_HOVER,174271,4/21/2023 10:36,7a1065f6-1a05-4d2b-bf14-73cafdb9ce4b,Hemostatic Gauze,1000,,,,,,,,,,
TOOL_HOVER,174288,4/21/2023 10:36,7a1065f6-1a05-4d2b-bf14-73cafdb9ce4b,Hemostatic Gauze,1000,,,,,,,,,,
TOOL_SELECTED,174289,4/21/2023 10:36,7a1065f6-1a05-4d2b-bf14-73cafdb9ce4b,Hemostatic Gauze,999,,,,,,,,,,
PATIENT_ENGAGED,175494,4/21/2023 10:36,7a1065f6-1a05-4d2b-bf14-73cafdb9ce4b,100,Infinity,Mike_2 Root,"(3.2, 0.0, -2.8)","(0.0, -0.5, 0.0, 0.9)",IMMEDIATE,walker,fast,normal,normal,upset,standing
TOOL_DISCARDED,175895,4/21/2023 10:36,7a1065f6-1a05-4d2b-bf14-73cafdb9ce4b,Hemostatic Gauze,999,"(3.0, 1.4, -2.9)",,,,,,,,,
TOOL_DISCARDED,175895,4/21/2023 10:36,7a1065f6-1a05-4d2b-bf14-73cafdb9ce4b,Hemostatic Gauze,1000,"(3.0, 1.4, -2.9)",,,,,,,,,
TOOL_HOVER,178197,4/21/2023 10:36,7a1065f6-1a05-4d2b-bf14-73cafdb9ce4b,Hemostatic Gauze,1001,,,,,,,,,,
TOOL_HOVER,178214,4/21/2023 10:36,7a1065f6-1a05-4d2b-bf14-73cafdb9ce4b,Hemostatic Gauze,1001,,,,,,,,,,
TOOL_HOVER,178231,4/21/2023 10:36,7a1065f6-1a05-4d2b-bf14-73cafdb9ce4b,Hemostatic Gauze,1001,,,,,,,,,,
TOOL_HOVER,178248,4/21/2023 10:36,7a1065f6-1a05-4d2b-bf14-73cafdb9ce4b,Hemostatic Gauze,1001,,,,,,,,,,
TOOL_HOVER,178264,4/21/2023 10:36,7a1065f6-1a05-4d2b-bf14-73cafdb9ce4b,Hemostatic Gauze,1001,,,,,,,,,,
TOOL_HOVER,178281,4/21/2023 10:36,7a1065f6-1a05-4d2b-bf14-73cafdb9ce4b,Hemostatic Gauze,1001,,,,,,,,,,
TOOL_HOVER,178298,4/21/2023 10:36,7a1065f6-1a05-4d2b-bf14-73cafdb9ce4b,Hemostatic Gauze,1001,,,,,,,,,,
TOOL_HOVER,178314,4/21/2023 10:36,7a1065f6-1a05-4d2b-bf14-73cafdb9ce4b,Hemostatic Gauze,1001,,,,,,,,,,
TOOL_HOVER,178331,4/21/2023 10:36,7a1065f6-1a05-4d2b-bf14-73cafdb9ce4b,Hemostatic Gauze,1001,,,,,,,,,,
TOOL_HOVER,178347,4/21/2023 10:36,7a1065f6-1a05-4d2b-bf14-73cafdb9ce4b,Hemostatic Gauze,1001,,,,,,,,,,
TOOL_HOVER,178365,4/21/2023 10:36,7a1065f6-1a05-4d2b-bf14-73cafdb9ce4b,Hemostatic Gauze,1001,,,,,,,,,,
TOOL_SELECTED,178368,4/21/2023 10:36,7a1065f6-1a05-4d2b-bf14-73cafdb9ce4b,Hemostatic Gauze,1000,,,,,,,,,,
VOICE_CAPTURE,179701,4/21/2023 10:36,7a1065f6-1a05-4d2b-bf14-73cafdb9ce4b,Try again,NA,,,,,,,,,,
TOOL_DISCARDED,180955,4/21/2023 10:36,7a1065f6-1a05-4d2b-bf14-73cafdb9ce4b,Hemostatic Gauze,1000,"(3.0, 1.4, -2.9)",,,,,,,,,
TOOL_DISCARDED,180955,4/21/2023 10:36,7a1065f6-1a05-4d2b-bf14-73cafdb9ce4b,Hemostatic Gauze,1001,"(3.0, 1.4, -2.9)",,,,,,,,,
TOOL_HOVER,183693,4/21/2023 10:36,7a1065f6-1a05-4d2b-bf14-73cafdb9ce4b,Hemostatic Gauze,1002,,,,,,,,,,
TOOL_HOVER,183710,4/21/2023 10:36,7a1065f6-1a05-4d2b-bf14-73cafdb9ce4b,Hemostatic Gauze,1002,,,,,,,,,,
TOOL_HOVER,183726,4/21/2023 10:36,7a1065f6-1a05-4d2b-bf14-73cafdb9ce4b,Hemostatic Gauze,1002,,,,,,,,,,
TOOL_HOVER,183743,4/21/2023 10:36,7a1065f6-1a05-4d2b-bf14-73cafdb9ce4b,Hemostatic Gauze,1002,,,,,,,,,,
TOOL_HOVER,183760,4/21/2023 10:36,7a1065f6-1a05-4d2b-bf14-73cafdb9ce4b,Hemostatic Gauze,1002,,,,,,,,,,
TOOL_HOVER,183776,4/21/2023 10:36,7a1065f6-1a05-4d2b-bf14-73cafdb9ce4b,Hemostatic Gauze,1002,,,,,,,,,,
TOOL_HOVER,183793,4/21/2023 10:36,7a1065f6-1a05-4d2b-bf14-73cafdb9ce4b,Hemostatic Gauze,1002,,,,,,,,,,
TOOL_HOVER,183810,4/21/2023 10:36,7a1065f6-1a05-4d2b-bf14-73cafdb9ce4b,Hemostatic Gauze,1002,,,,,,,,,,
TOOL_HOVER,183826,4/21/2023 10:36,7a1065f6-1a05-4d2b-bf14-73cafdb9ce4b,Hemostatic Gauze,1002,,,,,,,,,,
TOOL_SELECTED,183827,4/21/2023 10:36,7a1065f6-1a05-4d2b-bf14-73cafdb9ce4b,Hemostatic Gauze,1001,,,,,,,,,,
TOOL_DISCARDED,185146,4/21/2023 10:36,7a1065f6-1a05-4d2b-bf14-73cafdb9ce4b,Hemostatic Gauze,1001,"(3.0, 1.4, -2.9)",,,,,,,,,
TOOL_DISCARDED,185146,4/21/2023 10:36,7a1065f6-1a05-4d2b-bf14-73cafdb9ce4b,Hemostatic Gauze,1002,"(3.0, 1.4, -2.9)",,,,,,,,,
VOICE_CAPTURE,192280,4/21/2023 10:36,7a1065f6-1a05-4d2b-bf14-73cafdb9ce4b,OK did that stop it,NA,,,,,,,,,,
VOICE_CAPTURE,193819,4/21/2023 10:36,7a1065f6-1a05-4d2b-bf14-73cafdb9ce4b,stop,NA,,,,,,,,,,
TAG_SELECTED,197845,4/21/2023 10:36,7a1065f6-1a05-4d2b-bf14-73cafdb9ce4b,red,,,,,,,,,,,
VOICE_CAPTURE,198463,4/21/2023 10:36,7a1065f6-1a05-4d2b-bf14-73cafdb9ce4b,but you're still,NA,,,,,,,,,,
TAG_APPLIED,199348,4/21/2023 10:36,7a1065f6-1a05-4d2b-bf14-73cafdb9ce4b,Mike_2 Root,red,,,,,,,,,,
VOICE_CAPTURE,200968,4/21/2023 10:36,7a1065f6-1a05-4d2b-bf14-73cafdb9ce4b,OK,NA,,,,,,,,,,
PULSE_TAKEN,201771,4/21/2023 10:36,7a1065f6-1a05-4d2b-bf14-73cafdb9ce4b,pulse_fast,Mike_2 Root,,,,,,,,,,
PULSE_TAKEN,203526,4/21/2023 10:36,7a1065f6-1a05-4d2b-bf14-73cafdb9ce4b,pulse_fast,Mike_2 Root,,,,,,,,,,
PATIENT_ENGAGED,205480,4/21/2023 10:36,7a1065f6-1a05-4d2b-bf14-73cafdb9ce4b,100,Infinity,Mike_0 Root,"(1.6, 0.0, -3.1)","(0.0, 0.4, 0.0, 0.9)",MINIMAL,walker,normal,normal,normal,upset,standing
PULSE_TAKEN,207718,4/21/2023 10:36,7a1065f6-1a05-4d2b-bf14-73cafdb9ce4b,pulse_normal,Mike_0 Root,,,,,,,,,,
PULSE_TAKEN,209623,4/21/2023 10:36,7a1065f6-1a05-4d2b-bf14-73cafdb9ce4b,pulse_normal,Mike_0 Root,,,,,,,,,,
TAG_SELECTED,215037,4/21/2023 10:36,7a1065f6-1a05-4d2b-bf14-73cafdb9ce4b,green,,,,,,,,,,,
TAG_APPLIED,216088,4/21/2023 10:36,7a1065f6-1a05-4d2b-bf14-73cafdb9ce4b,Mike_0 Root,green,,,,,,,,,,
TOOL_HOVER,220950,4/21/2023 10:36,7a1065f6-1a05-4d2b-bf14-73cafdb9ce4b,Gauze,999,,,,,,,,,,
TOOL_HOVER,220966,4/21/2023 10:36,7a1065f6-1a05-4d2b-bf14-73cafdb9ce4b,Gauze,999,,,,,,,,,,
TOOL_HOVER,220982,4/21/2023 10:36,7a1065f6-1a05-4d2b-bf14-73cafdb9ce4b,Gauze,999,,,,,,,,,,
TOOL_HOVER,221001,4/21/2023 10:36,7a1065f6-1a05-4d2b-bf14-73cafdb9ce4b,Gauze,999,,,,,,,,,,
TOOL_SELECTED,221002,4/21/2023 10:36,7a1065f6-1a05-4d2b-bf14-73cafdb9ce4b,Gauze,998,,,,,,,,,,
BAG_CLOSED,225684,4/21/2023 10:36,7a1065f6-1a05-4d2b-bf14-73cafdb9ce4b,"(2.3, 0.8, -2.3)",,,,,,,,,,,
VOICE_CAPTURE,225884,4/21/2023 10:36,7a1065f6-1a05-4d2b-bf14-73cafdb9ce4b,Where they have going with his arm,NA,,,,,,,,,,
TOOL_DISCARDED,229355,4/21/2023 10:37,7a1065f6-1a05-4d2b-bf14-73cafdb9ce4b,Gauze,998,"(1.8, 1.1, -3.2)",,,,,,,,,
INJURY_TREATED,229356,4/21/2023 10:37,7a1065f6-1a05-4d2b-bf14-73cafdb9ce4b,R Forearm Laceration,Mike_0 Root,gauzePressure,low,rightArm,TRUE,FALSE,"(1.8, 1.0, -3.2)",,,,
TOOL_APPLIED,229356,4/21/2023 10:37,7a1065f6-1a05-4d2b-bf14-73cafdb9ce4b,Mike_0 Root,Gauze_Dressing,skinCollider_BodyCollideLOD (UnityEngine.GameObject),null,null,AppliedDressingGauze,,,,,,
VOICE_CAPTURE,230956,4/21/2023 10:37,7a1065f6-1a05-4d2b-bf14-73cafdb9ce4b,oh,NA,,,,,,,,,,
SESSION_END,234825,4/21/2023 10:37,7a1065f6-1a05-4d2b-bf14-73cafdb9ce4b,,,,,,,,,,,,
VOICE_CAPTURE,236896,4/21/2023 10:37,7a1065f6-1a05-4d2b-bf14-73cafdb9ce4b,sure,NA,,,,,,,,,,
PATIENT_DEMOTED,244896,4/21/2023 10:37,7a1065f6-1a05-4d2b-bf14-73cafdb9ce4b,100,Infinity,Bob_0 Root,"(-1.4, 0.0, 5.6)","(0.0, 0.7, 0.0, 0.7)",EXPECTANT,still,faint,restricted,none,unresponsive,supine
PATIENT_DEMOTED,245110,4/21/2023 10:37,7a1065f6-1a05-4d2b-bf14-73cafdb9ce4b,100,Infinity,Bob_0 Root,"(-1.5, 0.0, 5.6)","(0.0, 0.7, 0.0, 0.7)",DEAD,still,none,none,none,dead,supine
PATIENT_DEMOTED,245243,4/21/2023 10:37,7a1065f6-1a05-4d2b-bf14-73cafdb9ce4b,100,Infinity,Gary_1 Root,"(1.7, 0.0, 7.4)","(0.0, 1.0, 0.0, 0.0)",EXPECTANT,still,faint,restricted,none,unresponsive,supine
PATIENT_DEMOTED,245983,4/21/2023 10:37,7a1065f6-1a05-4d2b-bf14-73cafdb9ce4b,100,Infinity,Lily_2 Root,"(2.8, 0.0, 4.2)","(0.0, 1.0, 0.0, 0.0)",IMMEDIATE,waver,fast,fast,normal,agony,fetal
PATIENT_DEMOTED,246657,4/21/2023 10:37,7a1065f6-1a05-4d2b-bf14-73cafdb9ce4b,100,0,Gary_3 Root,"(0.3, 0.0, 1.6)","(0.0, 0.0, 0.0, 1.0)",IMMEDIATE,still,faint,collapsedRight,normal,unresponsive,supine
PATIENT_DEMOTED,247244,4/21/2023 10:37,7a1065f6-1a05-4d2b-bf14-73cafdb9ce4b,100,Infinity,Lily_4 Root,"(1.2, 0.0, 6.3)","(0.0, 1.0, 0.0, 0.0)",IMMEDIATE,waver,fast,normal,normal,upset,fetal
PATIENT_DEMOTED,248073,4/21/2023 10:37,7a1065f6-1a05-4d2b-bf14-73cafdb9ce4b,100,Infinity,Mike_5 Root,"(2.4, 0.0, 2.3)","(0.0, 1.0, 0.0, 0.0)",IMMEDIATE,waver,fast,normal,normal,upset,fetal
PATIENT_DEMOTED,248627,4/21/2023 10:37,7a1065f6-1a05-4d2b-bf14-73cafdb9ce4b,100,Infinity,Gloria_6 Root,"(-1.0, 0.0, 2.9)","(0.0, 0.4, 0.0, 0.9)",DELAYED,waver,fast,normal,normal,upset,fetal
PATIENT_DEMOTED,249336,4/21/2023 10:37,7a1065f6-1a05-4d2b-bf14-73cafdb9ce4b,100,Infinity,Mike_7 Root,"(1.7, 0.0, 3.9)","(0.0, 0.1, 0.0, 1.0)",IMMEDIATE,waver,fast,normal,normal,upset,sittingGround
PATIENT_DEMOTED,249714,4/21/2023 10:37,7a1065f6-1a05-4d2b-bf14-73cafdb9ce4b,100,Infinity,Mike_7 Root,"(1.0, 0.0, 3.7)","(0.0, 0.1, 0.0, 1.0)",DELAYED,waver,fast,normal,normal,upset,sittingGround
SESSION_START,252667,4/21/2023 10:37,7a1065f6-1a05-4d2b-bf14-73cafdb9ce4b,,,,,,,,,,,,
PATIENT_RECORD,252667,4/21/2023 10:37,7a1065f6-1a05-4d2b-bf14-73cafdb9ce4b,100,Infinity,Bob_0 Root,"(-1.7, 0.0, 5.7)","(0.0, 0.7, 0.0, 0.7)",DEAD,still,none,none,none,dead,supine
INJURY_RECORD,252667,4/21/2023 10:37,7a1065f6-1a05-4d2b-bf14-73cafdb9ce4b,Face Shrapnel,Bob_0 Root,airway,high,head,FALSE,FALSE,"(-1.6, 1.7, 5.6)",,,,
INJURY_RECORD,252667,4/21/2023 10:37,7a1065f6-1a05-4d2b-bf14-73cafdb9ce4b,L Wrist Amputation,Bob_0 Root,tourniquet,high,leftArm,FALSE,FALSE,"(-1.7, 1.4, 6.3)",,,,
INJURY_RECORD,252667,4/21/2023 10:37,7a1065f6-1a05-4d2b-bf14-73cafdb9ce4b,L Chest Collapse,Bob_0 Root,decompress,high,chest,FALSE,FALSE,"(0.0, 0.0, 0.0)",,,,
INJURY_RECORD,252667,4/21/2023 10:37,7a1065f6-1a05-4d2b-bf14-73cafdb9ce4b,L Stomach Puncture,Bob_0 Root,woundpack,high,abdomen,FALSE,FALSE,"(-1.6, 1.1, 5.7)",,,,
INJURY_RECORD,252667,4/21/2023 10:37,7a1065f6-1a05-4d2b-bf14-73cafdb9ce4b,R Shin Amputation,Bob_0 Root,tourniquet,high,rightLeg,FALSE,FALSE,"(-1.7, 0.4, 5.6)",,,,
INJURY_RECORD,252667,4/21/2023 10:37,7a1065f6-1a05-4d2b-bf14-73cafdb9ce4b,L Thigh Laceration,Bob_0 Root,tourniquet,medium,leftLeg,FALSE,FALSE,"(-1.6, 0.7, 5.8)",,,,
PATIENT_RECORD,252667,4/21/2023 10:37,7a1065f6-1a05-4d2b-bf14-73cafdb9ce4b,100,Infinity,Gary_1 Root,"(1.6, 0.0, 7.6)","(0.0, 1.0, 0.0, 0.0)",EXPECTANT,still,none,restricted,none,unresponsive,supine
INJURY_RECORD,252667,4/21/2023 10:37,7a1065f6-1a05-4d2b-bf14-73cafdb9ce4b,Face Shrapnel,Gary_1 Root,airway,high,head,FALSE,FALSE,"(1.6, 1.7, 7.6)",,,,
PATIENT_RECORD,252668,4/21/2023 10:37,7a1065f6-1a05-4d2b-bf14-73cafdb9ce4b,100,Infinity,Lily_2 Root,"(3.0, 0.0, 4.5)","(0.0, 1.0, 0.0, 0.0)",IMMEDIATE,waver,fast,fast,normal,agony,fetal
INJURY_RECORD,252668,4/21/2023 10:37,7a1065f6-1a05-4d2b-bf14-73cafdb9ce4b,R Shin Amputation,Lily_2 Root,tourniquet,high,rightLeg,FALSE,FALSE,"(2.9, 0.4, 4.5)",,,,
PATIENT_RECORD,252668,4/21/2023 10:37,7a1065f6-1a05-4d2b-bf14-73cafdb9ce4b,100,0,Gary_3 Root,"(0.4, 0.0, 1.7)","(0.0, 0.0, 0.0, 1.0)",IMMEDIATE,still,faint,collapsedRight,normal,unresponsive,supine
INJURY_RECORD,252668,4/21/2023 10:37,7a1065f6-1a05-4d2b-bf14-73cafdb9ce4b,R Chest Collapse,Gary_3 Root,decompress,high,chest,FALSE,FALSE,"(0.0, 0.0, 0.0)",,,,
PATIENT_RECORD,252668,4/21/2023 10:37,7a1065f6-1a05-4d2b-bf14-73cafdb9ce4b,100,Infinity,Lily_4 Root,"(1.2, 0.0, 6.2)","(0.0, 1.0, 0.0, 0.0)",IMMEDIATE,waver,fast,normal,normal,upset,fetal
INJURY_RECORD,252668,4/21/2023 10:37,7a1065f6-1a05-4d2b-bf14-73cafdb9ce4b,L Side Puncture,Lily_4 Root,woundpack,medium,abdomen,FALSE,FALSE,"(1.3, 1.0, 6.2)",,,,
PATIENT_RECORD,252668,4/21/2023 10:37,7a1065f6-1a05-4d2b-bf14-73cafdb9ce4b,100,Infinity,Mike_5 Root,"(2.7, 0.0, 2.3)","(0.0, 1.0, 0.0, 0.0)",IMMEDIATE,waver,fast,normal,normal,upset,fetal
INJURY_RECORD,252668,4/21/2023 10:37,7a1065f6-1a05-4d2b-bf14-73cafdb9ce4b,R Side Puncture,Mike_5 Root,woundpack,medium,abdomen,FALSE,FALSE,"(2.6, 1.1, 2.2)",,,,
INJURY_RECORD,252668,4/21/2023 10:37,7a1065f6-1a05-4d2b-bf14-73cafdb9ce4b,R Thigh Laceration,Mike_5 Root,tourniquet,medium,rightLeg,FALSE,FALSE,"(2.5, 0.6, 2.2)",,,,
PATIENT_RECORD,252668,4/21/2023 10:37,7a1065f6-1a05-4d2b-bf14-73cafdb9ce4b,100,Infinity,Gloria_6 Root,"(-1.2, 0.0, 3.1)","(0.0, 0.4, 0.0, 0.9)",DELAYED,waver,fast,normal,normal,upset,fetal
INJURY_RECORD,252668,4/21/2023 10:37,7a1065f6-1a05-4d2b-bf14-73cafdb9ce4b,R Calf Shrapnel,Gloria_6 Root,gauzePressure,medium,rightLeg,FALSE,FALSE,"(-1.1, 0.3, 3.0)",,,,
PATIENT_RECORD,252668,4/21/2023 10:37,7a1065f6-1a05-4d2b-bf14-73cafdb9ce4b,100,Infinity,Mike_7 Root,"(1.3, 0.0, 3.4)","(0.0, 0.1, 0.0, 1.0)",DELAYED,waver,fast,normal,normal,upset,sittingGround
INJURY_RECORD,252668,4/21/2023 10:37,7a1065f6-1a05-4d2b-bf14-73cafdb9ce4b,L Thigh Puncture,Mike_7 Root,tourniquet,medium,leftLeg,FALSE,FALSE,"(1.3, 0.6, 3.5)",,,,
INJURY_RECORD,252668,4/21/2023 10:37,7a1065f6-1a05-4d2b-bf14-73cafdb9ce4b,R Calf Laceration,Mike_7 Root,gauzePressure,low,rightLeg,FALSE,FALSE,"(1.4, 0.3, 3.4)",,,,
PATIENT_RECORD,252668,4/21/2023 10:37,7a1065f6-1a05-4d2b-bf14-73cafdb9ce4b,100,Infinity,Gloria_8 Root,"(3.7, 0.0, 6.0)","(0.0, 1.0, 0.0, 0.0)",MINIMAL,walker,normal,normal,normal,upset,sittingGround
INJURY_RECORD,252668,4/21/2023 10:37,7a1065f6-1a05-4d2b-bf14-73cafdb9ce4b,L Forearm Laceration,Gloria_8 Root,gauzePressure,low,leftArm,FALSE,FALSE,"(4.2, 1.3, 6.0)",,,,
PATIENT_RECORD,252668,4/21/2023 10:37,7a1065f6-1a05-4d2b-bf14-73cafdb9ce4b,100,0,Gary_9 Root,"(2.9, 0.0, 9.0)","(0.0, 1.0, 0.0, 0.0)",MINIMAL,walker,normal,normal,limited,calm,standing
INJURY_RECORD,252668,4/21/2023 10:37,7a1065f6-1a05-4d2b-bf14-73cafdb9ce4b,Ear Bleed,Gary_9 Root,none,low,head,FALSE,FALSE,"(0.0, 0.0, 0.0)",,,,
PATIENT_RECORD,252668,4/21/2023 10:37,7a1065f6-1a05-4d2b-bf14-73cafdb9ce4b,100,Infinity,Helga_10 Root,"(3.9, 0.0, 8.0)","(0.0, 1.0, 0.0, 0.0)",MINIMAL,walker,normal,normal,normal,calm,sittingGround
INJURY_RECORD,252668,4/21/2023 10:37,7a1065f6-1a05-4d2b-bf14-73cafdb9ce4b,Forehead Scrape,Helga_10 Root,none,low,head,FALSE,FALSE,"(4.0, 1.5, 7.9)",,,,
VOICE_CAPTURE,263227,4/21/2023 10:37,7a1065f6-1a05-4d2b-bf14-73cafdb9ce4b,No,NA,,,,,,,,,,
VOICE_CAPTURE,266302,4/21/2023 10:37,7a1065f6-1a05-4d2b-bf14-73cafdb9ce4b,walk,NA,,,,,,,,,,
VOICE_COMMAND,266302,4/21/2023 10:37,7a1065f6-1a05-4d2b-bf14-73cafdb9ce4b,walk to the safe area,walk,,,,,,,,,,
S_A_L_T_WALK_IF_CAN,266303,4/21/2023 10:37,7a1065f6-1a05-4d2b-bf14-73cafdb9ce4b,"(3.0, 0.0, 4.5)",walkIfCan,Lily_2 Root,,,,,,,,,
S_A_L_T_WALK_IF_CAN,266303,4/21/2023 10:37,7a1065f6-1a05-4d2b-bf14-73cafdb9ce4b,"(1.2, 0.0, 6.2)",walkIfCan,Lily_4 Root,,,,,,,,,
S_A_L_T_WALK_IF_CAN,266303,4/21/2023 10:37,7a1065f6-1a05-4d2b-bf14-73cafdb9ce4b,"(2.7, 0.0, 2.3)",walkIfCan,Mike_5 Root,,,,,,,,,
S_A_L_T_WALK_IF_CAN,266303,4/21/2023 10:37,7a1065f6-1a05-4d2b-bf14-73cafdb9ce4b,"(-1.2, 0.0, 3.1)",walkIfCan,Gloria_6 Root,,,,,,,,,
S_A_L_T_WALK_IF_CAN,266303,4/21/2023 10:37,7a1065f6-1a05-4d2b-bf14-73cafdb9ce4b,"(1.3, 0.0, 3.4)",walkIfCan,Mike_7 Root,,,,,,,,,
S_A_L_T_WALK_IF_CAN,266303,4/21/2023 10:37,7a1065f6-1a05-4d2b-bf14-73cafdb9ce4b,"(3.7, 0.0, 6.0)",walkIfCan,Gloria_8 Root,,,,,,,,,
S_A_L_T_WALKED,266303,4/21/2023 10:37,7a1065f6-1a05-4d2b-bf14-73cafdb9ce4b,"(3.7, 0.0, 6.0)",walked,Gloria_8 Root,,,,,,,,,
S_A_L_T_WALK_IF_CAN,266303,4/21/2023 10:37,7a1065f6-1a05-4d2b-bf14-73cafdb9ce4b,"(3.9, 0.0, 8.0)",walkIfCan,Helga_10 Root,,,,,,,,,
S_A_L_T_WALKED,266303,4/21/2023 10:37,7a1065f6-1a05-4d2b-bf14-73cafdb9ce4b,"(3.9, 0.0, 8.0)",walked,Helga_10 Root,,,,,,,,,
VOICE_CAPTURE,267789,4/21/2023 10:37,7a1065f6-1a05-4d2b-bf14-73cafdb9ce4b,anybody who can walk walk over to the stairs,NA,,,,,,,,,,
VOICE_COMMAND,267789,4/21/2023 10:37,7a1065f6-1a05-4d2b-bf14-73cafdb9ce4b,walk to the safe area,anybody who can walk walk over to the stairs,,,,,,,,,,
VOICE_CAPTURE,275809,4/21/2023 10:37,7a1065f6-1a05-4d2b-bf14-73cafdb9ce4b,anybody who can wave wave at me,NA,,,,,,,,,,
VOICE_COMMAND,275809,4/21/2023 10:37,7a1065f6-1a05-4d2b-bf14-73cafdb9ce4b,wave if you can,anybody who can wave wave at me,,,,,,,,,,
S_A_L_T_WAVE_IF_CAN,275810,4/21/2023 10:37,7a1065f6-1a05-4d2b-bf14-73cafdb9ce4b,"(3.0, 0.0, 4.5)",waveIfCan,Lily_2 Root,,,,,,,,,
S_A_L_T_WAVED,275810,4/21/2023 10:37,7a1065f6-1a05-4d2b-bf14-73cafdb9ce4b,"(3.0, 0.0, 4.5)",waved,Lily_2 Root,,,,,,,,,
S_A_L_T_WAVE_IF_CAN,275810,4/21/2023 10:37,7a1065f6-1a05-4d2b-bf14-73cafdb9ce4b,"(1.2, 0.0, 6.2)",waveIfCan,Lily_4 Root,,,,,,,,,
S_A_L_T_WAVED,275810,4/21/2023 10:37,7a1065f6-1a05-4d2b-bf14-73cafdb9ce4b,"(1.2, 0.0, 6.2)",waved,Lily_4 Root,,,,,,,,,
S_A_L_T_WAVE_IF_CAN,275810,4/21/2023 10:37,7a1065f6-1a05-4d2b-bf14-73cafdb9ce4b,"(2.7, 0.0, 2.3)",waveIfCan,Mike_5 Root,,,,,,,,,
S_A_L_T_WAVED,275810,4/21/2023 10:37,7a1065f6-1a05-4d2b-bf14-73cafdb9ce4b,"(2.7, 0.0, 2.3)",waved,Mike_5 Root,,,,,,,,,
S_A_L_T_WAVE_IF_CAN,275810,4/21/2023 10:37,7a1065f6-1a05-4d2b-bf14-73cafdb9ce4b,"(-1.2, 0.0, 3.1)",waveIfCan,Gloria_6 Root,,,,,,,,,
S_A_L_T_WAVED,275810,4/21/2023 10:37,7a1065f6-1a05-4d2b-bf14-73cafdb9ce4b,"(-1.2, 0.0, 3.1)",waved,Gloria_6 Root,,,,,,,,,
S_A_L_T_WAVE_IF_CAN,275810,4/21/2023 10:37,7a1065f6-1a05-4d2b-bf14-73cafdb9ce4b,"(1.3, 0.0, 3.4)",waveIfCan,Mike_7 Root,,,,,,,,,
S_A_L_T_WAVED,275810,4/21/2023 10:37,7a1065f6-1a05-4d2b-bf14-73cafdb9ce4b,"(1.3, 0.0, 3.4)",waved,Mike_7 Root,,,,,,,,,
S_A_L_T_WAVE_IF_CAN,275810,4/21/2023 10:37,7a1065f6-1a05-4d2b-bf14-73cafdb9ce4b,"(4.6, 0.0, -1.7)",waveIfCan,Gloria_8 Root,,,,,,,,,
S_A_L_T_WAVE_IF_CAN,275810,4/21/2023 10:37,7a1065f6-1a05-4d2b-bf14-73cafdb9ce4b,"(2.7, 0.0, 0.7)",waveIfCan,Helga_10 Root,,,,,,,,,
S_A_L_T_WALK_IF_CAN,275827,4/21/2023 10:37,7a1065f6-1a05-4d2b-bf14-73cafdb9ce4b,"(4.6, 0.0, -1.7)",walkIfCan,Gloria_8 Root,,,,,,,,,
S_A_L_T_WALKED,275827,4/21/2023 10:37,7a1065f6-1a05-4d2b-bf14-73cafdb9ce4b,"(4.6, 0.0, -1.7)",walked,Gloria_8 Root,,,,,,,,,
S_A_L_T_WALK_IF_CAN,275827,4/21/2023 10:37,7a1065f6-1a05-4d2b-bf14-73cafdb9ce4b,"(2.8, 0.0, 0.7)",walkIfCan,Helga_10 Root,,,,,,,,,
S_A_L_T_WALKED,275827,4/21/2023 10:37,7a1065f6-1a05-4d2b-bf14-73cafdb9ce4b,"(2.8, 0.0, 0.7)",walked,Helga_10 Root,,,,,,,,,
TELEPORT,278583,4/21/2023 10:37,7a1065f6-1a05-4d2b-bf14-73cafdb9ce4b,"(0.8, 0.0, -2.3)",,,,,,,,,,,
TELEPORT,279652,4/21/2023 10:37,7a1065f6-1a05-4d2b-bf14-73cafdb9ce4b,"(0.8, 0.0, -2.3)",,,,,,,,,,,
TELEPORT,280420,4/21/2023 10:37,7a1065f6-1a05-4d2b-bf14-73cafdb9ce4b,"(0.7, 0.0, -2.0)",,,,,,,,,,,
TELEPORT,285999,4/21/2023 10:37,7a1065f6-1a05-4d2b-bf14-73cafdb9ce4b,"(1.2, 0.0, 6.8)",,,,,,,,,,,
TELEPORT,287817,4/21/2023 10:37,7a1065f6-1a05-4d2b-bf14-73cafdb9ce4b,"(1.0, 0.0, 7.4)",,,,,,,,,,,
TELEPORT,288469,4/21/2023 10:38,7a1065f6-1a05-4d2b-bf14-73cafdb9ce4b,"(0.6, 0.0, 7.3)",,,,,,,,,,,
PATIENT_ENGAGED,288920,4/21/2023 10:38,7a1065f6-1a05-4d2b-bf14-73cafdb9ce4b,100,Infinity,Gary_1 Root,"(1.6, 0.0, 7.6)","(0.0, 1.0, 0.0, 0.0)",EXPECTANT,still,none,restricted,none,unresponsive,supine
PULSE_TAKEN,290222,4/21/2023 10:38,7a1065f6-1a05-4d2b-bf14-73cafdb9ce4b,pulse_none,Gary_1 Root,,,,,,,,,,
PULSE_TAKEN,290357,4/21/2023 10:38,7a1065f6-1a05-4d2b-bf14-73cafdb9ce4b,pulse_none,Gary_1 Root,,,,,,,,,,
PULSE_TAKEN,293918,4/21/2023 10:38,7a1065f6-1a05-4d2b-bf14-73cafdb9ce4b,pulse_none,Gary_1 Root,,,,,,,,,,
BAG_ACCESS,298059,4/21/2023 10:38,7a1065f6-1a05-4d2b-bf14-73cafdb9ce4b,"(1.1, 0.7, 7.8)",,,,,,,,,,,
TAG_SELECTED,298996,4/21/2023 10:38,7a1065f6-1a05-4d2b-bf14-73cafdb9ce4b,gray,,,,,,,,,,,
TAG_APPLIED,299913,4/21/2023 10:38,7a1065f6-1a05-4d2b-bf14-73cafdb9ce4b,Gary_1 Root,gray,,,,,,,,,,
BAG_CLOSED,302690,4/21/2023 10:38,7a1065f6-1a05-4d2b-bf14-73cafdb9ce4b,"(1.1, 0.7, 7.8)",,,,,,,,,,,
PULSE_TAKEN,304357,4/21/2023 10:38,7a1065f6-1a05-4d2b-bf14-73cafdb9ce4b,pulse_fast,Lily_4 Root,,,,,,,,,,
PATIENT_ENGAGED,307800,4/21/2023 10:38,7a1065f6-1a05-4d2b-bf14-73cafdb9ce4b,100,Infinity,Lily_4 Root,"(1.2, 0.0, 6.2)","(0.0, 1.0, 0.0, 0.0)",IMMEDIATE,waver,fast,normal,normal,upset,fetal
BAG_ACCESS,316804,4/21/2023 10:38,7a1065f6-1a05-4d2b-bf14-73cafdb9ce4b,"(0.9, 0.8, 6.6)",,,,,,,,,,,
TOOL_HOVER,317657,4/21/2023 10:38,7a1065f6-1a05-4d2b-bf14-73cafdb9ce4b,Hemostatic Gauze,1003,,,,,,,,,,
TOOL_HOVER,317677,4/21/2023 10:38,7a1065f6-1a05-4d2b-bf14-73cafdb9ce4b,Hemostatic Gauze,1003,,,,,,,,,,
TOOL_HOVER,317690,4/21/2023 10:38,7a1065f6-1a05-4d2b-bf14-73cafdb9ce4b,Hemostatic Gauze,1003,,,,,,,,,,
TOOL_HOVER,317706,4/21/2023 10:38,7a1065f6-1a05-4d2b-bf14-73cafdb9ce4b,Hemostatic Gauze,1003,,,,,,,,,,
TOOL_HOVER,317726,4/21/2023 10:38,7a1065f6-1a05-4d2b-bf14-73cafdb9ce4b,Hemostatic Gauze,1003,,,,,,,,,,
TOOL_HOVER,317740,4/21/2023 10:38,7a1065f6-1a05-4d2b-bf14-73cafdb9ce4b,Hemostatic Gauze,1003,,,,,,,,,,
TOOL_HOVER,317756,4/21/2023 10:38,7a1065f6-1a05-4d2b-bf14-73cafdb9ce4b,Hemostatic Gauze,1003,,,,,,,,,,
TOOL_HOVER,317774,4/21/2023 10:38,7a1065f6-1a05-4d2b-bf14-73cafdb9ce4b,Hemostatic Gauze,1003,,,,,,,,,,
TOOL_SELECTED,317775,4/21/2023 10:38,7a1065f6-1a05-4d2b-bf14-73cafdb9ce4b,Hemostatic Gauze,1002,,,,,,,,,,
TOOL_DISCARDED,318893,4/21/2023 10:38,7a1065f6-1a05-4d2b-bf14-73cafdb9ce4b,Hemostatic Gauze,1002,"(0.8, 0.3, 6.5)",,,,,,,,,
INJURY_TREATED,318894,4/21/2023 10:38,7a1065f6-1a05-4d2b-bf14-73cafdb9ce4b,L Side Puncture,Lily_4 Root,woundpack,medium,abdomen,TRUE,FALSE,"(0.9, 0.2, 6.5)",,,,
TOOL_APPLIED,318894,4/21/2023 10:38,7a1065f6-1a05-4d2b-bf14-73cafdb9ce4b,Lily_4 Root,Gauze_Pack,skinCollider_BodyLOD (UnityEngine.GameObject),null,null,AppliedPackingGauze,,,,,,
TAG_SELECTED,320646,4/21/2023 10:38,7a1065f6-1a05-4d2b-bf14-73cafdb9ce4b,red,,,,,,,,,,,
TAG_APPLIED,321450,4/21/2023 10:38,7a1065f6-1a05-4d2b-bf14-73cafdb9ce4b,Lily_4 Root,red,,,,,,,,,,
BAG_CLOSED,324056,4/21/2023 10:38,7a1065f6-1a05-4d2b-bf14-73cafdb9ce4b,"(0.9, 0.8, 6.6)",,,,,,,,,,,
TELEPORT,324056,4/21/2023 10:38,7a1065f6-1a05-4d2b-bf14-73cafdb9ce4b,"(0.6, 0.0, 7.4)",,,,,,,,,,,
TELEPORT,324756,4/21/2023 10:38,7a1065f6-1a05-4d2b-bf14-73cafdb9ce4b,"(0.8, 0.0, 7.4)",,,,,,,,,,,
TELEPORT,325007,4/21/2023 10:38,7a1065f6-1a05-4d2b-bf14-73cafdb9ce4b,"(0.8, 0.0, 7.4)",,,,,,,,,,,
BAG_ACCESS,335366,4/21/2023 10:38,7a1065f6-1a05-4d2b-bf14-73cafdb9ce4b,"(3.5, 0.8, 4.3)",,,,,,,,,,,
TOOL_HOVER,336152,4/21/2023 10:38,7a1065f6-1a05-4d2b-bf14-73cafdb9ce4b,Tourniquet,998,,,,,,,,,,
TOOL_HOVER,336168,4/21/2023 10:38,7a1065f6-1a05-4d2b-bf14-73cafdb9ce4b,Tourniquet,998,,,,,,,,,,
TOOL_HOVER,336184,4/21/2023 10:38,7a1065f6-1a05-4d2b-bf14-73cafdb9ce4b,Tourniquet,998,,,,,,,,,,
TOOL_HOVER,336205,4/21/2023 10:38,7a1065f6-1a05-4d2b-bf14-73cafdb9ce4b,Tourniquet,998,,,,,,,,,,
TOOL_SELECTED,336206,4/21/2023 10:38,7a1065f6-1a05-4d2b-bf14-73cafdb9ce4b,Tourniquet,997,,,,,,,,,,
PATIENT_ENGAGED,336487,4/21/2023 10:38,7a1065f6-1a05-4d2b-bf14-73cafdb9ce4b,100,Infinity,Lily_2 Root,"(3.0, 0.0, 4.5)","(0.0, 1.0, 0.0, 0.0)",IMMEDIATE,waver,fast,fast,normal,agony,fetal
TOOL_DISCARDED,337673,4/21/2023 10:38,7a1065f6-1a05-4d2b-bf14-73cafdb9ce4b,Tourniquet,997,"(3.2, 0.2, 4.4)",,,,,,,,,
TOOL_HOVER,339260,4/21/2023 10:38,7a1065f6-1a05-4d2b-bf14-73cafdb9ce4b,Tourniquet,998,,,,,,,,,,
TOOL_HOVER,339276,4/21/2023 10:38,7a1065f6-1a05-4d2b-bf14-73cafdb9ce4b,Tourniquet,998,,,,,,,,,,
TOOL_HOVER,339293,4/21/2023 10:38,7a1065f6-1a05-4d2b-bf14-73cafdb9ce4b,Tourniquet,998,,,,,,,,,,
TOOL_HOVER,339309,4/21/2023 10:38,7a1065f6-1a05-4d2b-bf14-73cafdb9ce4b,Tourniquet,998,,,,,,,,,,
TOOL_HOVER,339326,4/21/2023 10:38,7a1065f6-1a05-4d2b-bf14-73cafdb9ce4b,Tourniquet,998,,,,,,,,,,
TOOL_HOVER,339343,4/21/2023 10:38,7a1065f6-1a05-4d2b-bf14-73cafdb9ce4b,Tourniquet,998,,,,,,,,,,
TOOL_HOVER,339359,4/21/2023 10:38,7a1065f6-1a05-4d2b-bf14-73cafdb9ce4b,Tourniquet,998,,,,,,,,,,
TOOL_HOVER,339378,4/21/2023 10:38,7a1065f6-1a05-4d2b-bf14-73cafdb9ce4b,Tourniquet,998,,,,,,,,,,
TOOL_HOVER,339392,4/21/2023 10:38,7a1065f6-1a05-4d2b-bf14-73cafdb9ce4b,Tourniquet,998,,,,,,,,,,
TOOL_HOVER,339409,4/21/2023 10:38,7a1065f6-1a05-4d2b-bf14-73cafdb9ce4b,Tourniquet,998,,,,,,,,,,
TOOL_HOVER,339429,4/21/2023 10:38,7a1065f6-1a05-4d2b-bf14-73cafdb9ce4b,Tourniquet,998,,,,,,,,,,
TOOL_HOVER,339443,4/21/2023 10:38,7a1065f6-1a05-4d2b-bf14-73cafdb9ce4b,Tourniquet,998,,,,,,,,,,
TOOL_HOVER,339460,4/21/2023 10:38,7a1065f6-1a05-4d2b-bf14-73cafdb9ce4b,Tourniquet,998,,,,,,,,,,
TOOL_HOVER,339477,4/21/2023 10:38,7a1065f6-1a05-4d2b-bf14-73cafdb9ce4b,Tourniquet,998,,,,,,,,,,
TOOL_HOVER,339493,4/21/2023 10:38,7a1065f6-1a05-4d2b-bf14-73cafdb9ce4b,Tourniquet,998,,,,,,,,,,
TOOL_HOVER,339509,4/21/2023 10:38,7a1065f6-1a05-4d2b-bf14-73cafdb9ce4b,Tourniquet,998,,,,,,,,,,
TOOL_HOVER,339527,4/21/2023 10:38,7a1065f6-1a05-4d2b-bf14-73cafdb9ce4b,Tourniquet,998,,,,,,,,,,
TOOL_HOVER,339543,4/21/2023 10:38,7a1065f6-1a05-4d2b-bf14-73cafdb9ce4b,Tourniquet,998,,,,,,,,,,
TOOL_HOVER,339562,4/21/2023 10:38,7a1065f6-1a05-4d2b-bf14-73cafdb9ce4b,Tourniquet,998,,,,,,,,,,
TOOL_HOVER,339577,4/21/2023 10:38,7a1065f6-1a05-4d2b-bf14-73cafdb9ce4b,Tourniquet,998,,,,,,,,,,
TOOL_HOVER,339594,4/21/2023 10:38,7a1065f6-1a05-4d2b-bf14-73cafdb9ce4b,Tourniquet,998,,,,,,,,,,
TOOL_HOVER,339609,4/21/2023 10:38,7a1065f6-1a05-4d2b-bf14-73cafdb9ce4b,Tourniquet,998,,,,,,,,,,
TOOL_HOVER,339628,4/21/2023 10:38,7a1065f6-1a05-4d2b-bf14-73cafdb9ce4b,Tourniquet,998,,,,,,,,,,
TOOL_HOVER,339643,4/21/2023 10:38,7a1065f6-1a05-4d2b-bf14-73cafdb9ce4b,Tourniquet,998,,,,,,,,,,
TOOL_HOVER,339662,4/21/2023 10:38,7a1065f6-1a05-4d2b-bf14-73cafdb9ce4b,Tourniquet,998,,,,,,,,,,
TOOL_HOVER,339676,4/21/2023 10:38,7a1065f6-1a05-4d2b-bf14-73cafdb9ce4b,Tourniquet,998,,,,,,,,,,
TOOL_HOVER,339694,4/21/2023 10:38,7a1065f6-1a05-4d2b-bf14-73cafdb9ce4b,Tourniquet,998,,,,,,,,,,
TOOL_HOVER,339709,4/21/2023 10:38,7a1065f6-1a05-4d2b-bf14-73cafdb9ce4b,Tourniquet,998,,,,,,,,,,
TOOL_HOVER,339726,4/21/2023 10:38,7a1065f6-1a05-4d2b-bf14-73cafdb9ce4b,Tourniquet,998,,,,,,,,,,
TOOL_HOVER,339744,4/21/2023 10:38,7a1065f6-1a05-4d2b-bf14-73cafdb9ce4b,Tourniquet,998,,,,,,,,,,
TOOL_HOVER,339760,4/21/2023 10:38,7a1065f6-1a05-4d2b-bf14-73cafdb9ce4b,Tourniquet,998,,,,,,,,,,
TOOL_HOVER,339776,4/21/2023 10:38,7a1065f6-1a05-4d2b-bf14-73cafdb9ce4b,Tourniquet,998,,,,,,,,,,
TOOL_HOVER,339793,4/21/2023 10:38,7a1065f6-1a05-4d2b-bf14-73cafdb9ce4b,Tourniquet,998,,,,,,,,,,
TOOL_HOVER,339813,4/21/2023 10:38,7a1065f6-1a05-4d2b-bf14-73cafdb9ce4b,Tourniquet,998,,,,,,,,,,
TOOL_HOVER,339827,4/21/2023 10:38,7a1065f6-1a05-4d2b-bf14-73cafdb9ce4b,Tourniquet,998,,,,,,,,,,
TOOL_HOVER,339845,4/21/2023 10:38,7a1065f6-1a05-4d2b-bf14-73cafdb9ce4b,Tourniquet,998,,,,,,,,,,
TOOL_HOVER,339861,4/21/2023 10:38,7a1065f6-1a05-4d2b-bf14-73cafdb9ce4b,Tourniquet,998,,,,,,,,,,
TOOL_HOVER,339879,4/21/2023 10:38,7a1065f6-1a05-4d2b-bf14-73cafdb9ce4b,Tourniquet,998,,,,,,,,,,
TOOL_HOVER,339893,4/21/2023 10:38,7a1065f6-1a05-4d2b-bf14-73cafdb9ce4b,Tourniquet,998,,,,,,,,,,
TOOL_HOVER,339912,4/21/2023 10:38,7a1065f6-1a05-4d2b-bf14-73cafdb9ce4b,Tourniquet,998,,,,,,,,,,
TOOL_HOVER,339927,4/21/2023 10:38,7a1065f6-1a05-4d2b-bf14-73cafdb9ce4b,Tourniquet,998,,,,,,,,,,
TOOL_HOVER,339943,4/21/2023 10:38,7a1065f6-1a05-4d2b-bf14-73cafdb9ce4b,Tourniquet,998,,,,,,,,,,
TOOL_HOVER,339960,4/21/2023 10:38,7a1065f6-1a05-4d2b-bf14-73cafdb9ce4b,Tourniquet,998,,,,,,,,,,
TOOL_HOVER,339977,4/21/2023 10:38,7a1065f6-1a05-4d2b-bf14-73cafdb9ce4b,Tourniquet,998,,,,,,,,,,
TOOL_HOVER,339994,4/21/2023 10:38,7a1065f6-1a05-4d2b-bf14-73cafdb9ce4b,Tourniquet,998,,,,,,,,,,
TOOL_HOVER,340012,4/21/2023 10:38,7a1065f6-1a05-4d2b-bf14-73cafdb9ce4b,Tourniquet,998,,,,,,,,,,
TOOL_HOVER,340027,4/21/2023 10:38,7a1065f6-1a05-4d2b-bf14-73cafdb9ce4b,Tourniquet,998,,,,,,,,,,
TOOL_SELECTED,340029,4/21/2023 10:38,7a1065f6-1a05-4d2b-bf14-73cafdb9ce4b,Tourniquet,997,,,,,,,,,,
TOOL_DISCARDED,341231,4/21/2023 10:38,7a1065f6-1a05-4d2b-bf14-73cafdb9ce4b,Tourniquet,997,"(3.2, 0.3, 4.5)",,,,,,,,,
TOOL_HOVER,342852,4/21/2023 10:38,7a1065f6-1a05-4d2b-bf14-73cafdb9ce4b,Tourniquet,998,,,,,,,,,,
TOOL_HOVER,342867,4/21/2023 10:38,7a1065f6-1a05-4d2b-bf14-73cafdb9ce4b,Tourniquet,998,,,,,,,,,,
TOOL_HOVER,342885,4/21/2023 10:38,7a1065f6-1a05-4d2b-bf14-73cafdb9ce4b,Tourniquet,998,,,,,,,,,,
TOOL_HOVER,342901,4/21/2023 10:38,7a1065f6-1a05-4d2b-bf14-73cafdb9ce4b,Tourniquet,998,,,,,,,,,,
TOOL_HOVER,342918,4/21/2023 10:38,7a1065f6-1a05-4d2b-bf14-73cafdb9ce4b,Tourniquet,998,,,,,,,,,,
TOOL_HOVER,342934,4/21/2023 10:38,7a1065f6-1a05-4d2b-bf14-73cafdb9ce4b,Tourniquet,998,,,,,,,,,,
TOOL_HOVER,342951,4/21/2023 10:38,7a1065f6-1a05-4d2b-bf14-73cafdb9ce4b,Tourniquet,998,,,,,,,,,,
TOOL_HOVER,342968,4/21/2023 10:38,7a1065f6-1a05-4d2b-bf14-73cafdb9ce4b,Tourniquet,998,,,,,,,,,,
TOOL_HOVER,342984,4/21/2023 10:38,7a1065f6-1a05-4d2b-bf14-73cafdb9ce4b,Tourniquet,998,,,,,,,,,,
TOOL_HOVER,343002,4/21/2023 10:38,7a1065f6-1a05-4d2b-bf14-73cafdb9ce4b,Tourniquet,998,,,,,,,,,,
TOOL_HOVER,343017,4/21/2023 10:38,7a1065f6-1a05-4d2b-bf14-73cafdb9ce4b,Tourniquet,998,,,,,,,,,,
TOOL_HOVER,343035,4/21/2023 10:38,7a1065f6-1a05-4d2b-bf14-73cafdb9ce4b,Tourniquet,998,,,,,,,,,,
TOOL_HOVER,343051,4/21/2023 10:38,7a1065f6-1a05-4d2b-bf14-73cafdb9ce4b,Tourniquet,998,,,,,,,,,,
TOOL_HOVER,343068,4/21/2023 10:38,7a1065f6-1a05-4d2b-bf14-73cafdb9ce4b,Tourniquet,998,,,,,,,,,,
TOOL_HOVER,343084,4/21/2023 10:38,7a1065f6-1a05-4d2b-bf14-73cafdb9ce4b,Tourniquet,998,,,,,,,,,,
TOOL_HOVER,343101,4/21/2023 10:38,7a1065f6-1a05-4d2b-bf14-73cafdb9ce4b,Tourniquet,998,,,,,,,,,,
TOOL_HOVER,343118,4/21/2023 10:38,7a1065f6-1a05-4d2b-bf14-73cafdb9ce4b,Tourniquet,998,,,,,,,,,,
TOOL_HOVER,343135,4/21/2023 10:38,7a1065f6-1a05-4d2b-bf14-73cafdb9ce4b,Tourniquet,998,,,,,,,,,,
TOOL_HOVER,343152,4/21/2023 10:38,7a1065f6-1a05-4d2b-bf14-73cafdb9ce4b,Tourniquet,998,,,,,,,,,,
TOOL_HOVER,343168,4/21/2023 10:38,7a1065f6-1a05-4d2b-bf14-73cafdb9ce4b,Tourniquet,998,,,,,,,,,,
TOOL_SELECTED,343169,4/21/2023 10:38,7a1065f6-1a05-4d2b-bf14-73cafdb9ce4b,Tourniquet,997,,,,,,,,,,
INJURY_TREATED,345173,4/21/2023 10:38,7a1065f6-1a05-4d2b-bf14-73cafdb9ce4b,R Shin Amputation,Lily_2 Root,tourniquet,high,rightLeg,TRUE,FALSE,"(3.2, 0.1, 4.2)",,,,
TOOL_APPLIED,345173,4/21/2023 10:38,7a1065f6-1a05-4d2b-bf14-73cafdb9ce4b,Lily_2 Root,Tourniquet,RightUpLeg (UnityEngine.GameObject),tor_ring (1) (UnityEngine.GameObject),tourniquet(Clone) (UnityEngine.GameObject),AppliedTourniquet,,,,,,
TAG_SELECTED,347245,4/21/2023 10:38,7a1065f6-1a05-4d2b-bf14-73cafdb9ce4b,red,,,,,,,,,,,
TAG_APPLIED,348798,4/21/2023 10:39,7a1065f6-1a05-4d2b-bf14-73cafdb9ce4b,Lily_2 Root,red,,,,,,,,,,
PULSE_TAKEN,349400,4/21/2023 10:39,7a1065f6-1a05-4d2b-bf14-73cafdb9ce4b,pulse_fast,Lily_2 Root,,,,,,,,,,
PULSE_TAKEN,349482,4/21/2023 10:39,7a1065f6-1a05-4d2b-bf14-73cafdb9ce4b,pulse_fast,Lily_2 Root,,,,,,,,,,
PULSE_TAKEN,349532,4/21/2023 10:39,7a1065f6-1a05-4d2b-bf14-73cafdb9ce4b,pulse_fast,Lily_2 Root,,,,,,,,,,
PULSE_TAKEN,350402,4/21/2023 10:39,7a1065f6-1a05-4d2b-bf14-73cafdb9ce4b,pulse_fast,Lily_2 Root,,,,,,,,,,
VOICE_CAPTURE,359627,4/21/2023 10:39,7a1065f6-1a05-4d2b-bf14-73cafdb9ce4b,wave,NA,,,,,,,,,,
VOICE_COMMAND,359627,4/21/2023 10:39,7a1065f6-1a05-4d2b-bf14-73cafdb9ce4b,wave if you can,wave,,,,,,,,,,
S_A_L_T_WAVE_IF_CAN,359628,4/21/2023 10:39,7a1065f6-1a05-4d2b-bf14-73cafdb9ce4b,"(3.0, 0.0, 4.5)",waveIfCan,Lily_2 Root,,,,,,,,,
S_A_L_T_WAVED,359628,4/21/2023 10:39,7a1065f6-1a05-4d2b-bf14-73cafdb9ce4b,"(3.0, 0.0, 4.5)",waved,Lily_2 Root,,,,,,,,,
S_A_L_T_WAVE_IF_CAN,359628,4/21/2023 10:39,7a1065f6-1a05-4d2b-bf14-73cafdb9ce4b,"(1.2, 0.0, 6.2)",waveIfCan,Lily_4 Root,,,,,,,,,
S_A_L_T_WAVED,359628,4/21/2023 10:39,7a1065f6-1a05-4d2b-bf14-73cafdb9ce4b,"(1.2, 0.0, 6.2)",waved,Lily_4 Root,,,,,,,,,
S_A_L_T_WAVE_IF_CAN,359628,4/21/2023 10:39,7a1065f6-1a05-4d2b-bf14-73cafdb9ce4b,"(2.7, 0.0, 2.3)",waveIfCan,Mike_5 Root,,,,,,,,,
S_A_L_T_WAVED,359628,4/21/2023 10:39,7a1065f6-1a05-4d2b-bf14-73cafdb9ce4b,"(2.7, 0.0, 2.3)",waved,Mike_5 Root,,,,,,,,,
S_A_L_T_WAVE_IF_CAN,359628,4/21/2023 10:39,7a1065f6-1a05-4d2b-bf14-73cafdb9ce4b,"(-1.2, 0.0, 3.1)",waveIfCan,Gloria_6 Root,,,,,,,,,
S_A_L_T_WAVED,359628,4/21/2023 10:39,7a1065f6-1a05-4d2b-bf14-73cafdb9ce4b,"(-1.2, 0.0, 3.1)",waved,Gloria_6 Root,,,,,,,,,
S_A_L_T_WAVE_IF_CAN,359628,4/21/2023 10:39,7a1065f6-1a05-4d2b-bf14-73cafdb9ce4b,"(1.3, 0.0, 3.4)",waveIfCan,Mike_7 Root,,,,,,,,,
S_A_L_T_WAVED,359628,4/21/2023 10:39,7a1065f6-1a05-4d2b-bf14-73cafdb9ce4b,"(1.3, 0.0, 3.4)",waved,Mike_7 Root,,,,,,,,,
S_A_L_T_WAVE_IF_CAN,359628,4/21/2023 10:39,7a1065f6-1a05-4d2b-bf14-73cafdb9ce4b,"(4.8, 0.0, -3.4)",waveIfCan,Gloria_8 Root,,,,,,,,,
S_A_L_T_WAVED,359628,4/21/2023 10:39,7a1065f6-1a05-4d2b-bf14-73cafdb9ce4b,"(4.8, 0.0, -3.4)",waved,Gloria_8 Root,,,,,,,,,
S_A_L_T_WAVE_IF_CAN,359628,4/21/2023 10:39,7a1065f6-1a05-4d2b-bf14-73cafdb9ce4b,"(4.3, 0.0, -2.3)",waveIfCan,Helga_10 Root,,,,,,,,,
S_A_L_T_WAVED,359628,4/21/2023 10:39,7a1065f6-1a05-4d2b-bf14-73cafdb9ce4b,"(4.3, 0.0, -2.3)",waved,Helga_10 Root,,,,,,,,,
VOICE_CAPTURE,360177,4/21/2023 10:39,7a1065f6-1a05-4d2b-bf14-73cafdb9ce4b,Anybody can wave wave at me,NA,,,,,,,,,,
VOICE_COMMAND,360177,4/21/2023 10:39,7a1065f6-1a05-4d2b-bf14-73cafdb9ce4b,wave if you can,Anybody can wave wave at me,,,,,,,,,,
BAG_CLOSED,361913,4/21/2023 10:39,7a1065f6-1a05-4d2b-bf14-73cafdb9ce4b,"(3.5, 0.8, 4.3)",,,,,,,,,,,
TELEPORT,361913,4/21/2023 10:39,7a1065f6-1a05-4d2b-bf14-73cafdb9ce4b,"(1.6, 0.0, 5.6)",,,,,,,,,,,
TELEPORT,362632,4/21/2023 10:39,7a1065f6-1a05-4d2b-bf14-73cafdb9ce4b,"(1.2, 0.0, 5.5)",,,,,,,,,,,
TELEPORT,363602,4/21/2023 10:39,7a1065f6-1a05-4d2b-bf14-73cafdb9ce4b,"(1.2, 0.0, 5.5)",,,,,,,,,,,
TELEPORT,366357,4/21/2023 10:39,7a1065f6-1a05-4d2b-bf14-73cafdb9ce4b,"(-2.1, 0.0, 6.3)",,,,,,,,,,,
PULSE_TAKEN,370284,4/21/2023 10:39,7a1065f6-1a05-4d2b-bf14-73cafdb9ce4b,pulse_none,Bob_0 Root,,,,,,,,,,
BAG_ACCESS,373958,4/21/2023 10:39,7a1065f6-1a05-4d2b-bf14-73cafdb9ce4b,"(-1.6, 0.8, 5.1)",,,,,,,,,,,
TAG_SELECTED,376231,4/21/2023 10:39,7a1065f6-1a05-4d2b-bf14-73cafdb9ce4b,black,,,,,,,,,,,
PATIENT_ENGAGED,377402,4/21/2023 10:39,7a1065f6-1a05-4d2b-bf14-73cafdb9ce4b,100,Infinity,Bob_0 Root,"(-1.7, 0.0, 5.7)","(0.0, 0.7, 0.0, 0.7)",DEAD,still,none,none,none,dead,supine
TAG_APPLIED,377451,4/21/2023 10:39,7a1065f6-1a05-4d2b-bf14-73cafdb9ce4b,Bob_0 Root,black,,,,,,,,,,
BAG_CLOSED,379224,4/21/2023 10:39,7a1065f6-1a05-4d2b-bf14-73cafdb9ce4b,"(-1.6, 0.8, 5.1)",,,,,,,,,,,
TELEPORT,379730,4/21/2023 10:39,7a1065f6-1a05-4d2b-bf14-73cafdb9ce4b,"(-2.6, 0.0, 6.3)",,,,,,,,,,,
PATIENT_ENGAGED,381001,4/21/2023 10:39,7a1065f6-1a05-4d2b-bf14-73cafdb9ce4b,100,Infinity,Gloria_6 Root,"(-1.2, 0.0, 3.1)","(0.0, 0.4, 0.0, 0.9)",DELAYED,waver,fast,normal,normal,upset,fetal
PULSE_TAKEN,382570,4/21/2023 10:39,7a1065f6-1a05-4d2b-bf14-73cafdb9ce4b,pulse_fast,Gloria_6 Root,,,,,,,,,,
PULSE_TAKEN,386563,4/21/2023 10:39,7a1065f6-1a05-4d2b-bf14-73cafdb9ce4b,pulse_fast,Gloria_6 Root,,,,,,,,,,
BAG_ACCESS,389439,4/21/2023 10:39,7a1065f6-1a05-4d2b-bf14-73cafdb9ce4b,"(-1.6, 0.8, 3.6)",,,,,,,,,,,
TAG_SELECTED,390741,4/21/2023 10:39,7a1065f6-1a05-4d2b-bf14-73cafdb9ce4b,yellow,,,,,,,,,,,
TAG_APPLIED,392044,4/21/2023 10:39,7a1065f6-1a05-4d2b-bf14-73cafdb9ce4b,Gloria_6 Root,yellow,,,,,,,,,,
BAG_CLOSED,393381,4/21/2023 10:39,7a1065f6-1a05-4d2b-bf14-73cafdb9ce4b,"(-1.6, 0.8, 3.6)",,,,,,,,,,,
TELEPORT,393381,4/21/2023 10:39,7a1065f6-1a05-4d2b-bf14-73cafdb9ce4b,"(-2.6, 0.0, 6.1)",,,,,,,,,,,
TELEPORT,398176,4/21/2023 10:39,7a1065f6-1a05-4d2b-bf14-73cafdb9ce4b,"(-2.3, 0.0, 6.2)",,,,,,,,,,,
PATIENT_ENGAGED,400114,4/21/2023 10:39,7a1065f6-1a05-4d2b-bf14-73cafdb9ce4b,100,Infinity,Mike_7 Root,"(1.3, 0.0, 3.4)","(0.0, 0.1, 0.0, 1.0)",DELAYED,waver,fast,normal,normal,upset,sittingGround
PULSE_TAKEN,402018,4/21/2023 10:39,7a1065f6-1a05-4d2b-bf14-73cafdb9ce4b,pulse_fast,Mike_7 Root,,,,,,,,,,
BAG_ACCESS,410330,4/21/2023 10:40,7a1065f6-1a05-4d2b-bf14-73cafdb9ce4b,"(0.5, 0.8, 3.3)",,,,,,,,,,,
TOOL_HOVER,410849,4/21/2023 10:40,7a1065f6-1a05-4d2b-bf14-73cafdb9ce4b,Hemostatic Gauze,1003,,,,,,,,,,
TOOL_HOVER,410864,4/21/2023 10:40,7a1065f6-1a05-4d2b-bf14-73cafdb9ce4b,Hemostatic Gauze,1003,,,,,,,,,,
TOOL_HOVER,410881,4/21/2023 10:40,7a1065f6-1a05-4d2b-bf14-73cafdb9ce4b,Hemostatic Gauze,1003,,,,,,,,,,
TOOL_HOVER,410897,4/21/2023 10:40,7a1065f6-1a05-4d2b-bf14-73cafdb9ce4b,Hemostatic Gauze,1003,,,,,,,,,,
TOOL_HOVER,410915,4/21/2023 10:40,7a1065f6-1a05-4d2b-bf14-73cafdb9ce4b,Hemostatic Gauze,1003,,,,,,,,,,
TOOL_HOVER,410931,4/21/2023 10:40,7a1065f6-1a05-4d2b-bf14-73cafdb9ce4b,Hemostatic Gauze,1003,,,,,,,,,,
TOOL_HOVER,410948,4/21/2023 10:40,7a1065f6-1a05-4d2b-bf14-73cafdb9ce4b,Hemostatic Gauze,1003,,,,,,,,,,
TOOL_HOVER,410964,4/21/2023 10:40,7a1065f6-1a05-4d2b-bf14-73cafdb9ce4b,Hemostatic Gauze,1003,,,,,,,,,,
TOOL_HOVER,410981,4/21/2023 10:40,7a1065f6-1a05-4d2b-bf14-73cafdb9ce4b,Hemostatic Gauze,1003,,,,,,,,,,
TOOL_HOVER,410998,4/21/2023 10:40,7a1065f6-1a05-4d2b-bf14-73cafdb9ce4b,Hemostatic Gauze,1003,,,,,,,,,,
TOOL_HOVER,411014,4/21/2023 10:40,7a1065f6-1a05-4d2b-bf14-73cafdb9ce4b,Hemostatic Gauze,1003,,,,,,,,,,
TOOL_HOVER,411032,4/21/2023 10:40,7a1065f6-1a05-4d2b-bf14-73cafdb9ce4b,Hemostatic Gauze,1003,,,,,,,,,,
TOOL_SELECTED,411032,4/21/2023 10:40,7a1065f6-1a05-4d2b-bf14-73cafdb9ce4b,Hemostatic Gauze,1002,,,,,,,,,,
TOOL_DISCARDED,412719,4/21/2023 10:40,7a1065f6-1a05-4d2b-bf14-73cafdb9ce4b,Hemostatic Gauze,1002,"(0.7, 0.1, 3.6)",,,,,,,,,
TOOL_DISCARDED,412719,4/21/2023 10:40,7a1065f6-1a05-4d2b-bf14-73cafdb9ce4b,Hemostatic Gauze,1003,"(0.7, 0.1, 3.6)",,,,,,,,,
VOICE_CAPTURE,414673,4/21/2023 10:40,7a1065f6-1a05-4d2b-bf14-73cafdb9ce4b,trying,NA,,,,,,,,,,
TOOL_HOVER,414758,4/21/2023 10:40,7a1065f6-1a05-4d2b-bf14-73cafdb9ce4b,Hemostatic Gauze,1004,,,,,,,,,,
TOOL_HOVER,414774,4/21/2023 10:40,7a1065f6-1a05-4d2b-bf14-73cafdb9ce4b,Hemostatic Gauze,1004,,,,,,,,,,
TOOL_HOVER,414792,4/21/2023 10:40,7a1065f6-1a05-4d2b-bf14-73cafdb9ce4b,Hemostatic Gauze,1004,,,,,,,,,,
TOOL_HOVER,414808,4/21/2023 10:40,7a1065f6-1a05-4d2b-bf14-73cafdb9ce4b,Hemostatic Gauze,1004,,,,,,,,,,
TOOL_HOVER,414824,4/21/2023 10:40,7a1065f6-1a05-4d2b-bf14-73cafdb9ce4b,Hemostatic Gauze,1004,,,,,,,,,,
TOOL_HOVER,414841,4/21/2023 10:40,7a1065f6-1a05-4d2b-bf14-73cafdb9ce4b,Hemostatic Gauze,1004,,,,,,,,,,
TOOL_HOVER,414858,4/21/2023 10:40,7a1065f6-1a05-4d2b-bf14-73cafdb9ce4b,Hemostatic Gauze,1004,,,,,,,,,,
TOOL_HOVER,414875,4/21/2023 10:40,7a1065f6-1a05-4d2b-bf14-73cafdb9ce4b,Hemostatic Gauze,1004,,,,,,,,,,
TOOL_HOVER,414891,4/21/2023 10:40,7a1065f6-1a05-4d2b-bf14-73cafdb9ce4b,Hemostatic Gauze,1004,,,,,,,,,,
TOOL_HOVER,414908,4/21/2023 10:40,7a1065f6-1a05-4d2b-bf14-73cafdb9ce4b,Hemostatic Gauze,1004,,,,,,,,,,
TOOL_HOVER,414925,4/21/2023 10:40,7a1065f6-1a05-4d2b-bf14-73cafdb9ce4b,Hemostatic Gauze,1004,,,,,,,,,,
TOOL_HOVER,414942,4/21/2023 10:40,7a1065f6-1a05-4d2b-bf14-73cafdb9ce4b,Hemostatic Gauze,1004,,,,,,,,,,
TOOL_HOVER,414958,4/21/2023 10:40,7a1065f6-1a05-4d2b-bf14-73cafdb9ce4b,Hemostatic Gauze,1004,,,,,,,,,,
TOOL_HOVER,414975,4/21/2023 10:40,7a1065f6-1a05-4d2b-bf14-73cafdb9ce4b,Hemostatic Gauze,1004,,,,,,,,,,
TOOL_HOVER,414992,4/21/2023 10:40,7a1065f6-1a05-4d2b-bf14-73cafdb9ce4b,Hemostatic Gauze,1004,,,,,,,,,,
TOOL_HOVER,415009,4/21/2023 10:40,7a1065f6-1a05-4d2b-bf14-73cafdb9ce4b,Hemostatic Gauze,1004,,,,,,,,,,
TOOL_HOVER,415025,4/21/2023 10:40,7a1065f6-1a05-4d2b-bf14-73cafdb9ce4b,Hemostatic Gauze,1004,,,,,,,,,,
TOOL_HOVER,415042,4/21/2023 10:40,7a1065f6-1a05-4d2b-bf14-73cafdb9ce4b,Hemostatic Gauze,1004,,,,,,,,,,
TOOL_HOVER,415059,4/21/2023 10:40,7a1065f6-1a05-4d2b-bf14-73cafdb9ce4b,Hemostatic Gauze,1004,,,,,,,,,,
TOOL_HOVER,415075,4/21/2023 10:40,7a1065f6-1a05-4d2b-bf14-73cafdb9ce4b,Hemostatic Gauze,1004,,,,,,,,,,
TOOL_HOVER,415091,4/21/2023 10:40,7a1065f6-1a05-4d2b-bf14-73cafdb9ce4b,Hemostatic Gauze,1004,,,,,,,,,,
TOOL_HOVER,415108,4/21/2023 10:40,7a1065f6-1a05-4d2b-bf14-73cafdb9ce4b,Hemostatic Gauze,1004,,,,,,,,,,
TOOL_HOVER,415126,4/21/2023 10:40,7a1065f6-1a05-4d2b-bf14-73cafdb9ce4b,Hemostatic Gauze,1004,,,,,,,,,,
TOOL_HOVER,415141,4/21/2023 10:40,7a1065f6-1a05-4d2b-bf14-73cafdb9ce4b,Hemostatic Gauze,1004,,,,,,,,,,
TOOL_HOVER,418450,4/21/2023 10:40,7a1065f6-1a05-4d2b-bf14-73cafdb9ce4b,Tourniquet,997,,,,,,,,,,
TOOL_HOVER,418465,4/21/2023 10:40,7a1065f6-1a05-4d2b-bf14-73cafdb9ce4b,Tourniquet,997,,,,,,,,,,
TOOL_HOVER,418484,4/21/2023 10:40,7a1065f6-1a05-4d2b-bf14-73cafdb9ce4b,Tourniquet,997,,,,,,,,,,
TOOL_HOVER,418500,4/21/2023 10:40,7a1065f6-1a05-4d2b-bf14-73cafdb9ce4b,Tourniquet,997,,,,,,,,,,
TOOL_HOVER,418516,4/21/2023 10:40,7a1065f6-1a05-4d2b-bf14-73cafdb9ce4b,Tourniquet,997,,,,,,,,,,
TOOL_HOVER,418533,4/21/2023 10:40,7a1065f6-1a05-4d2b-bf14-73cafdb9ce4b,Tourniquet,997,,,,,,,,,,
TOOL_HOVER,418550,4/21/2023 10:40,7a1065f6-1a05-4d2b-bf14-73cafdb9ce4b,Tourniquet,997,,,,,,,,,,
TOOL_HOVER,418567,4/21/2023 10:40,7a1065f6-1a05-4d2b-bf14-73cafdb9ce4b,Tourniquet,997,,,,,,,,,,
TOOL_HOVER,418583,4/21/2023 10:40,7a1065f6-1a05-4d2b-bf14-73cafdb9ce4b,Tourniquet,997,,,,,,,,,,
TOOL_HOVER,418600,4/21/2023 10:40,7a1065f6-1a05-4d2b-bf14-73cafdb9ce4b,Tourniquet,997,,,,,,,,,,
TOOL_SELECTED,418601,4/21/2023 10:40,7a1065f6-1a05-4d2b-bf14-73cafdb9ce4b,Tourniquet,996,,,,,,,,,,
INJURY_TREATED,420404,4/21/2023 10:40,7a1065f6-1a05-4d2b-bf14-73cafdb9ce4b,L Thigh Puncture,Mike_7 Root,tourniquet,medium,leftLeg,TRUE,FALSE,"(0.7, 0.1, 3.5)",,,,
TOOL_APPLIED,420404,4/21/2023 10:40,7a1065f6-1a05-4d2b-bf14-73cafdb9ce4b,Mike_7 Root,Tourniquet,LeftUpLeg (UnityEngine.GameObject),tor_ring (1) (UnityEngine.GameObject),tourniquet(Clone) (UnityEngine.GameObject),AppliedTourniquet,,,,,,
TAG_SELECTED,424181,4/21/2023 10:40,7a1065f6-1a05-4d2b-bf14-73cafdb9ce4b,yellow,,,,,,,,,,,
PULSE_TAKEN,426920,4/21/2023 10:40,7a1065f6-1a05-4d2b-bf14-73cafdb9ce4b,pulse_fast,Mike_7 Root,,,,,,,,,,
PULSE_TAKEN,428657,4/21/2023 10:40,7a1065f6-1a05-4d2b-bf14-73cafdb9ce4b,pulse_fast,Mike_7 Root,,,,,,,,,,
TAG_APPLIED,430246,4/21/2023 10:40,7a1065f6-1a05-4d2b-bf14-73cafdb9ce4b,Mike_7 Root,yellow,,,,,,,,,,
BAG_CLOSED,431765,4/21/2023 10:40,7a1065f6-1a05-4d2b-bf14-73cafdb9ce4b,"(0.5, 0.8, 3.3)",,,,,,,,,,,
TELEPORT,431765,4/21/2023 10:40,7a1065f6-1a05-4d2b-bf14-73cafdb9ce4b,"(-2.0, 0.0, 6.0)",,,,,,,,,,,
TELEPORT,433202,4/21/2023 10:40,7a1065f6-1a05-4d2b-bf14-73cafdb9ce4b,"(-2.0, 0.0, 5.9)",,,,,,,,,,,
TELEPORT,439418,4/21/2023 10:40,7a1065f6-1a05-4d2b-bf14-73cafdb9ce4b,"(-1.7, 0.0, 5.4)",,,,,,,,,,,
PATIENT_ENGAGED,441638,4/21/2023 10:40,7a1065f6-1a05-4d2b-bf14-73cafdb9ce4b,100,0,Gary_3 Root,"(0.4, 0.0, 1.7)","(0.0, 0.0, 0.0, 1.0)",IMMEDIATE,still,faint,collapsedRight,normal,unresponsive,supine
PULSE_TAKEN,442743,4/21/2023 10:40,7a1065f6-1a05-4d2b-bf14-73cafdb9ce4b,pulse_faint,Gary_3 Root,,,,,,,,,,
VOICE_CAPTURE,444816,4/21/2023 10:40,7a1065f6-1a05-4d2b-bf14-73cafdb9ce4b,Power,NA,,,,,,,,,,
BAG_ACCESS,446165,4/21/2023 10:40,7a1065f6-1a05-4d2b-bf14-73cafdb9ce4b,"(0.8, 0.7, 1.6)",,,,,,,,,,,
TOOL_HOVER,446946,4/21/2023 10:40,7a1065f6-1a05-4d2b-bf14-73cafdb9ce4b,Needle,998,,,,,,,,,,
TOOL_HOVER,446956,4/21/2023 10:40,7a1065f6-1a05-4d2b-bf14-73cafdb9ce4b,Needle,998,,,,,,,,,,
TOOL_HOVER,446963,4/21/2023 10:40,7a1065f6-1a05-4d2b-bf14-73cafdb9ce4b,Needle,998,,,,,,,,,,
TOOL_HOVER,446972,4/21/2023 10:40,7a1065f6-1a05-4d2b-bf14-73cafdb9ce4b,Needle,998,,,,,,,,,,
TOOL_HOVER,446979,4/21/2023 10:40,7a1065f6-1a05-4d2b-bf14-73cafdb9ce4b,Needle,998,,,,,,,,,,
TOOL_HOVER,446988,4/21/2023 10:40,7a1065f6-1a05-4d2b-bf14-73cafdb9ce4b,Needle,998,,,,,,,,,,
TOOL_HOVER,446996,4/21/2023 10:40,7a1065f6-1a05-4d2b-bf14-73cafdb9ce4b,Needle,998,,,,,,,,,,
TOOL_HOVER,447004,4/21/2023 10:40,7a1065f6-1a05-4d2b-bf14-73cafdb9ce4b,Needle,998,,,,,,,,,,
TOOL_HOVER,447012,4/21/2023 10:40,7a1065f6-1a05-4d2b-bf14-73cafdb9ce4b,Needle,998,,,,,,,,,,
TOOL_HOVER,447022,4/21/2023 10:40,7a1065f6-1a05-4d2b-bf14-73cafdb9ce4b,Needle,998,,,,,,,,,,
TOOL_HOVER,447030,4/21/2023 10:40,7a1065f6-1a05-4d2b-bf14-73cafdb9ce4b,Needle,998,,,,,,,,,,
TOOL_HOVER,447038,4/21/2023 10:40,7a1065f6-1a05-4d2b-bf14-73cafdb9ce4b,Needle,998,,,,,,,,,,
TOOL_HOVER,447046,4/21/2023 10:40,7a1065f6-1a05-4d2b-bf14-73cafdb9ce4b,Needle,998,,,,,,,,,,
TOOL_HOVER,447055,4/21/2023 10:40,7a1065f6-1a05-4d2b-bf14-73cafdb9ce4b,Needle,998,,,,,,,,,,
TOOL_HOVER,447062,4/21/2023 10:40,7a1065f6-1a05-4d2b-bf14-73cafdb9ce4b,Needle,998,,,,,,,,,,
TOOL_HOVER,447072,4/21/2023 10:40,7a1065f6-1a05-4d2b-bf14-73cafdb9ce4b,Needle,998,,,,,,,,,,
TOOL_HOVER,447079,4/21/2023 10:40,7a1065f6-1a05-4d2b-bf14-73cafdb9ce4b,Needle,998,,,,,,,,,,
TOOL_HOVER,447088,4/21/2023 10:40,7a1065f6-1a05-4d2b-bf14-73cafdb9ce4b,Needle,998,,,,,,,,,,
TOOL_HOVER,447096,4/21/2023 10:40,7a1065f6-1a05-4d2b-bf14-73cafdb9ce4b,Needle,998,,,,,,,,,,
TOOL_HOVER,447105,4/21/2023 10:40,7a1065f6-1a05-4d2b-bf14-73cafdb9ce4b,Needle,998,,,,,,,,,,
TOOL_SELECTED,447106,4/21/2023 10:40,7a1065f6-1a05-4d2b-bf14-73cafdb9ce4b,Needle,997,,,,,,,,,,
INJURY_TREATED,450545,4/21/2023 10:40,7a1065f6-1a05-4d2b-bf14-73cafdb9ce4b,R Chest Collapse,Gary_3 Root,decompress,high,chest,TRUE,FALSE,"(0.0, 0.0, 0.0)",,,,
TOOL_APPLIED,450545,4/21/2023 10:40,7a1065f6-1a05-4d2b-bf14-73cafdb9ce4b,Needle_Decomp(Clone),Needle,RChest_Breathe1 (UnityEngine.GameObject),cath_needle (UnityEngine.GameObject),right_chest,Needle_Decomp(Clone) (UnityEngine.GameObject),AppliedDecompNeedle,,,,,
PULSE_TAKEN,454135,4/21/2023 10:40,7a1065f6-1a05-4d2b-bf14-73cafdb9ce4b,pulse_faint,Gary_3 Root,,,,,,,,,,
TAG_SELECTED,456708,4/21/2023 10:40,7a1065f6-1a05-4d2b-bf14-73cafdb9ce4b,red,,,,,,,,,,,
TAG_APPLIED,457710,4/21/2023 10:40,7a1065f6-1a05-4d2b-bf14-73cafdb9ce4b,Gary_3 Root,red,,,,,,,,,,
BAG_CLOSED,460420,4/21/2023 10:40,7a1065f6-1a05-4d2b-bf14-73cafdb9ce4b,"(0.8, 0.7, 1.6)",,,,,,,,,,,
TELEPORT,460420,4/21/2023 10:40,7a1065f6-1a05-4d2b-bf14-73cafdb9ce4b,"(-1.1, 0.0, 4.5)",,,,,,,,,,,
TELEPORT,465680,4/21/2023 10:40,7a1065f6-1a05-4d2b-bf14-73cafdb9ce4b,"(-1.1, 0.0, 4.5)",,,,,,,,,,,
TELEPORT,470308,4/21/2023 10:41,7a1065f6-1a05-4d2b-bf14-73cafdb9ce4b,"(0.8, 0.0, 9.8)",,,,,,,,,,,
TELEPORT,470925,4/21/2023 10:41,7a1065f6-1a05-4d2b-bf14-73cafdb9ce4b,"(0.6, 0.0, 15.1)",,,,,,,,,,,
TELEPORT,474001,4/21/2023 10:41,7a1065f6-1a05-4d2b-bf14-73cafdb9ce4b,"(0.6, 0.0, 15.2)",,,,,,,,,,,
PATIENT_ENGAGED,476155,4/21/2023 10:41,7a1065f6-1a05-4d2b-bf14-73cafdb9ce4b,100,0,Gary_9 Root,"(3.0, 0.0, 9.0)","(0.0, 0.9, 0.0, -0.5)",MINIMAL,walker,normal,normal,limited,calm,standing
VOICE_CAPTURE,478429,4/21/2023 10:41,7a1065f6-1a05-4d2b-bf14-73cafdb9ce4b,Oh,NA,,,,,,,,,,
PULSE_TAKEN,478762,4/21/2023 10:41,7a1065f6-1a05-4d2b-bf14-73cafdb9ce4b,pulse_normal,Gary_9 Root,,,,,,,,,,
VOICE_CAPTURE,480450,4/21/2023 10:41,7a1065f6-1a05-4d2b-bf14-73cafdb9ce4b,are you hurt,NA,,,,,,,,,,
VOICE_COMMAND,480450,4/21/2023 10:41,7a1065f6-1a05-4d2b-bf14-73cafdb9ce4b,are you hurt,are you hurt,,,,,,,,,,
VOICE_CAPTURE,482152,4/21/2023 10:41,7a1065f6-1a05-4d2b-bf14-73cafdb9ce4b,you can't hear anything,NA,,,,,,,,,,
PULSE_TAKEN,488903,4/21/2023 10:41,7a1065f6-1a05-4d2b-bf14-73cafdb9ce4b,pulse_normal,Gary_9 Root,,,,,,,,,,
BAG_ACCESS,496413,4/21/2023 10:41,7a1065f6-1a05-4d2b-bf14-73cafdb9ce4b,"(3.2, 0.8, 8.5)",,,,,,,,,,,
TAG_SELECTED,497298,4/21/2023 10:41,7a1065f6-1a05-4d2b-bf14-73cafdb9ce4b,yellow,,,,,,,,,,,
TAG_APPLIED,498082,4/21/2023 10:41,7a1065f6-1a05-4d2b-bf14-73cafdb9ce4b,Gary_9 Root,yellow,,,,,,,,,,
BAG_CLOSED,500039,4/21/2023 10:41,7a1065f6-1a05-4d2b-bf14-73cafdb9ce4b,"(3.2, 0.8, 8.5)",,,,,,,,,,,
TELEPORT,500039,4/21/2023 10:41,7a1065f6-1a05-4d2b-bf14-73cafdb9ce4b,"(0.6, 0.0, 11.5)",,,,,,,,,,,
TELEPORT,504933,4/21/2023 10:41,7a1065f6-1a05-4d2b-bf14-73cafdb9ce4b,"(1.4, 0.0, 2.7)",,,,,,,,,,,
PATIENT_ENGAGED,506302,4/21/2023 10:41,7a1065f6-1a05-4d2b-bf14-73cafdb9ce4b,100,Infinity,Helga_10 Root,"(4.3, 0.0, -2.3)","(0.0, 0.5, 0.0, -0.8)",MINIMAL,walker,normal,normal,normal,calm,sittingGround
PULSE_TAKEN,507323,4/21/2023 10:41,7a1065f6-1a05-4d2b-bf14-73cafdb9ce4b,pulse_normal,Helga_10 Root,,,,,,,,,,
PULSE_TAKEN,508042,4/21/2023 10:41,7a1065f6-1a05-4d2b-bf14-73cafdb9ce4b,pulse_normal,Helga_10 Root,,,,,,,,,,
PULSE_TAKEN,508179,4/21/2023 10:41,7a1065f6-1a05-4d2b-bf14-73cafdb9ce4b,pulse_normal,Helga_10 Root,,,,,,,,,,
PULSE_TAKEN,508342,4/21/2023 10:41,7a1065f6-1a05-4d2b-bf14-73cafdb9ce4b,pulse_normal,Helga_10 Root,,,,,,,,,,
PULSE_TAKEN,508441,4/21/2023 10:41,7a1065f6-1a05-4d2b-bf14-73cafdb9ce4b,pulse_normal,Helga_10 Root,,,,,,,,,,
PULSE_TAKEN,508474,4/21/2023 10:41,7a1065f6-1a05-4d2b-bf14-73cafdb9ce4b,pulse_normal,Helga_10 Root,,,,,,,,,,
PULSE_TAKEN,508609,4/21/2023 10:41,7a1065f6-1a05-4d2b-bf14-73cafdb9ce4b,pulse_normal,Helga_10 Root,,,,,,,,,,
PULSE_TAKEN,508690,4/21/2023 10:41,7a1065f6-1a05-4d2b-bf14-73cafdb9ce4b,pulse_normal,Helga_10 Root,,,,,,,,,,
PULSE_TAKEN,508842,4/21/2023 10:41,7a1065f6-1a05-4d2b-bf14-73cafdb9ce4b,pulse_normal,Helga_10 Root,,,,,,,,,,
PULSE_TAKEN,509661,4/21/2023 10:41,7a1065f6-1a05-4d2b-bf14-73cafdb9ce4b,pulse_normal,Helga_10 Root,,,,,,,,,,
PULSE_TAKEN,514872,4/21/2023 10:41,7a1065f6-1a05-4d2b-bf14-73cafdb9ce4b,pulse_normal,Helga_10 Root,,,,,,,,,,
VOICE_CAPTURE,515073,4/21/2023 10:41,7a1065f6-1a05-4d2b-bf14-73cafdb9ce4b,No,NA,,,,,,,,,,
PULSE_TAKEN,516041,4/21/2023 10:41,7a1065f6-1a05-4d2b-bf14-73cafdb9ce4b,pulse_normal,Helga_10 Root,,,,,,,,,,
PULSE_TAKEN,516176,4/21/2023 10:41,7a1065f6-1a05-4d2b-bf14-73cafdb9ce4b,pulse_normal,Helga_10 Root,,,,,,,,,,
PULSE_TAKEN,516293,4/21/2023 10:41,7a1065f6-1a05-4d2b-bf14-73cafdb9ce4b,pulse_normal,Helga_10 Root,,,,,,,,,,
PULSE_TAKEN,516511,4/21/2023 10:41,7a1065f6-1a05-4d2b-bf14-73cafdb9ce4b,pulse_normal,Helga_10 Root,,,,,,,,,,
PULSE_TAKEN,516694,4/21/2023 10:41,7a1065f6-1a05-4d2b-bf14-73cafdb9ce4b,pulse_normal,Helga_10 Root,,,,,,,,,,
BAG_ACCESS,522076,4/21/2023 10:41,7a1065f6-1a05-4d2b-bf14-73cafdb9ce4b,"(3.9, 0.5, -2.0)",,,,,,,,,,,
VOICE_CAPTURE,528197,4/21/2023 10:42,7a1065f6-1a05-4d2b-bf14-73cafdb9ce4b,modbutton im okay,NA,,,,,,,,,,
VOICE_COMMAND,528197,4/21/2023 10:42,7a1065f6-1a05-4d2b-bf14-73cafdb9ce4b,modbutton im okay,modbutton im okay,,,,,,,,,,
VOICE_CAPTURE,530535,4/21/2023 10:42,7a1065f6-1a05-4d2b-bf14-73cafdb9ce4b,is anything hurt,NA,,,,,,,,,,
VOICE_COMMAND,530535,4/21/2023 10:42,7a1065f6-1a05-4d2b-bf14-73cafdb9ce4b,are you hurt,is anything hurt,,,,,,,,,,
VOICE_CAPTURE,534863,4/21/2023 10:42,7a1065f6-1a05-4d2b-bf14-73cafdb9ce4b,yeah she said she's OK,NA,,,,,,,,,,
BAG_CLOSED,535549,4/21/2023 10:42,7a1065f6-1a05-4d2b-bf14-73cafdb9ce4b,"(3.9, 0.5, -2.0)",,,,,,,,,,,
TELEPORT,535549,4/21/2023 10:42,7a1065f6-1a05-4d2b-bf14-73cafdb9ce4b,"(1.2, 0.0, 2.0)",,,,,,,,,,,
TELEPORT,536303,4/21/2023 10:42,7a1065f6-1a05-4d2b-bf14-73cafdb9ce4b,"(1.2, 0.0, 2.0)",,,,,,,,,,,
TELEPORT,541377,4/21/2023 10:42,7a1065f6-1a05-4d2b-bf14-73cafdb9ce4b,"(0.8, 0.0, 2.3)",,,,,,,,,,,
VOICE_CAPTURE,542247,4/21/2023 10:42,7a1065f6-1a05-4d2b-bf14-73cafdb9ce4b,I'm afraid that I'm gonna like walk into a wall now,NA,,,,,,,,,,
VOICE_COMMAND,542247,4/21/2023 10:42,7a1065f6-1a05-4d2b-bf14-73cafdb9ce4b,walk to the safe area,I'm afraid that I'm gonna like walk into a wall now,,,,,,,,,,
S_A_L_T_WALK_IF_CAN,542248,4/21/2023 10:42,7a1065f6-1a05-4d2b-bf14-73cafdb9ce4b,"(3.0, 0.0, 4.5)",walkIfCan,Lily_2 Root,,,,,,,,,
S_A_L_T_WALK_IF_CAN,542248,4/21/2023 10:42,7a1065f6-1a05-4d2b-bf14-73cafdb9ce4b,"(1.2, 0.0, 6.2)",walkIfCan,Lily_4 Root,,,,,,,,,
S_A_L_T_WALK_IF_CAN,542248,4/21/2023 10:42,7a1065f6-1a05-4d2b-bf14-73cafdb9ce4b,"(2.7, 0.0, 2.3)",walkIfCan,Mike_5 Root,,,,,,,,,
S_A_L_T_WALK_IF_CAN,542248,4/21/2023 10:42,7a1065f6-1a05-4d2b-bf14-73cafdb9ce4b,"(-1.2, 0.0, 3.1)",walkIfCan,Gloria_6 Root,,,,,,,,,
S_A_L_T_WALK_IF_CAN,542248,4/21/2023 10:42,7a1065f6-1a05-4d2b-bf14-73cafdb9ce4b,"(1.3, 0.0, 3.4)",walkIfCan,Mike_7 Root,,,,,,,,,
S_A_L_T_WALK_IF_CAN,542248,4/21/2023 10:42,7a1065f6-1a05-4d2b-bf14-73cafdb9ce4b,"(4.8, 0.0, -3.4)",walkIfCan,Gloria_8 Root,,,,,,,,,
S_A_L_T_WALKED,542248,4/21/2023 10:42,7a1065f6-1a05-4d2b-bf14-73cafdb9ce4b,"(4.8, 0.0, -3.4)",walked,Gloria_8 Root,,,,,,,,,
S_A_L_T_WALK_IF_CAN,542248,4/21/2023 10:42,7a1065f6-1a05-4d2b-bf14-73cafdb9ce4b,"(4.3, 0.0, -2.3)",walkIfCan,Helga_10 Root,,,,,,,,,
S_A_L_T_WALKED,542248,4/21/2023 10:42,7a1065f6-1a05-4d2b-bf14-73cafdb9ce4b,"(4.3, 0.0, -2.3)",walked,Helga_10 Root,,,,,,,,,
VOICE_CAPTURE,544369,4/21/2023 10:42,7a1065f6-1a05-4d2b-bf14-73cafdb9ce4b,oh there's a grid found a grid,NA,,,,,,,,,,
PULSE_TAKEN,547761,4/21/2023 10:42,7a1065f6-1a05-4d2b-bf14-73cafdb9ce4b,pulse_normal,Helga_10 Root,,,,,,,,,,
PULSE_TAKEN,547795,4/21/2023 10:42,7a1065f6-1a05-4d2b-bf14-73cafdb9ce4b,pulse_normal,Helga_10 Root,,,,,,,,,,
VOICE_CAPTURE,547944,4/21/2023 10:42,7a1065f6-1a05-4d2b-bf14-73cafdb9ce4b,oh perfect,NA,,,,,,,,,,
VOICE_CAPTURE,552121,4/21/2023 10:42,7a1065f6-1a05-4d2b-bf14-73cafdb9ce4b,Jesus sorry,NA,,,,,,,,,,
BAG_ACCESS,552590,4/21/2023 10:42,7a1065f6-1a05-4d2b-bf14-73cafdb9ce4b,"(3.7, 0.8, -2.0)",,,,,,,,,,,
TAG_SELECTED,553610,4/21/2023 10:42,7a1065f6-1a05-4d2b-bf14-73cafdb9ce4b,green,,,,,,,,,,,
TAG_APPLIED,554777,4/21/2023 10:42,7a1065f6-1a05-4d2b-bf14-73cafdb9ce4b,Helga_10 Root,green,,,,,,,,,,
BAG_CLOSED,555464,4/21/2023 10:42,7a1065f6-1a05-4d2b-bf14-73cafdb9ce4b,"(3.7, 0.8, -2.0)",,,,,,,,,,,
TELEPORT,555464,4/21/2023 10:42,7a1065f6-1a05-4d2b-bf14-73cafdb9ce4b,"(1.8, 0.0, 1.9)",,,,,,,,,,,
PATIENT_ENGAGED,557015,4/21/2023 10:42,7a1065f6-1a05-4d2b-bf14-73cafdb9ce4b,100,Infinity,Gloria_8 Root,"(5.0, 0.0, -3.4)","(0.0, 0.4, 0.0, -0.9)",MINIMAL,walker,normal,normal,normal,upset,sittingGround
BAG_ACCESS,561612,4/21/2023 10:42,7a1065f6-1a05-4d2b-bf14-73cafdb9ce4b,"(4.5, 0.8, -3.3)",,,,,,,,,,,
VOICE_CAPTURE,561694,4/21/2023 10:42,7a1065f6-1a05-4d2b-bf14-73cafdb9ce4b,just I'm just gonna move around with this,NA,,,,,,,,,,
TOOL_HOVER,562263,4/21/2023 10:42,7a1065f6-1a05-4d2b-bf14-73cafdb9ce4b,Gauze,999,,,,,,,,,,
TOOL_HOVER,562280,4/21/2023 10:42,7a1065f6-1a05-4d2b-bf14-73cafdb9ce4b,Gauze,999,,,,,,,,,,
TOOL_HOVER,562297,4/21/2023 10:42,7a1065f6-1a05-4d2b-bf14-73cafdb9ce4b,Gauze,999,,,,,,,,,,
TOOL_HOVER,562314,4/21/2023 10:42,7a1065f6-1a05-4d2b-bf14-73cafdb9ce4b,Gauze,999,,,,,,,,,,
TOOL_HOVER,562330,4/21/2023 10:42,7a1065f6-1a05-4d2b-bf14-73cafdb9ce4b,Gauze,999,,,,,,,,,,
TOOL_HOVER,562346,4/21/2023 10:42,7a1065f6-1a05-4d2b-bf14-73cafdb9ce4b,Gauze,999,,,,,,,,,,
TOOL_SELECTED,562346,4/21/2023 10:42,7a1065f6-1a05-4d2b-bf14-73cafdb9ce4b,Gauze,998,,,,,,,,,,
TOOL_DISCARDED,563315,4/21/2023 10:42,7a1065f6-1a05-4d2b-bf14-73cafdb9ce4b,Gauze,998,"(5.1, 0.4, -3.6)",,,,,,,,,
INJURY_TREATED,563315,4/21/2023 10:42,7a1065f6-1a05-4d2b-bf14-73cafdb9ce4b,L Forearm Laceration,Gloria_8 Root,gauzePressure,low,leftArm,TRUE,FALSE,"(5.0, 0.4, -3.6)",,,,
TOOL_APPLIED,563315,4/21/2023 10:42,7a1065f6-1a05-4d2b-bf14-73cafdb9ce4b,Gloria_8 Root,Gauze_Dressing,skinCollider_Body_LOD (UnityEngine.GameObject),null,null,AppliedDressingGauze,,,,,,
TAG_SELECTED,565354,4/21/2023 10:42,7a1065f6-1a05-4d2b-bf14-73cafdb9ce4b,green,,,,,,,,,,,
TAG_APPLIED,567676,4/21/2023 10:42,7a1065f6-1a05-4d2b-bf14-73cafdb9ce4b,Gloria_8 Root,green,,,,,,,,,,
BAG_CLOSED,571070,4/21/2023 10:42,7a1065f6-1a05-4d2b-bf14-73cafdb9ce4b,"(4.5, 0.8, -3.3)",,,,,,,,,,,
TELEPORT,572905,4/21/2023 10:42,7a1065f6-1a05-4d2b-bf14-73cafdb9ce4b,"(2.3, 0.0, 0.6)",,,,,,,,,,,
SESSION_END,577687,4/21/2023 10:42,7a1065f6-1a05-4d2b-bf14-73cafdb9ce4b,,,,,,,,,,,,
