VOICE_CAPTURE,5984,6/7/2023 8:56,8ceb28a3-e268-4930-a1c6-84cac4f6239c,Yes,NA,,,,,,,,,,
PATIENT_DEMOTED,11134,6/7/2023 8:56,8ceb28a3-e268-4930-a1c6-84cac4f6239c,100,Infinity,Mike_1 Root,"(2.6, 0.0, 0.1)","(0.0, 0.7, 0.0, -0.7)",DELAYED,waver,normal,normal,normal,upset,recovery
PATIENT_DEMOTED,11787,6/7/2023 8:56,8ceb28a3-e268-4930-a1c6-84cac4f6239c,100,Infinity,Mike_2 Root,"(2.6, 0.0, 2.4)","(0.0, 0.7, 0.0, -0.7)",IMMEDIATE,walker,fast,normal,normal,upset,sittingGround
PATIENT_DEMOTED,12454,6/7/2023 8:56,8ceb28a3-e268-4930-a1c6-84cac4f6239c,100,128,Mike_3 Root,"(3.0, 0.0, 4.3)","(0.0, 0.7, 0.0, -0.7)",IMMEDIATE,still,faint,collapsedRight,normal,unresponsive,supine
SESSION_START,17161,6/7/2023 8:56,8ceb28a3-e268-4930-a1c6-84cac4f6239c,,,,,,,,,,,,
PATIENT_RECORD,17161,6/7/2023 8:56,8ceb28a3-e268-4930-a1c6-84cac4f6239c,100,Infinity,Mike_0 Root,"(2.6, 0.0, -1.4)","(0.0, 0.7, 0.0, -0.7)",MINIMAL,walker,normal,normal,normal,upset,sittingGround
INJURY_RECORD,17162,6/7/2023 8:56,8ceb28a3-e268-4930-a1c6-84cac4f6239c,R Forearm Laceration,Mike_0 Root,gauzePressure,low,rightArm,FALSE,FALSE,"(2.7, 1.4, -0.9)",,,,
PATIENT_RECORD,17162,6/7/2023 8:56,8ceb28a3-e268-4930-a1c6-84cac4f6239c,100,Infinity,Mike_1 Root,"(2.9, 0.0, 0.1)","(0.0, 0.7, 0.0, -0.7)",DELAYED,waver,normal,normal,normal,upset,recovery
INJURY_RECORD,17162,6/7/2023 8:56,8ceb28a3-e268-4930-a1c6-84cac4f6239c,L Thigh Laceration,Mike_1 Root,tourniquet,medium,leftLeg,FALSE,FALSE,"(2.8, 0.7, -0.1)",,,,
PATIENT_RECORD,17162,6/7/2023 8:56,8ceb28a3-e268-4930-a1c6-84cac4f6239c,100,Infinity,Mike_2 Root,"(3.1, 0.0, 2.2)","(0.0, 0.7, 0.0, -0.7)",IMMEDIATE,walker,fast,normal,normal,upset,sittingGround
INJURY_RECORD,17162,6/7/2023 8:56,8ceb28a3-e268-4930-a1c6-84cac4f6239c,L Shoulder Puncture,Mike_2 Root,woundpack,medium,chest,FALSE,FALSE,"(3.1, 1.4, 2.1)",,,,
PATIENT_RECORD,17162,6/7/2023 8:56,8ceb28a3-e268-4930-a1c6-84cac4f6239c,100,128,Mike_3 Root,"(3.2, 0.0, 4.3)","(0.0, 0.7, 0.0, -0.7)",IMMEDIATE,still,faint,collapsedRight,normal,unresponsive,supine
INJURY_RECORD,17162,6/7/2023 8:56,8ceb28a3-e268-4930-a1c6-84cac4f6239c,R Chest Collapse,Mike_3 Root,decompress,high,chest,FALSE,FALSE,"(0.0, 0.0, 0.0)",,,,
VOICE_CAPTURE,24093,6/7/2023 8:56,8ceb28a3-e268-4930-a1c6-84cac4f6239c,Can can anybody walk,NA,,,,,,,,,,
VOICE_COMMAND,24093,6/7/2023 8:56,8ceb28a3-e268-4930-a1c6-84cac4f6239c,walk to the safe area,Can can anybody walk,,,,,,,,,,
S_A_L_T_WALK_IF_CAN,24096,6/7/2023 8:56,8ceb28a3-e268-4930-a1c6-84cac4f6239c,"(2.6, 0.0, -1.4)",walkIfCan,Mike_0 Root,,,,,,,,,
S_A_L_T_WALKED,24096,6/7/2023 8:56,8ceb28a3-e268-4930-a1c6-84cac4f6239c,"(2.6, 0.0, -1.4)",walked,Mike_0 Root,,,,,,,,,
S_A_L_T_WALK_IF_CAN,24096,6/7/2023 8:56,8ceb28a3-e268-4930-a1c6-84cac4f6239c,"(2.9, 0.0, 0.1)",walkIfCan,Mike_1 Root,,,,,,,,,
S_A_L_T_WALK_IF_CAN,24096,6/7/2023 8:56,8ceb28a3-e268-4930-a1c6-84cac4f6239c,"(3.1, 0.0, 2.2)",walkIfCan,Mike_2 Root,,,,,,,,,
S_A_L_T_WALKED,24096,6/7/2023 8:56,8ceb28a3-e268-4930-a1c6-84cac4f6239c,"(3.1, 0.0, 2.2)",walked,Mike_2 Root,,,,,,,,,
VOICE_CAPTURE,24785,6/7/2023 8:56,8ceb28a3-e268-4930-a1c6-84cac4f6239c,walk,NA,,,,,,,,,,
VOICE_COMMAND,24785,6/7/2023 8:56,8ceb28a3-e268-4930-a1c6-84cac4f6239c,walk to the safe area,walk,,,,,,,,,,
VOICE_CAPTURE,31720,6/7/2023 8:56,8ceb28a3-e268-4930-a1c6-84cac4f6239c,wave,NA,,,,,,,,,,
VOICE_COMMAND,31720,6/7/2023 8:56,8ceb28a3-e268-4930-a1c6-84cac4f6239c,wave if you can,wave,,,,,,,,,,
S_A_L_T_WAVE_IF_CAN,31721,6/7/2023 8:56,8ceb28a3-e268-4930-a1c6-84cac4f6239c,"(1.7, 0.0, -3.0)",waveIfCan,Mike_0 Root,,,,,,,,,
S_A_L_T_WAVED,31721,6/7/2023 8:56,8ceb28a3-e268-4930-a1c6-84cac4f6239c,"(1.7, 0.0, -3.0)",waved,Mike_0 Root,,,,,,,,,
S_A_L_T_WAVE_IF_CAN,31721,6/7/2023 8:56,8ceb28a3-e268-4930-a1c6-84cac4f6239c,"(2.9, 0.0, 0.1)",waveIfCan,Mike_1 Root,,,,,,,,,
S_A_L_T_WAVED,31721,6/7/2023 8:56,8ceb28a3-e268-4930-a1c6-84cac4f6239c,"(2.9, 0.0, 0.1)",waved,Mike_1 Root,,,,,,,,,
S_A_L_T_WAVE_IF_CAN,31721,6/7/2023 8:56,8ceb28a3-e268-4930-a1c6-84cac4f6239c,"(4.5, 0.0, -2.3)",waveIfCan,Mike_2 Root,,,,,,,,,
S_A_L_T_WAVED,31721,6/7/2023 8:56,8ceb28a3-e268-4930-a1c6-84cac4f6239c,"(4.5, 0.0, -2.3)",waved,Mike_2 Root,,,,,,,,,
S_A_L_T_WALK_IF_CAN,31738,6/7/2023 8:56,8ceb28a3-e268-4930-a1c6-84cac4f6239c,"(1.7, 0.0, -3.0)",walkIfCan,Mike_0 Root,,,,,,,,,
S_A_L_T_WALKED,31738,6/7/2023 8:56,8ceb28a3-e268-4930-a1c6-84cac4f6239c,"(1.7, 0.0, -3.0)",walked,Mike_0 Root,,,,,,,,,
S_A_L_T_WALK_IF_CAN,31738,6/7/2023 8:56,8ceb28a3-e268-4930-a1c6-84cac4f6239c,"(4.5, 0.0, -2.3)",walkIfCan,Mike_2 Root,,,,,,,,,
S_A_L_T_WALKED,31738,6/7/2023 8:56,8ceb28a3-e268-4930-a1c6-84cac4f6239c,"(4.5, 0.0, -2.3)",walked,Mike_2 Root,,,,,,,,,
VOICE_CAPTURE,32474,6/7/2023 8:57,8ceb28a3-e268-4930-a1c6-84cac4f6239c,can anybody wave,NA,,,,,,,,,,
VOICE_COMMAND,32474,6/7/2023 8:57,8ceb28a3-e268-4930-a1c6-84cac4f6239c,wave if you can,can anybody wave,,,,,,,,,,
S_A_L_T_WALK_IF_CAN,32487,6/7/2023 8:57,8ceb28a3-e268-4930-a1c6-84cac4f6239c,"(1.7, 0.0, -3.0)",walkIfCan,Mike_0 Root,,,,,,,,,
S_A_L_T_WALKED,32487,6/7/2023 8:57,8ceb28a3-e268-4930-a1c6-84cac4f6239c,"(1.7, 0.0, -3.0)",walked,Mike_0 Root,,,,,,,,,
S_A_L_T_WALK_IF_CAN,32487,6/7/2023 8:57,8ceb28a3-e268-4930-a1c6-84cac4f6239c,"(4.4, 0.0, -2.3)",walkIfCan,Mike_2 Root,,,,,,,,,
S_A_L_T_WALKED,32487,6/7/2023 8:57,8ceb28a3-e268-4930-a1c6-84cac4f6239c,"(4.4, 0.0, -2.3)",walked,Mike_2 Root,,,,,,,,,
TELEPORT,32839,6/7/2023 8:57,8ceb28a3-e268-4930-a1c6-84cac4f6239c,"(0.8, 0.0, -3.4)",,,,,,,,,,,
TELEPORT,33591,6/7/2023 8:57,8ceb28a3-e268-4930-a1c6-84cac4f6239c,"(0.8, 0.0, -3.4)",,,,,,,,,,,
TELEPORT,34692,6/7/2023 8:57,8ceb28a3-e268-4930-a1c6-84cac4f6239c,"(0.8, 0.0, -3.4)",,,,,,,,,,,
VOICE_CAPTURE,40038,6/7/2023 8:57,8ceb28a3-e268-4930-a1c6-84cac4f6239c,where you go,NA,,,,,,,,,,
VOICE_CAPTURE,40958,6/7/2023 8:57,8ceb28a3-e268-4930-a1c6-84cac4f6239c,oh,NA,,,,,,,,,,
TELEPORT,46318,6/7/2023 8:57,8ceb28a3-e268-4930-a1c6-84cac4f6239c,"(3.5, 0.0, 10.2)",,,,,,,,,,,
VOICE_CAPTURE,52664,6/7/2023 8:57,8ceb28a3-e268-4930-a1c6-84cac4f6239c,ah,NA,,,,,,,,,,
BAG_ACCESS,55392,6/7/2023 8:57,8ceb28a3-e268-4930-a1c6-84cac4f6239c,"(2.8, 0.8, 4.7)",,,,,,,,,,,
VOICE_CAPTURE,62023,6/7/2023 8:57,8ceb28a3-e268-4930-a1c6-84cac4f6239c,you've been down,NA,,,,,,,,,,
PATIENT_ENGAGED,63010,6/7/2023 8:57,8ceb28a3-e268-4930-a1c6-84cac4f6239c,100,128,Mike_3 Root,"(3.2, 0.0, 4.3)","(0.0, 0.7, 0.0, -0.7)",IMMEDIATE,still,faint,collapsedRight,normal,unresponsive,supine
PULSE_TAKEN,66933,6/7/2023 8:57,8ceb28a3-e268-4930-a1c6-84cac4f6239c,pulse_faint,Mike_3 Root,,,,,,,,,,
VOICE_CAPTURE,67919,6/7/2023 8:57,8ceb28a3-e268-4930-a1c6-84cac4f6239c,OK,NA,,,,,,,,,,
VOICE_CAPTURE,81638,6/7/2023 8:57,8ceb28a3-e268-4930-a1c6-84cac4f6239c,yeah,NA,,,,,,,,,,
TOOL_HOVER,83340,6/7/2023 8:57,8ceb28a3-e268-4930-a1c6-84cac4f6239c,Needle,999,,,,,,,,,,
TOOL_HOVER,83356,6/7/2023 8:57,8ceb28a3-e268-4930-a1c6-84cac4f6239c,Needle,999,,,,,,,,,,
TOOL_HOVER,83374,6/7/2023 8:57,8ceb28a3-e268-4930-a1c6-84cac4f6239c,Needle,999,,,,,,,,,,
TOOL_HOVER,83391,6/7/2023 8:57,8ceb28a3-e268-4930-a1c6-84cac4f6239c,Needle,999,,,,,,,,,,
TOOL_HOVER,83407,6/7/2023 8:57,8ceb28a3-e268-4930-a1c6-84cac4f6239c,Needle,999,,,,,,,,,,
TOOL_HOVER,83424,6/7/2023 8:57,8ceb28a3-e268-4930-a1c6-84cac4f6239c,Needle,999,,,,,,,,,,
TOOL_HOVER,83440,6/7/2023 8:57,8ceb28a3-e268-4930-a1c6-84cac4f6239c,Needle,999,,,,,,,,,,
TOOL_HOVER,83457,6/7/2023 8:57,8ceb28a3-e268-4930-a1c6-84cac4f6239c,Needle,999,,,,,,,,,,
TOOL_HOVER,83474,6/7/2023 8:57,8ceb28a3-e268-4930-a1c6-84cac4f6239c,Needle,999,,,,,,,,,,
TOOL_HOVER,83491,6/7/2023 8:57,8ceb28a3-e268-4930-a1c6-84cac4f6239c,Needle,999,,,,,,,,,,
TOOL_HOVER,83509,6/7/2023 8:57,8ceb28a3-e268-4930-a1c6-84cac4f6239c,Needle,999,,,,,,,,,,
TOOL_HOVER,83525,6/7/2023 8:57,8ceb28a3-e268-4930-a1c6-84cac4f6239c,Needle,999,,,,,,,,,,
TOOL_HOVER,83544,6/7/2023 8:57,8ceb28a3-e268-4930-a1c6-84cac4f6239c,Needle,999,,,,,,,,,,
TOOL_HOVER,83558,6/7/2023 8:57,8ceb28a3-e268-4930-a1c6-84cac4f6239c,Needle,999,,,,,,,,,,
TOOL_HOVER,83574,6/7/2023 8:57,8ceb28a3-e268-4930-a1c6-84cac4f6239c,Needle,999,,,,,,,,,,
TOOL_HOVER,83592,6/7/2023 8:57,8ceb28a3-e268-4930-a1c6-84cac4f6239c,Needle,999,,,,,,,,,,
TOOL_HOVER,83608,6/7/2023 8:57,8ceb28a3-e268-4930-a1c6-84cac4f6239c,Needle,999,,,,,,,,,,
TOOL_HOVER,83625,6/7/2023 8:57,8ceb28a3-e268-4930-a1c6-84cac4f6239c,Needle,999,,,,,,,,,,
TOOL_HOVER,83642,6/7/2023 8:57,8ceb28a3-e268-4930-a1c6-84cac4f6239c,Needle,999,,,,,,,,,,
TOOL_HOVER,83658,6/7/2023 8:57,8ceb28a3-e268-4930-a1c6-84cac4f6239c,Needle,999,,,,,,,,,,
TOOL_HOVER,83674,6/7/2023 8:57,8ceb28a3-e268-4930-a1c6-84cac4f6239c,Needle,999,,,,,,,,,,
TOOL_HOVER,83693,6/7/2023 8:57,8ceb28a3-e268-4930-a1c6-84cac4f6239c,Needle,999,,,,,,,,,,
TOOL_HOVER,83709,6/7/2023 8:57,8ceb28a3-e268-4930-a1c6-84cac4f6239c,Needle,999,,,,,,,,,,
TOOL_HOVER,83726,6/7/2023 8:57,8ceb28a3-e268-4930-a1c6-84cac4f6239c,Needle,999,,,,,,,,,,
TOOL_HOVER,83741,6/7/2023 8:57,8ceb28a3-e268-4930-a1c6-84cac4f6239c,Needle,999,,,,,,,,,,
TOOL_HOVER,83758,6/7/2023 8:57,8ceb28a3-e268-4930-a1c6-84cac4f6239c,Needle,999,,,,,,,,,,
TOOL_HOVER,83779,6/7/2023 8:57,8ceb28a3-e268-4930-a1c6-84cac4f6239c,Needle,999,,,,,,,,,,
TOOL_HOVER,83791,6/7/2023 8:57,8ceb28a3-e268-4930-a1c6-84cac4f6239c,Needle,999,,,,,,,,,,
TOOL_HOVER,83808,6/7/2023 8:57,8ceb28a3-e268-4930-a1c6-84cac4f6239c,Needle,999,,,,,,,,,,
TOOL_HOVER,83825,6/7/2023 8:57,8ceb28a3-e268-4930-a1c6-84cac4f6239c,Needle,999,,,,,,,,,,
TOOL_HOVER,83841,6/7/2023 8:57,8ceb28a3-e268-4930-a1c6-84cac4f6239c,Needle,999,,,,,,,,,,
TOOL_HOVER,83859,6/7/2023 8:57,8ceb28a3-e268-4930-a1c6-84cac4f6239c,Needle,999,,,,,,,,,,
TOOL_HOVER,83875,6/7/2023 8:57,8ceb28a3-e268-4930-a1c6-84cac4f6239c,Needle,999,,,,,,,,,,
TOOL_HOVER,83892,6/7/2023 8:57,8ceb28a3-e268-4930-a1c6-84cac4f6239c,Needle,999,,,,,,,,,,
TOOL_SELECTED,83895,6/7/2023 8:57,8ceb28a3-e268-4930-a1c6-84cac4f6239c,Needle,998,,,,,,,,,,
TOOL_DISCARDED,84146,6/7/2023 8:57,8ceb28a3-e268-4930-a1c6-84cac4f6239c,Needle,998,"(3.2, 0.9, 4.6)",,,,,,,,,
TOOL_HOVER,84228,6/7/2023 8:57,8ceb28a3-e268-4930-a1c6-84cac4f6239c,Needle,999,,,,,,,,,,
TOOL_HOVER,84244,6/7/2023 8:57,8ceb28a3-e268-4930-a1c6-84cac4f6239c,Needle,999,,,,,,,,,,
TOOL_HOVER,84262,6/7/2023 8:57,8ceb28a3-e268-4930-a1c6-84cac4f6239c,Needle,999,,,,,,,,,,
TOOL_HOVER,84278,6/7/2023 8:57,8ceb28a3-e268-4930-a1c6-84cac4f6239c,Needle,999,,,,,,,,,,
TOOL_HOVER,84295,6/7/2023 8:57,8ceb28a3-e268-4930-a1c6-84cac4f6239c,Needle,999,,,,,,,,,,
TOOL_HOVER,84312,6/7/2023 8:57,8ceb28a3-e268-4930-a1c6-84cac4f6239c,Needle,999,,,,,,,,,,
TOOL_HOVER,84328,6/7/2023 8:57,8ceb28a3-e268-4930-a1c6-84cac4f6239c,Needle,999,,,,,,,,,,
TOOL_HOVER,84347,6/7/2023 8:57,8ceb28a3-e268-4930-a1c6-84cac4f6239c,Needle,999,,,,,,,,,,
TOOL_HOVER,84362,6/7/2023 8:57,8ceb28a3-e268-4930-a1c6-84cac4f6239c,Needle,999,,,,,,,,,,
TOOL_HOVER,84379,6/7/2023 8:57,8ceb28a3-e268-4930-a1c6-84cac4f6239c,Needle,999,,,,,,,,,,
TOOL_HOVER,84395,6/7/2023 8:57,8ceb28a3-e268-4930-a1c6-84cac4f6239c,Needle,999,,,,,,,,,,
TOOL_HOVER,84412,6/7/2023 8:57,8ceb28a3-e268-4930-a1c6-84cac4f6239c,Needle,999,,,,,,,,,,
TOOL_HOVER,84429,6/7/2023 8:57,8ceb28a3-e268-4930-a1c6-84cac4f6239c,Needle,999,,,,,,,,,,
TOOL_HOVER,84445,6/7/2023 8:57,8ceb28a3-e268-4930-a1c6-84cac4f6239c,Needle,999,,,,,,,,,,
TOOL_HOVER,84461,6/7/2023 8:57,8ceb28a3-e268-4930-a1c6-84cac4f6239c,Needle,999,,,,,,,,,,
TOOL_HOVER,84479,6/7/2023 8:57,8ceb28a3-e268-4930-a1c6-84cac4f6239c,Needle,999,,,,,,,,,,
TOOL_HOVER,84495,6/7/2023 8:57,8ceb28a3-e268-4930-a1c6-84cac4f6239c,Needle,999,,,,,,,,,,
TOOL_HOVER,84512,6/7/2023 8:57,8ceb28a3-e268-4930-a1c6-84cac4f6239c,Needle,999,,,,,,,,,,
TOOL_HOVER,84528,6/7/2023 8:57,8ceb28a3-e268-4930-a1c6-84cac4f6239c,Needle,999,,,,,,,,,,
TOOL_HOVER,84545,6/7/2023 8:57,8ceb28a3-e268-4930-a1c6-84cac4f6239c,Needle,999,,,,,,,,,,
TOOL_HOVER,84562,6/7/2023 8:57,8ceb28a3-e268-4930-a1c6-84cac4f6239c,Needle,999,,,,,,,,,,
VOICE_CAPTURE,84578,6/7/2023 8:57,8ceb28a3-e268-4930-a1c6-84cac4f6239c,oh,NA,,,,,,,,,,
TOOL_HOVER,84579,6/7/2023 8:57,8ceb28a3-e268-4930-a1c6-84cac4f6239c,Needle,999,,,,,,,,,,
TOOL_HOVER,84596,6/7/2023 8:57,8ceb28a3-e268-4930-a1c6-84cac4f6239c,Needle,999,,,,,,,,,,
TOOL_HOVER,84612,6/7/2023 8:57,8ceb28a3-e268-4930-a1c6-84cac4f6239c,Needle,999,,,,,,,,,,
TOOL_HOVER,84629,6/7/2023 8:57,8ceb28a3-e268-4930-a1c6-84cac4f6239c,Needle,999,,,,,,,,,,
TOOL_HOVER,84646,6/7/2023 8:57,8ceb28a3-e268-4930-a1c6-84cac4f6239c,Needle,999,,,,,,,,,,
TOOL_HOVER,84662,6/7/2023 8:57,8ceb28a3-e268-4930-a1c6-84cac4f6239c,Needle,999,,,,,,,,,,
TOOL_HOVER,84679,6/7/2023 8:57,8ceb28a3-e268-4930-a1c6-84cac4f6239c,Needle,999,,,,,,,,,,
TOOL_HOVER,84694,6/7/2023 8:57,8ceb28a3-e268-4930-a1c6-84cac4f6239c,Needle,999,,,,,,,,,,
TOOL_HOVER,84712,6/7/2023 8:57,8ceb28a3-e268-4930-a1c6-84cac4f6239c,Needle,999,,,,,,,,,,
TOOL_HOVER,84729,6/7/2023 8:57,8ceb28a3-e268-4930-a1c6-84cac4f6239c,Needle,999,,,,,,,,,,
TOOL_HOVER,84746,6/7/2023 8:57,8ceb28a3-e268-4930-a1c6-84cac4f6239c,Needle,999,,,,,,,,,,
TOOL_HOVER,84763,6/7/2023 8:57,8ceb28a3-e268-4930-a1c6-84cac4f6239c,Needle,999,,,,,,,,,,
TOOL_SELECTED,84763,6/7/2023 8:57,8ceb28a3-e268-4930-a1c6-84cac4f6239c,Needle,998,,,,,,,,,,
TOOL_DISCARDED,90842,6/7/2023 8:57,8ceb28a3-e268-4930-a1c6-84cac4f6239c,Needle,998,"(3.6, 0.4, 4.8)",,,,,,,,,
TOOL_HOVER,92930,6/7/2023 8:58,8ceb28a3-e268-4930-a1c6-84cac4f6239c,Needle,999,,,,,,,,,,
TOOL_HOVER,92946,6/7/2023 8:58,8ceb28a3-e268-4930-a1c6-84cac4f6239c,Needle,999,,,,,,,,,,
TOOL_HOVER,92962,6/7/2023 8:58,8ceb28a3-e268-4930-a1c6-84cac4f6239c,Needle,999,,,,,,,,,,
TOOL_HOVER,92979,6/7/2023 8:58,8ceb28a3-e268-4930-a1c6-84cac4f6239c,Needle,999,,,,,,,,,,
TOOL_HOVER,92997,6/7/2023 8:58,8ceb28a3-e268-4930-a1c6-84cac4f6239c,Needle,999,,,,,,,,,,
TOOL_HOVER,93013,6/7/2023 8:58,8ceb28a3-e268-4930-a1c6-84cac4f6239c,Needle,999,,,,,,,,,,
TOOL_HOVER,93030,6/7/2023 8:58,8ceb28a3-e268-4930-a1c6-84cac4f6239c,Needle,999,,,,,,,,,,
TOOL_HOVER,93047,6/7/2023 8:58,8ceb28a3-e268-4930-a1c6-84cac4f6239c,Needle,999,,,,,,,,,,
TOOL_HOVER,93062,6/7/2023 8:58,8ceb28a3-e268-4930-a1c6-84cac4f6239c,Needle,999,,,,,,,,,,
TOOL_HOVER,93081,6/7/2023 8:58,8ceb28a3-e268-4930-a1c6-84cac4f6239c,Needle,999,,,,,,,,,,
TOOL_HOVER,93098,6/7/2023 8:58,8ceb28a3-e268-4930-a1c6-84cac4f6239c,Needle,999,,,,,,,,,,
TOOL_HOVER,93113,6/7/2023 8:58,8ceb28a3-e268-4930-a1c6-84cac4f6239c,Needle,999,,,,,,,,,,
TOOL_HOVER,93130,6/7/2023 8:58,8ceb28a3-e268-4930-a1c6-84cac4f6239c,Needle,999,,,,,,,,,,
TOOL_HOVER,93147,6/7/2023 8:58,8ceb28a3-e268-4930-a1c6-84cac4f6239c,Needle,999,,,,,,,,,,
TOOL_HOVER,93163,6/7/2023 8:58,8ceb28a3-e268-4930-a1c6-84cac4f6239c,Needle,999,,,,,,,,,,
TOOL_HOVER,93180,6/7/2023 8:58,8ceb28a3-e268-4930-a1c6-84cac4f6239c,Needle,999,,,,,,,,,,
TOOL_HOVER,93196,6/7/2023 8:58,8ceb28a3-e268-4930-a1c6-84cac4f6239c,Needle,999,,,,,,,,,,
TOOL_SELECTED,93197,6/7/2023 8:58,8ceb28a3-e268-4930-a1c6-84cac4f6239c,Needle,998,,,,,,,,,,
INJURY_TREATED,94721,6/7/2023 8:58,8ceb28a3-e268-4930-a1c6-84cac4f6239c,R Chest Collapse,Mike_3 Root,decompress,high,chest,TRUE,FALSE,"(0.0, 0.0, 0.0)",,,,
TOOL_APPLIED,94721,6/7/2023 8:58,8ceb28a3-e268-4930-a1c6-84cac4f6239c,Needle_Decomp(Clone),Needle,RChest_Breathe1 (UnityEngine.GameObject),cath_needle (UnityEngine.GameObject),right_chest,Needle_Decomp(Clone) (UnityEngine.GameObject),AppliedDecompNeedle,,,,,
TAG_SELECTED,99304,6/7/2023 8:58,8ceb28a3-e268-4930-a1c6-84cac4f6239c,red,,,,,,,,,,,
TAG_APPLIED,101025,6/7/2023 8:58,8ceb28a3-e268-4930-a1c6-84cac4f6239c,Mike_3 Root,red,,,,,,,,,,
BAG_CLOSED,103813,6/7/2023 8:58,8ceb28a3-e268-4930-a1c6-84cac4f6239c,"(2.8, 0.8, 4.7)",,,,,,,,,,,
TELEPORT,103813,6/7/2023 8:58,8ceb28a3-e268-4930-a1c6-84cac4f6239c,"(2.2, 0.0, 5.7)",,,,,,,,,,,
BAG_ACCESS,110422,6/7/2023 8:58,8ceb28a3-e268-4930-a1c6-84cac4f6239c,"(2.4, 0.8, 1.0)",,,,,,,,,,,
TOOL_HOVER,111225,6/7/2023 8:58,8ceb28a3-e268-4930-a1c6-84cac4f6239c,Tourniquet,999,,,,,,,,,,
TOOL_HOVER,111240,6/7/2023 8:58,8ceb28a3-e268-4930-a1c6-84cac4f6239c,Tourniquet,999,,,,,,,,,,
TOOL_HOVER,111257,6/7/2023 8:58,8ceb28a3-e268-4930-a1c6-84cac4f6239c,Tourniquet,999,,,,,,,,,,
TOOL_HOVER,111275,6/7/2023 8:58,8ceb28a3-e268-4930-a1c6-84cac4f6239c,Tourniquet,999,,,,,,,,,,
TOOL_HOVER,111291,6/7/2023 8:58,8ceb28a3-e268-4930-a1c6-84cac4f6239c,Tourniquet,999,,,,,,,,,,
TOOL_HOVER,111308,6/7/2023 8:58,8ceb28a3-e268-4930-a1c6-84cac4f6239c,Tourniquet,999,,,,,,,,,,
TOOL_HOVER,111324,6/7/2023 8:58,8ceb28a3-e268-4930-a1c6-84cac4f6239c,Tourniquet,999,,,,,,,,,,
TOOL_HOVER,111340,6/7/2023 8:58,8ceb28a3-e268-4930-a1c6-84cac4f6239c,Tourniquet,999,,,,,,,,,,
TOOL_HOVER,111357,6/7/2023 8:58,8ceb28a3-e268-4930-a1c6-84cac4f6239c,Tourniquet,999,,,,,,,,,,
TOOL_HOVER,111374,6/7/2023 8:58,8ceb28a3-e268-4930-a1c6-84cac4f6239c,Tourniquet,999,,,,,,,,,,
TOOL_HOVER,111391,6/7/2023 8:58,8ceb28a3-e268-4930-a1c6-84cac4f6239c,Tourniquet,999,,,,,,,,,,
TOOL_HOVER,111407,6/7/2023 8:58,8ceb28a3-e268-4930-a1c6-84cac4f6239c,Tourniquet,999,,,,,,,,,,
TOOL_HOVER,111425,6/7/2023 8:58,8ceb28a3-e268-4930-a1c6-84cac4f6239c,Tourniquet,999,,,,,,,,,,
TOOL_HOVER,111441,6/7/2023 8:58,8ceb28a3-e268-4930-a1c6-84cac4f6239c,Tourniquet,999,,,,,,,,,,
TOOL_HOVER,111458,6/7/2023 8:58,8ceb28a3-e268-4930-a1c6-84cac4f6239c,Tourniquet,999,,,,,,,,,,
TOOL_HOVER,111475,6/7/2023 8:58,8ceb28a3-e268-4930-a1c6-84cac4f6239c,Tourniquet,999,,,,,,,,,,
TOOL_HOVER,111492,6/7/2023 8:58,8ceb28a3-e268-4930-a1c6-84cac4f6239c,Tourniquet,999,,,,,,,,,,
TOOL_HOVER,111508,6/7/2023 8:58,8ceb28a3-e268-4930-a1c6-84cac4f6239c,Tourniquet,999,,,,,,,,,,
TOOL_HOVER,111524,6/7/2023 8:58,8ceb28a3-e268-4930-a1c6-84cac4f6239c,Tourniquet,999,,,,,,,,,,
TOOL_HOVER,111541,6/7/2023 8:58,8ceb28a3-e268-4930-a1c6-84cac4f6239c,Tourniquet,999,,,,,,,,,,
TOOL_HOVER,111558,6/7/2023 8:58,8ceb28a3-e268-4930-a1c6-84cac4f6239c,Tourniquet,999,,,,,,,,,,
TOOL_HOVER,111576,6/7/2023 8:58,8ceb28a3-e268-4930-a1c6-84cac4f6239c,Tourniquet,999,,,,,,,,,,
TOOL_HOVER,111591,6/7/2023 8:58,8ceb28a3-e268-4930-a1c6-84cac4f6239c,Tourniquet,999,,,,,,,,,,
TOOL_HOVER,111608,6/7/2023 8:58,8ceb28a3-e268-4930-a1c6-84cac4f6239c,Tourniquet,999,,,,,,,,,,
TOOL_HOVER,111625,6/7/2023 8:58,8ceb28a3-e268-4930-a1c6-84cac4f6239c,Tourniquet,999,,,,,,,,,,
TOOL_HOVER,111641,6/7/2023 8:58,8ceb28a3-e268-4930-a1c6-84cac4f6239c,Tourniquet,999,,,,,,,,,,
TOOL_HOVER,111657,6/7/2023 8:58,8ceb28a3-e268-4930-a1c6-84cac4f6239c,Tourniquet,999,,,,,,,,,,
TOOL_HOVER,111674,6/7/2023 8:58,8ceb28a3-e268-4930-a1c6-84cac4f6239c,Tourniquet,999,,,,,,,,,,
TOOL_HOVER,111692,6/7/2023 8:58,8ceb28a3-e268-4930-a1c6-84cac4f6239c,Tourniquet,999,,,,,,,,,,
TOOL_HOVER,111709,6/7/2023 8:58,8ceb28a3-e268-4930-a1c6-84cac4f6239c,Tourniquet,999,,,,,,,,,,
TOOL_HOVER,112829,6/7/2023 8:58,8ceb28a3-e268-4930-a1c6-84cac4f6239c,Tourniquet,999,,,,,,,,,,
TOOL_HOVER,112845,6/7/2023 8:58,8ceb28a3-e268-4930-a1c6-84cac4f6239c,Tourniquet,999,,,,,,,,,,
TOOL_HOVER,112861,6/7/2023 8:58,8ceb28a3-e268-4930-a1c6-84cac4f6239c,Tourniquet,999,,,,,,,,,,
TOOL_HOVER,112878,6/7/2023 8:58,8ceb28a3-e268-4930-a1c6-84cac4f6239c,Tourniquet,999,,,,,,,,,,
TOOL_HOVER,112894,6/7/2023 8:58,8ceb28a3-e268-4930-a1c6-84cac4f6239c,Tourniquet,999,,,,,,,,,,
TOOL_HOVER,112911,6/7/2023 8:58,8ceb28a3-e268-4930-a1c6-84cac4f6239c,Tourniquet,999,,,,,,,,,,
TOOL_HOVER,112927,6/7/2023 8:58,8ceb28a3-e268-4930-a1c6-84cac4f6239c,Tourniquet,999,,,,,,,,,,
TOOL_HOVER,112945,6/7/2023 8:58,8ceb28a3-e268-4930-a1c6-84cac4f6239c,Tourniquet,999,,,,,,,,,,
TOOL_HOVER,112961,6/7/2023 8:58,8ceb28a3-e268-4930-a1c6-84cac4f6239c,Tourniquet,999,,,,,,,,,,
TOOL_HOVER,112978,6/7/2023 8:58,8ceb28a3-e268-4930-a1c6-84cac4f6239c,Tourniquet,999,,,,,,,,,,
TOOL_SELECTED,112979,6/7/2023 8:58,8ceb28a3-e268-4930-a1c6-84cac4f6239c,Tourniquet,998,,,,,,,,,,
PATIENT_ENGAGED,114080,6/7/2023 8:58,8ceb28a3-e268-4930-a1c6-84cac4f6239c,100,Infinity,Mike_1 Root,"(2.9, 0.0, 0.1)","(0.0, 0.7, 0.0, -0.7)",DELAYED,waver,normal,normal,normal,upset,recovery
INJURY_TREATED,114883,6/7/2023 8:58,8ceb28a3-e268-4930-a1c6-84cac4f6239c,L Thigh Laceration,Mike_1 Root,tourniquet,medium,leftLeg,TRUE,FALSE,"(2.8, 0.3, 0.4)",,,,
TOOL_APPLIED,114883,6/7/2023 8:58,8ceb28a3-e268-4930-a1c6-84cac4f6239c,Mike_1 Root,Tourniquet,LeftUpLeg (UnityEngine.GameObject),tor_ring (1) (UnityEngine.GameObject),tourniquet(Clone) (UnityEngine.GameObject),AppliedTourniquet,,,,,,
PULSE_TAKEN,120428,6/7/2023 8:58,8ceb28a3-e268-4930-a1c6-84cac4f6239c,pulse_normal,Mike_1 Root,,,,,,,,,,
VOICE_CAPTURE,122134,6/7/2023 8:58,8ceb28a3-e268-4930-a1c6-84cac4f6239c,Stop,NA,,,,,,,,,,
TAG_SELECTED,123269,6/7/2023 8:58,8ceb28a3-e268-4930-a1c6-84cac4f6239c,yellow,,,,,,,,,,,
TAG_APPLIED,124605,6/7/2023 8:58,8ceb28a3-e268-4930-a1c6-84cac4f6239c,Mike_1 Root,yellow,,,,,,,,,,
BAG_CLOSED,127313,6/7/2023 8:58,8ceb28a3-e268-4930-a1c6-84cac4f6239c,"(2.4, 0.8, 1.0)",,,,,,,,,,,
TELEPORT,127313,6/7/2023 8:58,8ceb28a3-e268-4930-a1c6-84cac4f6239c,"(1.6, 0.0, 1.6)",,,,,,,,,,,
VOICE_CAPTURE,130689,6/7/2023 8:58,8ceb28a3-e268-4930-a1c6-84cac4f6239c,find the word,NA,,,,,,,,,,
BAG_ACCESS,135783,6/7/2023 8:58,8ceb28a3-e268-4930-a1c6-84cac4f6239c,"(3.7, 0.8, -1.7)",,,,,,,,,,,
VOICE_CAPTURE,137286,6/7/2023 8:58,8ceb28a3-e268-4930-a1c6-84cac4f6239c,are you hurt,NA,,,,,,,,,,
VOICE_COMMAND,137286,6/7/2023 8:58,8ceb28a3-e268-4930-a1c6-84cac4f6239c,are you hurt,are you hurt,,,,,,,,,,
TOOL_HOVER,139126,6/7/2023 8:58,8ceb28a3-e268-4930-a1c6-84cac4f6239c,Hemostatic Gauze,999,,,,,,,,,,
TOOL_HOVER,139144,6/7/2023 8:58,8ceb28a3-e268-4930-a1c6-84cac4f6239c,Hemostatic Gauze,999,,,,,,,,,,
TOOL_HOVER,139161,6/7/2023 8:58,8ceb28a3-e268-4930-a1c6-84cac4f6239c,Hemostatic Gauze,999,,,,,,,,,,
TOOL_HOVER,139178,6/7/2023 8:58,8ceb28a3-e268-4930-a1c6-84cac4f6239c,Hemostatic Gauze,999,,,,,,,,,,
TOOL_HOVER,139195,6/7/2023 8:58,8ceb28a3-e268-4930-a1c6-84cac4f6239c,Hemostatic Gauze,999,,,,,,,,,,
TOOL_HOVER,139217,6/7/2023 8:58,8ceb28a3-e268-4930-a1c6-84cac4f6239c,Hemostatic Gauze,999,,,,,,,,,,
TOOL_SELECTED,139218,6/7/2023 8:58,8ceb28a3-e268-4930-a1c6-84cac4f6239c,Hemostatic Gauze,998,,,,,,,,,,
PATIENT_ENGAGED,139684,6/7/2023 8:58,8ceb28a3-e268-4930-a1c6-84cac4f6239c,100,Infinity,Mike_2 Root,"(4.5, 0.0, -2.4)","(0.0, 0.4, 0.0, -0.9)",IMMEDIATE,walker,fast,normal,normal,upset,standing
TOOL_DISCARDED,140584,6/7/2023 8:58,8ceb28a3-e268-4930-a1c6-84cac4f6239c,Hemostatic Gauze,998,"(4.2, 1.4, -2.4)",,,,,,,,,
INJURY_TREATED,140585,6/7/2023 8:58,8ceb28a3-e268-4930-a1c6-84cac4f6239c,L Shoulder Puncture,Mike_2 Root,woundpack,medium,chest,TRUE,FALSE,"(4.2, 1.4, -2.4)",,,,
TOOL_APPLIED,140585,6/7/2023 8:58,8ceb28a3-e268-4930-a1c6-84cac4f6239c,Mike_2 Root,Gauze_Pack,skinCollider_BodyCollideLOD (UnityEngine.GameObject),null,null,AppliedPackingGauze,,,,,,
TAG_SELECTED,146871,6/7/2023 8:58,8ceb28a3-e268-4930-a1c6-84cac4f6239c,yellow,,,,,,,,,,,
TAG_DISCARDED,149426,6/7/2023 8:58,8ceb28a3-e268-4930-a1c6-84cac4f6239c,yellow,"(3.9, 1.4, -2.3)",,,,,,,,,,
TAG_SELECTED,149859,6/7/2023 8:58,8ceb28a3-e268-4930-a1c6-84cac4f6239c,red,,,,,,,,,,,
TAG_APPLIED,153601,6/7/2023 8:59,8ceb28a3-e268-4930-a1c6-84cac4f6239c,Mike_2 Root,red,,,,,,,,,,
BAG_CLOSED,156407,6/7/2023 8:59,8ceb28a3-e268-4930-a1c6-84cac4f6239c,"(3.7, 0.8, -1.7)",,,,,,,,,,,
TELEPORT,156407,6/7/2023 8:59,8ceb28a3-e268-4930-a1c6-84cac4f6239c,"(2.9, 0.0, -1.1)",,,,,,,,,,,
PATIENT_ENGAGED,157444,6/7/2023 8:59,8ceb28a3-e268-4930-a1c6-84cac4f6239c,100,Infinity,Mike_0 Root,"(1.6, 0.0, -3.3)","(0.0, 0.6, 0.0, 0.8)",MINIMAL,walker,normal,normal,normal,upset,standing
BAG_ACCESS,163407,6/7/2023 8:59,8ceb28a3-e268-4930-a1c6-84cac4f6239c,"(2.4, 0.8, -2.6)",,,,,,,,,,,
TOOL_HOVER,164928,6/7/2023 8:59,8ceb28a3-e268-4930-a1c6-84cac4f6239c,Gauze,999,,,,,,,,,,
TOOL_HOVER,164945,6/7/2023 8:59,8ceb28a3-e268-4930-a1c6-84cac4f6239c,Gauze,999,,,,,,,,,,
TOOL_HOVER,164961,6/7/2023 8:59,8ceb28a3-e268-4930-a1c6-84cac4f6239c,Gauze,999,,,,,,,,,,
TOOL_HOVER,164979,6/7/2023 8:59,8ceb28a3-e268-4930-a1c6-84cac4f6239c,Gauze,999,,,,,,,,,,
TOOL_HOVER,164994,6/7/2023 8:59,8ceb28a3-e268-4930-a1c6-84cac4f6239c,Gauze,999,,,,,,,,,,
TOOL_HOVER,165012,6/7/2023 8:59,8ceb28a3-e268-4930-a1c6-84cac4f6239c,Gauze,999,,,,,,,,,,
TOOL_HOVER,165028,6/7/2023 8:59,8ceb28a3-e268-4930-a1c6-84cac4f6239c,Gauze,999,,,,,,,,,,
TOOL_HOVER,165045,6/7/2023 8:59,8ceb28a3-e268-4930-a1c6-84cac4f6239c,Gauze,999,,,,,,,,,,
TOOL_HOVER,165061,6/7/2023 8:59,8ceb28a3-e268-4930-a1c6-84cac4f6239c,Gauze,999,,,,,,,,,,
TOOL_HOVER,165079,6/7/2023 8:59,8ceb28a3-e268-4930-a1c6-84cac4f6239c,Gauze,999,,,,,,,,,,
TOOL_HOVER,165095,6/7/2023 8:59,8ceb28a3-e268-4930-a1c6-84cac4f6239c,Gauze,999,,,,,,,,,,
TOOL_HOVER,165114,6/7/2023 8:59,8ceb28a3-e268-4930-a1c6-84cac4f6239c,Gauze,999,,,,,,,,,,
TOOL_HOVER,165129,6/7/2023 8:59,8ceb28a3-e268-4930-a1c6-84cac4f6239c,Gauze,999,,,,,,,,,,
TOOL_HOVER,165147,6/7/2023 8:59,8ceb28a3-e268-4930-a1c6-84cac4f6239c,Gauze,999,,,,,,,,,,
TOOL_HOVER,165161,6/7/2023 8:59,8ceb28a3-e268-4930-a1c6-84cac4f6239c,Gauze,999,,,,,,,,,,
TOOL_HOVER,165179,6/7/2023 8:59,8ceb28a3-e268-4930-a1c6-84cac4f6239c,Gauze,999,,,,,,,,,,
TOOL_HOVER,165195,6/7/2023 8:59,8ceb28a3-e268-4930-a1c6-84cac4f6239c,Gauze,999,,,,,,,,,,
TOOL_HOVER,165213,6/7/2023 8:59,8ceb28a3-e268-4930-a1c6-84cac4f6239c,Gauze,999,,,,,,,,,,
TOOL_HOVER,166030,6/7/2023 8:59,8ceb28a3-e268-4930-a1c6-84cac4f6239c,Gauze,999,,,,,,,,,,
TOOL_HOVER,166048,6/7/2023 8:59,8ceb28a3-e268-4930-a1c6-84cac4f6239c,Gauze,999,,,,,,,,,,
TOOL_HOVER,166064,6/7/2023 8:59,8ceb28a3-e268-4930-a1c6-84cac4f6239c,Gauze,999,,,,,,,,,,
TOOL_HOVER,166081,6/7/2023 8:59,8ceb28a3-e268-4930-a1c6-84cac4f6239c,Gauze,999,,,,,,,,,,
TOOL_HOVER,166097,6/7/2023 8:59,8ceb28a3-e268-4930-a1c6-84cac4f6239c,Gauze,999,,,,,,,,,,
TOOL_SELECTED,166100,6/7/2023 8:59,8ceb28a3-e268-4930-a1c6-84cac4f6239c,Gauze,998,,,,,,,,,,
TOOL_DISCARDED,167394,6/7/2023 8:59,8ceb28a3-e268-4930-a1c6-84cac4f6239c,Gauze,998,"(1.8, 0.8, -3.4)",,,,,,,,,
TOOL_DISCARDED,167394,6/7/2023 8:59,8ceb28a3-e268-4930-a1c6-84cac4f6239c,Gauze,999,"(1.8, 0.8, -3.4)",,,,,,,,,
PULSE_TAKEN,170092,6/7/2023 8:59,8ceb28a3-e268-4930-a1c6-84cac4f6239c,pulse_normal,Mike_0 Root,,,,,,,,,,
TOOL_HOVER,172135,6/7/2023 8:59,8ceb28a3-e268-4930-a1c6-84cac4f6239c,Gauze,1000,,,,,,,,,,
TOOL_SELECTED,172135,6/7/2023 8:59,8ceb28a3-e268-4930-a1c6-84cac4f6239c,Gauze,999,,,,,,,,,,
TOOL_DISCARDED,173882,6/7/2023 8:59,8ceb28a3-e268-4930-a1c6-84cac4f6239c,Gauze,999,"(1.8, 0.7, -3.3)",,,,,,,,,
TOOL_APPLIED,173883,6/7/2023 8:59,8ceb28a3-e268-4930-a1c6-84cac4f6239c,Mike_0 Root,Gauze_Dressing,skinCollider_BodyCollideLOD (UnityEngine.GameObject),null,null,AppliedDressingGauze,,,,,,
TOOL_HOVER,175939,6/7/2023 8:59,8ceb28a3-e268-4930-a1c6-84cac4f6239c,Gauze,1000,,,,,,,,,,
TOOL_HOVER,175954,6/7/2023 8:59,8ceb28a3-e268-4930-a1c6-84cac4f6239c,Gauze,1000,,,,,,,,,,
TOOL_HOVER,175972,6/7/2023 8:59,8ceb28a3-e268-4930-a1c6-84cac4f6239c,Gauze,1000,,,,,,,,,,
TOOL_HOVER,175987,6/7/2023 8:59,8ceb28a3-e268-4930-a1c6-84cac4f6239c,Gauze,1000,,,,,,,,,,
TOOL_HOVER,176005,6/7/2023 8:59,8ceb28a3-e268-4930-a1c6-84cac4f6239c,Gauze,1000,,,,,,,,,,
TOOL_HOVER,176023,6/7/2023 8:59,8ceb28a3-e268-4930-a1c6-84cac4f6239c,Gauze,1000,,,,,,,,,,
TOOL_HOVER,176039,6/7/2023 8:59,8ceb28a3-e268-4930-a1c6-84cac4f6239c,Gauze,1000,,,,,,,,,,
TOOL_HOVER,176054,6/7/2023 8:59,8ceb28a3-e268-4930-a1c6-84cac4f6239c,Gauze,1000,,,,,,,,,,
TOOL_HOVER,176071,6/7/2023 8:59,8ceb28a3-e268-4930-a1c6-84cac4f6239c,Gauze,1000,,,,,,,,,,
TOOL_HOVER,176088,6/7/2023 8:59,8ceb28a3-e268-4930-a1c6-84cac4f6239c,Gauze,1000,,,,,,,,,,
TOOL_HOVER,176106,6/7/2023 8:59,8ceb28a3-e268-4930-a1c6-84cac4f6239c,Gauze,1000,,,,,,,,,,
TOOL_HOVER,176121,6/7/2023 8:59,8ceb28a3-e268-4930-a1c6-84cac4f6239c,Gauze,1000,,,,,,,,,,
TOOL_HOVER,176140,6/7/2023 8:59,8ceb28a3-e268-4930-a1c6-84cac4f6239c,Gauze,1000,,,,,,,,,,
TOOL_HOVER,176155,6/7/2023 8:59,8ceb28a3-e268-4930-a1c6-84cac4f6239c,Gauze,1000,,,,,,,,,,
TOOL_HOVER,176173,6/7/2023 8:59,8ceb28a3-e268-4930-a1c6-84cac4f6239c,Gauze,1000,,,,,,,,,,
TOOL_HOVER,176188,6/7/2023 8:59,8ceb28a3-e268-4930-a1c6-84cac4f6239c,Gauze,1000,,,,,,,,,,
TOOL_HOVER,176205,6/7/2023 8:59,8ceb28a3-e268-4930-a1c6-84cac4f6239c,Gauze,1000,,,,,,,,,,
TOOL_HOVER,176223,6/7/2023 8:59,8ceb28a3-e268-4930-a1c6-84cac4f6239c,Gauze,1000,,,,,,,,,,
TOOL_HOVER,176239,6/7/2023 8:59,8ceb28a3-e268-4930-a1c6-84cac4f6239c,Gauze,1000,,,,,,,,,,
TOOL_HOVER,176256,6/7/2023 8:59,8ceb28a3-e268-4930-a1c6-84cac4f6239c,Gauze,1000,,,,,,,,,,
TOOL_HOVER,176271,6/7/2023 8:59,8ceb28a3-e268-4930-a1c6-84cac4f6239c,Gauze,1000,,,,,,,,,,
TOOL_HOVER,176288,6/7/2023 8:59,8ceb28a3-e268-4930-a1c6-84cac4f6239c,Gauze,1000,,,,,,,,,,
TOOL_HOVER,176306,6/7/2023 8:59,8ceb28a3-e268-4930-a1c6-84cac4f6239c,Gauze,1000,,,,,,,,,,
TOOL_HOVER,176321,6/7/2023 8:59,8ceb28a3-e268-4930-a1c6-84cac4f6239c,Gauze,1000,,,,,,,,,,
TOOL_HOVER,176339,6/7/2023 8:59,8ceb28a3-e268-4930-a1c6-84cac4f6239c,Gauze,1000,,,,,,,,,,
TOOL_HOVER,176355,6/7/2023 8:59,8ceb28a3-e268-4930-a1c6-84cac4f6239c,Gauze,1000,,,,,,,,,,
TOOL_HOVER,176371,6/7/2023 8:59,8ceb28a3-e268-4930-a1c6-84cac4f6239c,Gauze,1000,,,,,,,,,,
TOOL_HOVER,176389,6/7/2023 8:59,8ceb28a3-e268-4930-a1c6-84cac4f6239c,Gauze,1000,,,,,,,,,,
TOOL_HOVER,176404,6/7/2023 8:59,8ceb28a3-e268-4930-a1c6-84cac4f6239c,Gauze,1000,,,,,,,,,,
TOOL_HOVER,176423,6/7/2023 8:59,8ceb28a3-e268-4930-a1c6-84cac4f6239c,Gauze,1000,,,,,,,,,,
TOOL_HOVER,176439,6/7/2023 8:59,8ceb28a3-e268-4930-a1c6-84cac4f6239c,Gauze,1000,,,,,,,,,,
TOOL_HOVER,176457,6/7/2023 8:59,8ceb28a3-e268-4930-a1c6-84cac4f6239c,Gauze,1000,,,,,,,,,,
TOOL_HOVER,176473,6/7/2023 8:59,8ceb28a3-e268-4930-a1c6-84cac4f6239c,Gauze,1000,,,,,,,,,,
TOOL_HOVER,176489,6/7/2023 8:59,8ceb28a3-e268-4930-a1c6-84cac4f6239c,Gauze,1000,,,,,,,,,,
TOOL_HOVER,176507,6/7/2023 8:59,8ceb28a3-e268-4930-a1c6-84cac4f6239c,Gauze,1000,,,,,,,,,,
TOOL_HOVER,176523,6/7/2023 8:59,8ceb28a3-e268-4930-a1c6-84cac4f6239c,Gauze,1000,,,,,,,,,,
TOOL_HOVER,176539,6/7/2023 8:59,8ceb28a3-e268-4930-a1c6-84cac4f6239c,Gauze,1000,,,,,,,,,,
TOOL_HOVER,176559,6/7/2023 8:59,8ceb28a3-e268-4930-a1c6-84cac4f6239c,Gauze,1000,,,,,,,,,,
TOOL_HOVER,176573,6/7/2023 8:59,8ceb28a3-e268-4930-a1c6-84cac4f6239c,Gauze,1000,,,,,,,,,,
TOOL_HOVER,176590,6/7/2023 8:59,8ceb28a3-e268-4930-a1c6-84cac4f6239c,Gauze,1000,,,,,,,,,,
TOOL_HOVER,176606,6/7/2023 8:59,8ceb28a3-e268-4930-a1c6-84cac4f6239c,Gauze,1000,,,,,,,,,,
TOOL_HOVER,176623,6/7/2023 8:59,8ceb28a3-e268-4930-a1c6-84cac4f6239c,Gauze,1000,,,,,,,,,,
TOOL_HOVER,176641,6/7/2023 8:59,8ceb28a3-e268-4930-a1c6-84cac4f6239c,Gauze,1000,,,,,,,,,,
TOOL_HOVER,176656,6/7/2023 8:59,8ceb28a3-e268-4930-a1c6-84cac4f6239c,Gauze,1000,,,,,,,,,,
TOOL_HOVER,176675,6/7/2023 8:59,8ceb28a3-e268-4930-a1c6-84cac4f6239c,Gauze,1000,,,,,,,,,,
TOOL_HOVER,176690,6/7/2023 8:59,8ceb28a3-e268-4930-a1c6-84cac4f6239c,Gauze,1000,,,,,,,,,,
TOOL_HOVER,176708,6/7/2023 8:59,8ceb28a3-e268-4930-a1c6-84cac4f6239c,Gauze,1000,,,,,,,,,,
TOOL_HOVER,176723,6/7/2023 8:59,8ceb28a3-e268-4930-a1c6-84cac4f6239c,Gauze,1000,,,,,,,,,,
TOOL_HOVER,176739,6/7/2023 8:59,8ceb28a3-e268-4930-a1c6-84cac4f6239c,Gauze,1000,,,,,,,,,,
TOOL_HOVER,176758,6/7/2023 8:59,8ceb28a3-e268-4930-a1c6-84cac4f6239c,Gauze,1000,,,,,,,,,,
TOOL_HOVER,176776,6/7/2023 8:59,8ceb28a3-e268-4930-a1c6-84cac4f6239c,Gauze,1000,,,,,,,,,,
TOOL_HOVER,176791,6/7/2023 8:59,8ceb28a3-e268-4930-a1c6-84cac4f6239c,Gauze,1000,,,,,,,,,,
TOOL_HOVER,176806,6/7/2023 8:59,8ceb28a3-e268-4930-a1c6-84cac4f6239c,Gauze,1000,,,,,,,,,,
TOOL_HOVER,176824,6/7/2023 8:59,8ceb28a3-e268-4930-a1c6-84cac4f6239c,Gauze,1000,,,,,,,,,,
TOOL_HOVER,176842,6/7/2023 8:59,8ceb28a3-e268-4930-a1c6-84cac4f6239c,Gauze,1000,,,,,,,,,,
TOOL_HOVER,176857,6/7/2023 8:59,8ceb28a3-e268-4930-a1c6-84cac4f6239c,Gauze,1000,,,,,,,,,,
TOOL_HOVER,176875,6/7/2023 8:59,8ceb28a3-e268-4930-a1c6-84cac4f6239c,Gauze,1000,,,,,,,,,,
TOOL_HOVER,176890,6/7/2023 8:59,8ceb28a3-e268-4930-a1c6-84cac4f6239c,Gauze,1000,,,,,,,,,,
TOOL_HOVER,176909,6/7/2023 8:59,8ceb28a3-e268-4930-a1c6-84cac4f6239c,Gauze,1000,,,,,,,,,,
TOOL_HOVER,176924,6/7/2023 8:59,8ceb28a3-e268-4930-a1c6-84cac4f6239c,Gauze,1000,,,,,,,,,,
TOOL_HOVER,176941,6/7/2023 8:59,8ceb28a3-e268-4930-a1c6-84cac4f6239c,Gauze,1000,,,,,,,,,,
TOOL_HOVER,176961,6/7/2023 8:59,8ceb28a3-e268-4930-a1c6-84cac4f6239c,Gauze,1000,,,,,,,,,,
TOOL_HOVER,176974,6/7/2023 8:59,8ceb28a3-e268-4930-a1c6-84cac4f6239c,Gauze,1000,,,,,,,,,,
TOOL_HOVER,176992,6/7/2023 8:59,8ceb28a3-e268-4930-a1c6-84cac4f6239c,Gauze,1000,,,,,,,,,,
TOOL_HOVER,177007,6/7/2023 8:59,8ceb28a3-e268-4930-a1c6-84cac4f6239c,Gauze,1000,,,,,,,,,,
TOOL_HOVER,177025,6/7/2023 8:59,8ceb28a3-e268-4930-a1c6-84cac4f6239c,Gauze,1000,,,,,,,,,,
TOOL_HOVER,177040,6/7/2023 8:59,8ceb28a3-e268-4930-a1c6-84cac4f6239c,Gauze,1000,,,,,,,,,,
TOOL_HOVER,177057,6/7/2023 8:59,8ceb28a3-e268-4930-a1c6-84cac4f6239c,Gauze,1000,,,,,,,,,,
TOOL_HOVER,177074,6/7/2023 8:59,8ceb28a3-e268-4930-a1c6-84cac4f6239c,Gauze,1000,,,,,,,,,,
TOOL_HOVER,177090,6/7/2023 8:59,8ceb28a3-e268-4930-a1c6-84cac4f6239c,Gauze,1000,,,,,,,,,,
TOOL_HOVER,177107,6/7/2023 8:59,8ceb28a3-e268-4930-a1c6-84cac4f6239c,Gauze,1000,,,,,,,,,,
TOOL_HOVER,177124,6/7/2023 8:59,8ceb28a3-e268-4930-a1c6-84cac4f6239c,Gauze,1000,,,,,,,,,,
TOOL_HOVER,177141,6/7/2023 8:59,8ceb28a3-e268-4930-a1c6-84cac4f6239c,Gauze,1000,,,,,,,,,,
TOOL_HOVER,177158,6/7/2023 8:59,8ceb28a3-e268-4930-a1c6-84cac4f6239c,Gauze,1000,,,,,,,,,,
TOOL_HOVER,177176,6/7/2023 8:59,8ceb28a3-e268-4930-a1c6-84cac4f6239c,Gauze,1000,,,,,,,,,,
TOOL_HOVER,177191,6/7/2023 8:59,8ceb28a3-e268-4930-a1c6-84cac4f6239c,Gauze,1000,,,,,,,,,,
TOOL_HOVER,177208,6/7/2023 8:59,8ceb28a3-e268-4930-a1c6-84cac4f6239c,Gauze,1000,,,,,,,,,,
TOOL_HOVER,177224,6/7/2023 8:59,8ceb28a3-e268-4930-a1c6-84cac4f6239c,Gauze,1000,,,,,,,,,,
TOOL_HOVER,177240,6/7/2023 8:59,8ceb28a3-e268-4930-a1c6-84cac4f6239c,Gauze,1000,,,,,,,,,,
TOOL_HOVER,177259,6/7/2023 8:59,8ceb28a3-e268-4930-a1c6-84cac4f6239c,Gauze,1000,,,,,,,,,,
TOOL_HOVER,177274,6/7/2023 8:59,8ceb28a3-e268-4930-a1c6-84cac4f6239c,Gauze,1000,,,,,,,,,,
TOOL_HOVER,177292,6/7/2023 8:59,8ceb28a3-e268-4930-a1c6-84cac4f6239c,Gauze,1000,,,,,,,,,,
TOOL_HOVER,177307,6/7/2023 8:59,8ceb28a3-e268-4930-a1c6-84cac4f6239c,Gauze,1000,,,,,,,,,,
TOOL_HOVER,177325,6/7/2023 8:59,8ceb28a3-e268-4930-a1c6-84cac4f6239c,Gauze,1000,,,,,,,,,,
TOOL_HOVER,177342,6/7/2023 8:59,8ceb28a3-e268-4930-a1c6-84cac4f6239c,Gauze,1000,,,,,,,,,,
TOOL_HOVER,177359,6/7/2023 8:59,8ceb28a3-e268-4930-a1c6-84cac4f6239c,Gauze,1000,,,,,,,,,,
TOOL_HOVER,177375,6/7/2023 8:59,8ceb28a3-e268-4930-a1c6-84cac4f6239c,Gauze,1000,,,,,,,,,,
TOOL_HOVER,177392,6/7/2023 8:59,8ceb28a3-e268-4930-a1c6-84cac4f6239c,Gauze,1000,,,,,,,,,,
TOOL_HOVER,177410,6/7/2023 8:59,8ceb28a3-e268-4930-a1c6-84cac4f6239c,Gauze,1000,,,,,,,,,,
TOOL_HOVER,177425,6/7/2023 8:59,8ceb28a3-e268-4930-a1c6-84cac4f6239c,Gauze,1000,,,,,,,,,,
TOOL_SELECTED,177426,6/7/2023 8:59,8ceb28a3-e268-4930-a1c6-84cac4f6239c,Gauze,999,,,,,,,,,,
VOICE_CAPTURE,181451,6/7/2023 8:59,8ceb28a3-e268-4930-a1c6-84cac4f6239c,just walk around,NA,,,,,,,,,,
VOICE_COMMAND,181451,6/7/2023 8:59,8ceb28a3-e268-4930-a1c6-84cac4f6239c,walk to the safe area,just walk around,,,,,,,,,,
S_A_L_T_WALK_IF_CAN,181453,6/7/2023 8:59,8ceb28a3-e268-4930-a1c6-84cac4f6239c,"(1.6, 0.0, -3.3)",walkIfCan,Mike_0 Root,,,,,,,,,
S_A_L_T_WALKED,181453,6/7/2023 8:59,8ceb28a3-e268-4930-a1c6-84cac4f6239c,"(1.6, 0.0, -3.3)",walked,Mike_0 Root,,,,,,,,,
S_A_L_T_WALK_IF_CAN,181453,6/7/2023 8:59,8ceb28a3-e268-4930-a1c6-84cac4f6239c,"(2.9, 0.0, 0.1)",walkIfCan,Mike_1 Root,,,,,,,,,
S_A_L_T_WALK_IF_CAN,181453,6/7/2023 8:59,8ceb28a3-e268-4930-a1c6-84cac4f6239c,"(4.5, 0.0, -2.4)",walkIfCan,Mike_2 Root,,,,,,,,,
S_A_L_T_WALKED,181453,6/7/2023 8:59,8ceb28a3-e268-4930-a1c6-84cac4f6239c,"(4.5, 0.0, -2.4)",walked,Mike_2 Root,,,,,,,,,
TOOL_DISCARDED,181870,6/7/2023 8:59,8ceb28a3-e268-4930-a1c6-84cac4f6239c,Gauze,999,"(1.8, 1.0, -3.4)",,,,,,,,,
INJURY_TREATED,181871,6/7/2023 8:59,8ceb28a3-e268-4930-a1c6-84cac4f6239c,R Forearm Laceration,Mike_0 Root,gauzePressure,low,rightArm,TRUE,FALSE,"(1.8, 1.0, -3.4)",,,,
TOOL_APPLIED,181871,6/7/2023 8:59,8ceb28a3-e268-4930-a1c6-84cac4f6239c,Mike_0 Root,Gauze_Dressing,skinCollider_BodyCollideLOD (UnityEngine.GameObject),null,null,AppliedDressingGauze,,,,,,
TAG_SELECTED,185578,6/7/2023 8:59,8ceb28a3-e268-4930-a1c6-84cac4f6239c,green,,,,,,,,,,,
TAG_APPLIED,187315,6/7/2023 8:59,8ceb28a3-e268-4930-a1c6-84cac4f6239c,Mike_0 Root,green,,,,,,,,,,
PULSE_TAKEN,188593,6/7/2023 8:59,8ceb28a3-e268-4930-a1c6-84cac4f6239c,pulse_normal,Mike_0 Root,,,,,,,,,,
PULSE_TAKEN,188677,6/7/2023 8:59,8ceb28a3-e268-4930-a1c6-84cac4f6239c,pulse_normal,Mike_0 Root,,,,,,,,,,
VOICE_CAPTURE,188693,6/7/2023 8:59,8ceb28a3-e268-4930-a1c6-84cac4f6239c,sorry,NA,,,,,,,,,,
SESSION_END,194127,6/7/2023 8:59,8ceb28a3-e268-4930-a1c6-84cac4f6239c,,,,,,,,,,,,
VOICE_CAPTURE,195415,6/7/2023 8:59,8ceb28a3-e268-4930-a1c6-84cac4f6239c,yes,NA,,,,,,,,,,
PATIENT_DEMOTED,204717,6/7/2023 8:59,8ceb28a3-e268-4930-a1c6-84cac4f6239c,100,Infinity,Bob_0 Root,"(-1.4, 0.0, 5.6)","(0.0, 0.7, 0.0, 0.7)",EXPECTANT,still,faint,restricted,none,unresponsive,supine
PATIENT_DEMOTED,204934,6/7/2023 8:59,8ceb28a3-e268-4930-a1c6-84cac4f6239c,100,Infinity,Bob_0 Root,"(-1.5, 0.0, 5.6)","(0.0, 0.7, 0.0, 0.7)",DEAD,still,none,none,none,dead,supine
PATIENT_DEMOTED,205068,6/7/2023 8:59,8ceb28a3-e268-4930-a1c6-84cac4f6239c,100,Infinity,Gary_1 Root,"(1.7, 0.0, 7.4)","(0.0, 1.0, 0.0, 0.0)",EXPECTANT,still,faint,restricted,none,unresponsive,supine
PATIENT_DEMOTED,205780,6/7/2023 8:59,8ceb28a3-e268-4930-a1c6-84cac4f6239c,100,Infinity,Lily_2 Root,"(2.8, 0.0, 4.3)","(0.0, 1.0, 0.0, 0.0)",IMMEDIATE,waver,fast,fast,normal,agony,fetal
PATIENT_DEMOTED,206460,6/7/2023 8:59,8ceb28a3-e268-4930-a1c6-84cac4f6239c,100,0,Gary_3 Root,"(0.3, 0.0, 1.6)","(0.0, 0.0, 0.0, 1.0)",IMMEDIATE,still,faint,collapsedRight,normal,unresponsive,supine
PATIENT_DEMOTED,207043,6/7/2023 8:59,8ceb28a3-e268-4930-a1c6-84cac4f6239c,100,Infinity,Lily_4 Root,"(1.2, 0.0, 6.3)","(0.0, 1.0, 0.0, 0.0)",IMMEDIATE,waver,fast,normal,normal,upset,fetal
PATIENT_DEMOTED,207874,6/7/2023 8:59,8ceb28a3-e268-4930-a1c6-84cac4f6239c,100,Infinity,Mike_5 Root,"(2.4, 0.0, 2.3)","(0.0, 1.0, 0.0, 0.0)",IMMEDIATE,waver,fast,normal,normal,upset,fetal
PATIENT_DEMOTED,208428,6/7/2023 8:59,8ceb28a3-e268-4930-a1c6-84cac4f6239c,100,Infinity,Gloria_6 Root,"(-1.0, 0.0, 2.9)","(0.0, 0.4, 0.0, 0.9)",DELAYED,waver,fast,normal,normal,upset,fetal
TOOL_HOVER,208893,6/7/2023 8:59,8ceb28a3-e268-4930-a1c6-84cac4f6239c,Gauze,1000,,,,,,,,,,
TOOL_HOVER,208911,6/7/2023 8:59,8ceb28a3-e268-4930-a1c6-84cac4f6239c,Gauze,1000,,,,,,,,,,
TOOL_HOVER,208924,6/7/2023 8:59,8ceb28a3-e268-4930-a1c6-84cac4f6239c,Gauze,1000,,,,,,,,,,
TOOL_HOVER,208940,6/7/2023 8:59,8ceb28a3-e268-4930-a1c6-84cac4f6239c,Gauze,1000,,,,,,,,,,
TOOL_HOVER,208958,6/7/2023 8:59,8ceb28a3-e268-4930-a1c6-84cac4f6239c,Gauze,1000,,,,,,,,,,
TOOL_HOVER,208975,6/7/2023 8:59,8ceb28a3-e268-4930-a1c6-84cac4f6239c,Gauze,1000,,,,,,,,,,
PATIENT_DEMOTED,209137,6/7/2023 8:59,8ceb28a3-e268-4930-a1c6-84cac4f6239c,100,Infinity,Mike_7 Root,"(1.7, 0.0, 3.9)","(0.0, 0.1, 0.0, 1.0)",IMMEDIATE,waver,fast,normal,normal,upset,sittingGround
PATIENT_DEMOTED,209514,6/7/2023 8:59,8ceb28a3-e268-4930-a1c6-84cac4f6239c,100,Infinity,Mike_7 Root,"(1.0, 0.0, 3.7)","(0.0, 0.1, 0.0, 1.0)",DELAYED,waver,fast,normal,normal,upset,sittingGround
SESSION_START,213122,6/7/2023 9:00,8ceb28a3-e268-4930-a1c6-84cac4f6239c,,,,,,,,,,,,
PATIENT_RECORD,213122,6/7/2023 9:00,8ceb28a3-e268-4930-a1c6-84cac4f6239c,100,Infinity,Bob_0 Root,"(-1.7, 0.0, 5.7)","(0.0, 0.7, 0.0, 0.7)",DEAD,still,none,none,none,dead,supine
INJURY_RECORD,213122,6/7/2023 9:00,8ceb28a3-e268-4930-a1c6-84cac4f6239c,Face Shrapnel,Bob_0 Root,airway,high,head,FALSE,FALSE,"(-1.6, 1.7, 5.6)",,,,
INJURY_RECORD,213122,6/7/2023 9:00,8ceb28a3-e268-4930-a1c6-84cac4f6239c,L Wrist Amputation,Bob_0 Root,tourniquet,high,leftArm,FALSE,FALSE,"(-1.7, 1.4, 6.3)",,,,
INJURY_RECORD,213122,6/7/2023 9:00,8ceb28a3-e268-4930-a1c6-84cac4f6239c,L Chest Collapse,Bob_0 Root,decompress,high,chest,FALSE,FALSE,"(0.0, 0.0, 0.0)",,,,
INJURY_RECORD,213122,6/7/2023 9:00,8ceb28a3-e268-4930-a1c6-84cac4f6239c,L Stomach Puncture,Bob_0 Root,woundpack,high,abdomen,FALSE,FALSE,"(-1.6, 1.1, 5.7)",,,,
INJURY_RECORD,213122,6/7/2023 9:00,8ceb28a3-e268-4930-a1c6-84cac4f6239c,R Shin Amputation,Bob_0 Root,tourniquet,high,rightLeg,FALSE,FALSE,"(-1.7, 0.4, 5.6)",,,,
INJURY_RECORD,213122,6/7/2023 9:00,8ceb28a3-e268-4930-a1c6-84cac4f6239c,L Thigh Laceration,Bob_0 Root,tourniquet,medium,leftLeg,FALSE,FALSE,"(-1.6, 0.7, 5.8)",,,,
PATIENT_RECORD,213122,6/7/2023 9:00,8ceb28a3-e268-4930-a1c6-84cac4f6239c,100,Infinity,Gary_1 Root,"(1.6, 0.0, 7.6)","(0.0, 1.0, 0.0, 0.0)",EXPECTANT,still,none,restricted,none,unresponsive,supine
INJURY_RECORD,213122,6/7/2023 9:00,8ceb28a3-e268-4930-a1c6-84cac4f6239c,Face Shrapnel,Gary_1 Root,airway,high,head,FALSE,FALSE,"(1.6, 1.7, 7.6)",,,,
PATIENT_RECORD,213122,6/7/2023 9:00,8ceb28a3-e268-4930-a1c6-84cac4f6239c,100,Infinity,Lily_2 Root,"(3.0, 0.0, 4.5)","(0.0, 1.0, 0.0, 0.0)",IMMEDIATE,waver,fast,fast,normal,agony,fetal
INJURY_RECORD,213122,6/7/2023 9:00,8ceb28a3-e268-4930-a1c6-84cac4f6239c,R Shin Amputation,Lily_2 Root,tourniquet,high,rightLeg,FALSE,FALSE,"(2.9, 0.4, 4.5)",,,,
PATIENT_RECORD,213122,6/7/2023 9:00,8ceb28a3-e268-4930-a1c6-84cac4f6239c,100,0,Gary_3 Root,"(0.4, 0.0, 1.7)","(0.0, 0.0, 0.0, 1.0)",IMMEDIATE,still,faint,collapsedRight,normal,unresponsive,supine
INJURY_RECORD,213122,6/7/2023 9:00,8ceb28a3-e268-4930-a1c6-84cac4f6239c,R Chest Collapse,Gary_3 Root,decompress,high,chest,FALSE,FALSE,"(0.0, 0.0, 0.0)",,,,
PATIENT_RECORD,213122,6/7/2023 9:00,8ceb28a3-e268-4930-a1c6-84cac4f6239c,100,Infinity,Lily_4 Root,"(1.2, 0.0, 6.2)","(0.0, 1.0, 0.0, 0.0)",IMMEDIATE,waver,fast,normal,normal,upset,fetal
INJURY_RECORD,213122,6/7/2023 9:00,8ceb28a3-e268-4930-a1c6-84cac4f6239c,L Side Puncture,Lily_4 Root,woundpack,medium,abdomen,FALSE,FALSE,"(1.3, 1.0, 6.2)",,,,
PATIENT_RECORD,213122,6/7/2023 9:00,8ceb28a3-e268-4930-a1c6-84cac4f6239c,100,Infinity,Mike_5 Root,"(2.7, 0.0, 2.3)","(0.0, 1.0, 0.0, 0.0)",IMMEDIATE,waver,fast,normal,normal,upset,fetal
INJURY_RECORD,213122,6/7/2023 9:00,8ceb28a3-e268-4930-a1c6-84cac4f6239c,R Side Puncture,Mike_5 Root,woundpack,medium,abdomen,FALSE,FALSE,"(2.6, 1.1, 2.2)",,,,
INJURY_RECORD,213122,6/7/2023 9:00,8ceb28a3-e268-4930-a1c6-84cac4f6239c,R Thigh Laceration,Mike_5 Root,tourniquet,medium,rightLeg,FALSE,FALSE,"(2.5, 0.6, 2.2)",,,,
PATIENT_RECORD,213122,6/7/2023 9:00,8ceb28a3-e268-4930-a1c6-84cac4f6239c,100,Infinity,Gloria_6 Root,"(-1.2, 0.0, 3.1)","(0.0, 0.4, 0.0, 0.9)",DELAYED,waver,fast,normal,normal,upset,fetal
INJURY_RECORD,213122,6/7/2023 9:00,8ceb28a3-e268-4930-a1c6-84cac4f6239c,R Calf Shrapnel,Gloria_6 Root,gauzePressure,medium,rightLeg,FALSE,FALSE,"(-1.1, 0.3, 3.0)",,,,
PATIENT_RECORD,213122,6/7/2023 9:00,8ceb28a3-e268-4930-a1c6-84cac4f6239c,100,Infinity,Mike_7 Root,"(1.3, 0.0, 3.4)","(0.0, 0.1, 0.0, 1.0)",DELAYED,waver,fast,normal,normal,upset,sittingGround
INJURY_RECORD,213122,6/7/2023 9:00,8ceb28a3-e268-4930-a1c6-84cac4f6239c,L Thigh Puncture,Mike_7 Root,tourniquet,medium,leftLeg,FALSE,FALSE,"(1.3, 0.6, 3.5)",,,,
INJURY_RECORD,213122,6/7/2023 9:00,8ceb28a3-e268-4930-a1c6-84cac4f6239c,R Calf Laceration,Mike_7 Root,gauzePressure,low,rightLeg,FALSE,FALSE,"(1.4, 0.3, 3.4)",,,,
PATIENT_RECORD,213122,6/7/2023 9:00,8ceb28a3-e268-4930-a1c6-84cac4f6239c,100,Infinity,Gloria_8 Root,"(3.7, 0.0, 6.1)","(0.0, 1.0, 0.0, 0.0)",MINIMAL,walker,normal,normal,normal,upset,sittingGround
INJURY_RECORD,213122,6/7/2023 9:00,8ceb28a3-e268-4930-a1c6-84cac4f6239c,L Forearm Laceration,Gloria_8 Root,gauzePressure,low,leftArm,FALSE,FALSE,"(4.2, 1.3, 6.0)",,,,
PATIENT_RECORD,213122,6/7/2023 9:00,8ceb28a3-e268-4930-a1c6-84cac4f6239c,100,0,Gary_9 Root,"(2.9, 0.0, 9.0)","(0.0, 1.0, 0.0, 0.0)",MINIMAL,walker,normal,normal,limited,calm,standing
INJURY_RECORD,213122,6/7/2023 9:00,8ceb28a3-e268-4930-a1c6-84cac4f6239c,Ear Bleed,Gary_9 Root,none,low,head,FALSE,FALSE,"(0.0, 0.0, 0.0)",,,,
PATIENT_RECORD,213122,6/7/2023 9:00,8ceb28a3-e268-4930-a1c6-84cac4f6239c,100,Infinity,Helga_10 Root,"(3.9, 0.0, 8.0)","(0.0, 1.0, 0.0, 0.0)",MINIMAL,walker,normal,normal,normal,calm,sittingGround
INJURY_RECORD,213122,6/7/2023 9:00,8ceb28a3-e268-4930-a1c6-84cac4f6239c,Forehead Scrape,Helga_10 Root,none,low,head,FALSE,FALSE,"(4.0, 1.5, 7.9)",,,,
VOICE_CAPTURE,220856,6/7/2023 9:00,8ceb28a3-e268-4930-a1c6-84cac4f6239c,walk,NA,,,,,,,,,,
VOICE_COMMAND,220856,6/7/2023 9:00,8ceb28a3-e268-4930-a1c6-84cac4f6239c,walk to the safe area,walk,,,,,,,,,,
S_A_L_T_WALK_IF_CAN,220858,6/7/2023 9:00,8ceb28a3-e268-4930-a1c6-84cac4f6239c,"(3.0, 0.0, 4.5)",walkIfCan,Lily_2 Root,,,,,,,,,
S_A_L_T_WALK_IF_CAN,220858,6/7/2023 9:00,8ceb28a3-e268-4930-a1c6-84cac4f6239c,"(1.2, 0.0, 6.2)",walkIfCan,Lily_4 Root,,,,,,,,,
S_A_L_T_WALK_IF_CAN,220858,6/7/2023 9:00,8ceb28a3-e268-4930-a1c6-84cac4f6239c,"(2.7, 0.0, 2.3)",walkIfCan,Mike_5 Root,,,,,,,,,
S_A_L_T_WALK_IF_CAN,220858,6/7/2023 9:00,8ceb28a3-e268-4930-a1c6-84cac4f6239c,"(-1.2, 0.0, 3.1)",walkIfCan,Gloria_6 Root,,,,,,,,,
S_A_L_T_WALK_IF_CAN,220858,6/7/2023 9:00,8ceb28a3-e268-4930-a1c6-84cac4f6239c,"(1.3, 0.0, 3.4)",walkIfCan,Mike_7 Root,,,,,,,,,
S_A_L_T_WALK_IF_CAN,220858,6/7/2023 9:00,8ceb28a3-e268-4930-a1c6-84cac4f6239c,"(3.7, 0.0, 6.1)",walkIfCan,Gloria_8 Root,,,,,,,,,
S_A_L_T_WALKED,220858,6/7/2023 9:00,8ceb28a3-e268-4930-a1c6-84cac4f6239c,"(3.7, 0.0, 6.1)",walked,Gloria_8 Root,,,,,,,,,
S_A_L_T_WALK_IF_CAN,220858,6/7/2023 9:00,8ceb28a3-e268-4930-a1c6-84cac4f6239c,"(3.9, 0.0, 8.0)",walkIfCan,Helga_10 Root,,,,,,,,,
S_A_L_T_WALKED,220858,6/7/2023 9:00,8ceb28a3-e268-4930-a1c6-84cac4f6239c,"(3.9, 0.0, 8.0)",walked,Helga_10 Root,,,,,,,,,
VOICE_CAPTURE,221307,6/7/2023 9:00,8ceb28a3-e268-4930-a1c6-84cac4f6239c,Can anybody walk,NA,,,,,,,,,,
VOICE_COMMAND,221307,6/7/2023 9:00,8ceb28a3-e268-4930-a1c6-84cac4f6239c,walk to the safe area,Can anybody walk,,,,,,,,,,
BAG_CLOSED,225920,6/7/2023 9:00,8ceb28a3-e268-4930-a1c6-84cac4f6239c,"(2.4, 0.8, -2.6)",,,,,,,,,,,
TELEPORT,225920,6/7/2023 9:00,8ceb28a3-e268-4930-a1c6-84cac4f6239c,"(0.8, 0.0, -2.3)",,,,,,,,,,,
VOICE_CAPTURE,228926,6/7/2023 9:00,8ceb28a3-e268-4930-a1c6-84cac4f6239c,can anybody wave,NA,,,,,,,,,,
VOICE_COMMAND,228926,6/7/2023 9:00,8ceb28a3-e268-4930-a1c6-84cac4f6239c,wave if you can,can anybody wave,,,,,,,,,,
S_A_L_T_WAVE_IF_CAN,228927,6/7/2023 9:00,8ceb28a3-e268-4930-a1c6-84cac4f6239c,"(3.0, 0.0, 4.5)",waveIfCan,Lily_2 Root,,,,,,,,,
S_A_L_T_WAVED,228927,6/7/2023 9:00,8ceb28a3-e268-4930-a1c6-84cac4f6239c,"(3.0, 0.0, 4.5)",waved,Lily_2 Root,,,,,,,,,
S_A_L_T_WAVE_IF_CAN,228927,6/7/2023 9:00,8ceb28a3-e268-4930-a1c6-84cac4f6239c,"(1.2, 0.0, 6.2)",waveIfCan,Lily_4 Root,,,,,,,,,
S_A_L_T_WAVED,228927,6/7/2023 9:00,8ceb28a3-e268-4930-a1c6-84cac4f6239c,"(1.2, 0.0, 6.2)",waved,Lily_4 Root,,,,,,,,,
S_A_L_T_WAVE_IF_CAN,228927,6/7/2023 9:00,8ceb28a3-e268-4930-a1c6-84cac4f6239c,"(2.7, 0.0, 2.3)",waveIfCan,Mike_5 Root,,,,,,,,,
S_A_L_T_WAVED,228927,6/7/2023 9:00,8ceb28a3-e268-4930-a1c6-84cac4f6239c,"(2.7, 0.0, 2.3)",waved,Mike_5 Root,,,,,,,,,
S_A_L_T_WAVE_IF_CAN,228927,6/7/2023 9:00,8ceb28a3-e268-4930-a1c6-84cac4f6239c,"(-1.2, 0.0, 3.1)",waveIfCan,Gloria_6 Root,,,,,,,,,
S_A_L_T_WAVED,228927,6/7/2023 9:00,8ceb28a3-e268-4930-a1c6-84cac4f6239c,"(-1.2, 0.0, 3.1)",waved,Gloria_6 Root,,,,,,,,,
S_A_L_T_WAVE_IF_CAN,228927,6/7/2023 9:00,8ceb28a3-e268-4930-a1c6-84cac4f6239c,"(1.3, 0.0, 3.4)",waveIfCan,Mike_7 Root,,,,,,,,,
S_A_L_T_WAVED,228927,6/7/2023 9:00,8ceb28a3-e268-4930-a1c6-84cac4f6239c,"(1.3, 0.0, 3.4)",waved,Mike_7 Root,,,,,,,,,
S_A_L_T_WAVE_IF_CAN,228927,6/7/2023 9:00,8ceb28a3-e268-4930-a1c6-84cac4f6239c,"(4.4, 0.0, -0.1)",waveIfCan,Gloria_8 Root,,,,,,,,,
S_A_L_T_WAVE_IF_CAN,228927,6/7/2023 9:00,8ceb28a3-e268-4930-a1c6-84cac4f6239c,"(2.1, 0.0, 1.8)",waveIfCan,Helga_10 Root,,,,,,,,,
S_A_L_T_WALK_IF_CAN,228944,6/7/2023 9:00,8ceb28a3-e268-4930-a1c6-84cac4f6239c,"(4.4, 0.0, -0.2)",walkIfCan,Gloria_8 Root,,,,,,,,,
S_A_L_T_WALKED,228944,6/7/2023 9:00,8ceb28a3-e268-4930-a1c6-84cac4f6239c,"(4.4, 0.0, -0.2)",walked,Gloria_8 Root,,,,,,,,,
S_A_L_T_WALK_IF_CAN,228944,6/7/2023 9:00,8ceb28a3-e268-4930-a1c6-84cac4f6239c,"(2.1, 0.0, 1.8)",walkIfCan,Helga_10 Root,,,,,,,,,
S_A_L_T_WALKED,228944,6/7/2023 9:00,8ceb28a3-e268-4930-a1c6-84cac4f6239c,"(2.1, 0.0, 1.8)",walked,Helga_10 Root,,,,,,,,,
VOICE_CAPTURE,229228,6/7/2023 9:00,8ceb28a3-e268-4930-a1c6-84cac4f6239c,wave,NA,,,,,,,,,,
VOICE_COMMAND,229228,6/7/2023 9:00,8ceb28a3-e268-4930-a1c6-84cac4f6239c,wave if you can,wave,,,,,,,,,,
S_A_L_T_WAVE_IF_CAN,229229,6/7/2023 9:00,8ceb28a3-e268-4930-a1c6-84cac4f6239c,"(4.4, 0.0, -0.5)",waveIfCan,Gloria_8 Root,,,,,,,,,
S_A_L_T_WAVE_IF_CAN,229229,6/7/2023 9:00,8ceb28a3-e268-4930-a1c6-84cac4f6239c,"(2.2, 0.0, 1.6)",waveIfCan,Helga_10 Root,,,,,,,,,
S_A_L_T_WALK_IF_CAN,229244,6/7/2023 9:00,8ceb28a3-e268-4930-a1c6-84cac4f6239c,"(4.4, 0.0, -0.5)",walkIfCan,Gloria_8 Root,,,,,,,,,
S_A_L_T_WALKED,229244,6/7/2023 9:00,8ceb28a3-e268-4930-a1c6-84cac4f6239c,"(4.4, 0.0, -0.5)",walked,Gloria_8 Root,,,,,,,,,
S_A_L_T_WALK_IF_CAN,229244,6/7/2023 9:00,8ceb28a3-e268-4930-a1c6-84cac4f6239c,"(2.2, 0.0, 1.5)",walkIfCan,Helga_10 Root,,,,,,,,,
S_A_L_T_WALKED,229244,6/7/2023 9:00,8ceb28a3-e268-4930-a1c6-84cac4f6239c,"(2.2, 0.0, 1.5)",walked,Helga_10 Root,,,,,,,,,
PATIENT_ENGAGED,236257,6/7/2023 9:00,8ceb28a3-e268-4930-a1c6-84cac4f6239c,100,0,Gary_3 Root,"(0.4, 0.0, 1.7)","(0.0, 0.0, 0.0, 1.0)",IMMEDIATE,still,faint,collapsedRight,normal,unresponsive,supine
PULSE_TAKEN,238091,6/7/2023 9:00,8ceb28a3-e268-4930-a1c6-84cac4f6239c,pulse_faint,Gary_3 Root,,,,,,,,,,
BAG_ACCESS,242774,6/7/2023 9:00,8ceb28a3-e268-4930-a1c6-84cac4f6239c,"(1.1, 0.7, 1.5)",,,,,,,,,,,
TOOL_HOVER,243531,6/7/2023 9:00,8ceb28a3-e268-4930-a1c6-84cac4f6239c,Needle,998,,,,,,,,,,
TOOL_HOVER,243539,6/7/2023 9:00,8ceb28a3-e268-4930-a1c6-84cac4f6239c,Needle,998,,,,,,,,,,
TOOL_HOVER,243549,6/7/2023 9:00,8ceb28a3-e268-4930-a1c6-84cac4f6239c,Needle,998,,,,,,,,,,
TOOL_HOVER,243556,6/7/2023 9:00,8ceb28a3-e268-4930-a1c6-84cac4f6239c,Needle,998,,,,,,,,,,
TOOL_SELECTED,243557,6/7/2023 9:00,8ceb28a3-e268-4930-a1c6-84cac4f6239c,Needle,997,,,,,,,,,,
INJURY_TREATED,245811,6/7/2023 9:00,8ceb28a3-e268-4930-a1c6-84cac4f6239c,R Chest Collapse,Gary_3 Root,decompress,high,chest,TRUE,FALSE,"(0.0, 0.0, 0.0)",,,,
TOOL_APPLIED,245811,6/7/2023 9:00,8ceb28a3-e268-4930-a1c6-84cac4f6239c,Needle_Decomp(Clone),Needle,RChest_Breathe1 (UnityEngine.GameObject),cath_needle (UnityEngine.GameObject),right_chest,Needle_Decomp(Clone) (UnityEngine.GameObject),AppliedDecompNeedle,,,,,
TAG_SELECTED,248392,6/7/2023 9:00,8ceb28a3-e268-4930-a1c6-84cac4f6239c,red,,,,,,,,,,,
TAG_APPLIED,249411,6/7/2023 9:00,8ceb28a3-e268-4930-a1c6-84cac4f6239c,Gary_3 Root,red,,,,,,,,,,
BAG_CLOSED,252085,6/7/2023 9:00,8ceb28a3-e268-4930-a1c6-84cac4f6239c,"(1.1, 0.7, 1.5)",,,,,,,,,,,
TELEPORT,252085,6/7/2023 9:00,8ceb28a3-e268-4930-a1c6-84cac4f6239c,"(0.1, 0.0, 1.1)",,,,,,,,,,,
BAG_ACCESS,257652,6/7/2023 9:00,8ceb28a3-e268-4930-a1c6-84cac4f6239c,"(-1.2, 0.8, 4.8)",,,,,,,,,,,
PATIENT_ENGAGED,258101,6/7/2023 9:00,8ceb28a3-e268-4930-a1c6-84cac4f6239c,100,Infinity,Bob_0 Root,"(-1.7, 0.0, 5.7)","(0.0, 0.7, 0.0, 0.7)",DEAD,still,none,none,none,dead,supine
PULSE_TAKEN,259088,6/7/2023 9:00,8ceb28a3-e268-4930-a1c6-84cac4f6239c,pulse_none,Bob_0 Root,,,,,,,,,,
TOOL_HOVER,260339,6/7/2023 9:00,8ceb28a3-e268-4930-a1c6-84cac4f6239c,Tourniquet,998,,,,,,,,,,
TOOL_HOVER,260356,6/7/2023 9:00,8ceb28a3-e268-4930-a1c6-84cac4f6239c,Tourniquet,998,,,,,,,,,,
TOOL_HOVER,260376,6/7/2023 9:00,8ceb28a3-e268-4930-a1c6-84cac4f6239c,Tourniquet,998,,,,,,,,,,
TOOL_HOVER,260390,6/7/2023 9:00,8ceb28a3-e268-4930-a1c6-84cac4f6239c,Tourniquet,998,,,,,,,,,,
TOOL_HOVER,260407,6/7/2023 9:00,8ceb28a3-e268-4930-a1c6-84cac4f6239c,Tourniquet,998,,,,,,,,,,
TOOL_HOVER,260424,6/7/2023 9:00,8ceb28a3-e268-4930-a1c6-84cac4f6239c,Tourniquet,998,,,,,,,,,,
TOOL_HOVER,260440,6/7/2023 9:00,8ceb28a3-e268-4930-a1c6-84cac4f6239c,Tourniquet,998,,,,,,,,,,
TOOL_HOVER,260457,6/7/2023 9:00,8ceb28a3-e268-4930-a1c6-84cac4f6239c,Tourniquet,998,,,,,,,,,,
TOOL_HOVER,260474,6/7/2023 9:00,8ceb28a3-e268-4930-a1c6-84cac4f6239c,Tourniquet,998,,,,,,,,,,
TOOL_HOVER,260490,6/7/2023 9:00,8ceb28a3-e268-4930-a1c6-84cac4f6239c,Tourniquet,998,,,,,,,,,,
TOOL_HOVER,260507,6/7/2023 9:00,8ceb28a3-e268-4930-a1c6-84cac4f6239c,Tourniquet,998,,,,,,,,,,
TOOL_HOVER,260524,6/7/2023 9:00,8ceb28a3-e268-4930-a1c6-84cac4f6239c,Tourniquet,998,,,,,,,,,,
TOOL_HOVER,260540,6/7/2023 9:00,8ceb28a3-e268-4930-a1c6-84cac4f6239c,Tourniquet,998,,,,,,,,,,
TOOL_HOVER,260558,6/7/2023 9:00,8ceb28a3-e268-4930-a1c6-84cac4f6239c,Tourniquet,998,,,,,,,,,,
TOOL_HOVER,260574,6/7/2023 9:00,8ceb28a3-e268-4930-a1c6-84cac4f6239c,Tourniquet,998,,,,,,,,,,
TOOL_HOVER,260590,6/7/2023 9:00,8ceb28a3-e268-4930-a1c6-84cac4f6239c,Tourniquet,998,,,,,,,,,,
TOOL_HOVER,260608,6/7/2023 9:00,8ceb28a3-e268-4930-a1c6-84cac4f6239c,Tourniquet,998,,,,,,,,,,
TOOL_HOVER,260624,6/7/2023 9:00,8ceb28a3-e268-4930-a1c6-84cac4f6239c,Tourniquet,998,,,,,,,,,,
PULSE_TAKEN,261276,6/7/2023 9:00,8ceb28a3-e268-4930-a1c6-84cac4f6239c,pulse_none,Bob_0 Root,,,,,,,,,,
VOICE_CAPTURE,264368,6/7/2023 9:00,8ceb28a3-e268-4930-a1c6-84cac4f6239c,good man,NA,,,,,,,,,,
TOOL_HOVER,265235,6/7/2023 9:00,8ceb28a3-e268-4930-a1c6-84cac4f6239c,Hemostatic Gauze,999,,,,,,,,,,
TOOL_HOVER,265251,6/7/2023 9:00,8ceb28a3-e268-4930-a1c6-84cac4f6239c,Hemostatic Gauze,999,,,,,,,,,,
TOOL_HOVER,265269,6/7/2023 9:00,8ceb28a3-e268-4930-a1c6-84cac4f6239c,Hemostatic Gauze,999,,,,,,,,,,
TOOL_HOVER,265289,6/7/2023 9:00,8ceb28a3-e268-4930-a1c6-84cac4f6239c,Hemostatic Gauze,999,,,,,,,,,,
TOOL_HOVER,265302,6/7/2023 9:00,8ceb28a3-e268-4930-a1c6-84cac4f6239c,Hemostatic Gauze,999,,,,,,,,,,
TOOL_HOVER,265320,6/7/2023 9:00,8ceb28a3-e268-4930-a1c6-84cac4f6239c,Hemostatic Gauze,999,,,,,,,,,,
TOOL_HOVER,265336,6/7/2023 9:00,8ceb28a3-e268-4930-a1c6-84cac4f6239c,Hemostatic Gauze,999,,,,,,,,,,
TOOL_HOVER,265352,6/7/2023 9:00,8ceb28a3-e268-4930-a1c6-84cac4f6239c,Hemostatic Gauze,999,,,,,,,,,,
TOOL_HOVER,265370,6/7/2023 9:00,8ceb28a3-e268-4930-a1c6-84cac4f6239c,Hemostatic Gauze,999,,,,,,,,,,
TOOL_HOVER,265387,6/7/2023 9:00,8ceb28a3-e268-4930-a1c6-84cac4f6239c,Hemostatic Gauze,999,,,,,,,,,,
TOOL_HOVER,265403,6/7/2023 9:00,8ceb28a3-e268-4930-a1c6-84cac4f6239c,Hemostatic Gauze,999,,,,,,,,,,
TOOL_HOVER,265421,6/7/2023 9:00,8ceb28a3-e268-4930-a1c6-84cac4f6239c,Hemostatic Gauze,999,,,,,,,,,,
TOOL_HOVER,265435,6/7/2023 9:00,8ceb28a3-e268-4930-a1c6-84cac4f6239c,Hemostatic Gauze,999,,,,,,,,,,
TOOL_HOVER,265453,6/7/2023 9:00,8ceb28a3-e268-4930-a1c6-84cac4f6239c,Hemostatic Gauze,999,,,,,,,,,,
TOOL_HOVER,265469,6/7/2023 9:00,8ceb28a3-e268-4930-a1c6-84cac4f6239c,Hemostatic Gauze,999,,,,,,,,,,
TOOL_HOVER,265485,6/7/2023 9:00,8ceb28a3-e268-4930-a1c6-84cac4f6239c,Hemostatic Gauze,999,,,,,,,,,,
TOOL_HOVER,265502,6/7/2023 9:00,8ceb28a3-e268-4930-a1c6-84cac4f6239c,Hemostatic Gauze,999,,,,,,,,,,
TOOL_HOVER,265521,6/7/2023 9:00,8ceb28a3-e268-4930-a1c6-84cac4f6239c,Hemostatic Gauze,999,,,,,,,,,,
VOICE_CAPTURE,271801,6/7/2023 9:00,8ceb28a3-e268-4930-a1c6-84cac4f6239c,let's go with this guy where is it,NA,,,,,,,,,,
TAG_SELECTED,272754,6/7/2023 9:01,8ceb28a3-e268-4930-a1c6-84cac4f6239c,black,,,,,,,,,,,
BAG_CLOSED,274540,6/7/2023 9:01,8ceb28a3-e268-4930-a1c6-84cac4f6239c,"(-1.2, 0.8, 4.8)",,,,,,,,,,,
TELEPORT,274540,6/7/2023 9:01,8ceb28a3-e268-4930-a1c6-84cac4f6239c,"(-2.2, 0.0, 4.0)",,,,,,,,,,,
TAG_APPLIED,274557,6/7/2023 9:01,8ceb28a3-e268-4930-a1c6-84cac4f6239c,Bob_0 Root,black,,,,,,,,,,
TELEPORT,276731,6/7/2023 9:01,8ceb28a3-e268-4930-a1c6-84cac4f6239c,"(-2.2, 0.0, 4.0)",,,,,,,,,,,
PATIENT_ENGAGED,279051,6/7/2023 9:01,8ceb28a3-e268-4930-a1c6-84cac4f6239c,100,Infinity,Gary_1 Root,"(1.6, 0.0, 7.6)","(0.0, 1.0, 0.0, 0.0)",EXPECTANT,still,none,restricted,none,unresponsive,supine
PULSE_TAKEN,281138,6/7/2023 9:01,8ceb28a3-e268-4930-a1c6-84cac4f6239c,pulse_none,Gary_1 Root,,,,,,,,,,
BAG_ACCESS,289778,6/7/2023 9:01,8ceb28a3-e268-4930-a1c6-84cac4f6239c,"(0.9, 0.8, 7.7)",,,,,,,,,,,
TAG_SELECTED,291348,6/7/2023 9:01,8ceb28a3-e268-4930-a1c6-84cac4f6239c,black,,,,,,,,,,,
TAG_DISCARDED,291801,6/7/2023 9:01,8ceb28a3-e268-4930-a1c6-84cac4f6239c,black,"(1.4, 1.3, 7.4)",,,,,,,,,,
TAG_SELECTED,292218,6/7/2023 9:01,8ceb28a3-e268-4930-a1c6-84cac4f6239c,black,,,,,,,,,,,
TAG_APPLIED,293670,6/7/2023 9:01,8ceb28a3-e268-4930-a1c6-84cac4f6239c,Gary_1 Root,black,,,,,,,,,,
BAG_CLOSED,296744,6/7/2023 9:01,8ceb28a3-e268-4930-a1c6-84cac4f6239c,"(0.9, 0.8, 7.7)",,,,,,,,,,,
TELEPORT,296744,6/7/2023 9:01,8ceb28a3-e268-4930-a1c6-84cac4f6239c,"(-0.4, 0.0, 6.9)",,,,,,,,,,,
PATIENT_ENGAGED,299584,6/7/2023 9:01,8ceb28a3-e268-4930-a1c6-84cac4f6239c,100,Infinity,Lily_4 Root,"(1.2, 0.0, 6.2)","(0.0, 1.0, 0.0, 0.0)",IMMEDIATE,waver,fast,normal,normal,upset,fetal
BAG_ACCESS,304496,6/7/2023 9:01,8ceb28a3-e268-4930-a1c6-84cac4f6239c,"(0.9, 0.4, 6.1)",,,,,,,,,,,
TOOL_HOVER,305432,6/7/2023 9:01,8ceb28a3-e268-4930-a1c6-84cac4f6239c,Hemostatic Gauze,999,,,,,,,,,,
TOOL_HOVER,305450,6/7/2023 9:01,8ceb28a3-e268-4930-a1c6-84cac4f6239c,Hemostatic Gauze,999,,,,,,,,,,
TOOL_HOVER,305466,6/7/2023 9:01,8ceb28a3-e268-4930-a1c6-84cac4f6239c,Hemostatic Gauze,999,,,,,,,,,,
TOOL_HOVER,305482,6/7/2023 9:01,8ceb28a3-e268-4930-a1c6-84cac4f6239c,Hemostatic Gauze,999,,,,,,,,,,
TOOL_HOVER,305500,6/7/2023 9:01,8ceb28a3-e268-4930-a1c6-84cac4f6239c,Hemostatic Gauze,999,,,,,,,,,,
TOOL_HOVER,305516,6/7/2023 9:01,8ceb28a3-e268-4930-a1c6-84cac4f6239c,Hemostatic Gauze,999,,,,,,,,,,
TOOL_HOVER,305533,6/7/2023 9:01,8ceb28a3-e268-4930-a1c6-84cac4f6239c,Hemostatic Gauze,999,,,,,,,,,,
TOOL_HOVER,305549,6/7/2023 9:01,8ceb28a3-e268-4930-a1c6-84cac4f6239c,Hemostatic Gauze,999,,,,,,,,,,
TOOL_HOVER,305566,6/7/2023 9:01,8ceb28a3-e268-4930-a1c6-84cac4f6239c,Hemostatic Gauze,999,,,,,,,,,,
TOOL_HOVER,305582,6/7/2023 9:01,8ceb28a3-e268-4930-a1c6-84cac4f6239c,Hemostatic Gauze,999,,,,,,,,,,
TOOL_HOVER,305599,6/7/2023 9:01,8ceb28a3-e268-4930-a1c6-84cac4f6239c,Hemostatic Gauze,999,,,,,,,,,,
TOOL_HOVER,305615,6/7/2023 9:01,8ceb28a3-e268-4930-a1c6-84cac4f6239c,Hemostatic Gauze,999,,,,,,,,,,
TOOL_HOVER,305633,6/7/2023 9:01,8ceb28a3-e268-4930-a1c6-84cac4f6239c,Hemostatic Gauze,999,,,,,,,,,,
TOOL_HOVER,305649,6/7/2023 9:01,8ceb28a3-e268-4930-a1c6-84cac4f6239c,Hemostatic Gauze,999,,,,,,,,,,
TOOL_HOVER,305666,6/7/2023 9:01,8ceb28a3-e268-4930-a1c6-84cac4f6239c,Hemostatic Gauze,999,,,,,,,,,,
TOOL_HOVER,305682,6/7/2023 9:01,8ceb28a3-e268-4930-a1c6-84cac4f6239c,Hemostatic Gauze,999,,,,,,,,,,
TOOL_HOVER,305699,6/7/2023 9:01,8ceb28a3-e268-4930-a1c6-84cac4f6239c,Hemostatic Gauze,999,,,,,,,,,,
TOOL_HOVER,305717,6/7/2023 9:01,8ceb28a3-e268-4930-a1c6-84cac4f6239c,Hemostatic Gauze,999,,,,,,,,,,
TOOL_HOVER,305732,6/7/2023 9:01,8ceb28a3-e268-4930-a1c6-84cac4f6239c,Hemostatic Gauze,999,,,,,,,,,,
TOOL_HOVER,305751,6/7/2023 9:01,8ceb28a3-e268-4930-a1c6-84cac4f6239c,Hemostatic Gauze,999,,,,,,,,,,
TOOL_HOVER,305766,6/7/2023 9:01,8ceb28a3-e268-4930-a1c6-84cac4f6239c,Hemostatic Gauze,999,,,,,,,,,,
TOOL_HOVER,305783,6/7/2023 9:01,8ceb28a3-e268-4930-a1c6-84cac4f6239c,Hemostatic Gauze,999,,,,,,,,,,
TOOL_HOVER,305801,6/7/2023 9:01,8ceb28a3-e268-4930-a1c6-84cac4f6239c,Hemostatic Gauze,999,,,,,,,,,,
TOOL_HOVER,305817,6/7/2023 9:01,8ceb28a3-e268-4930-a1c6-84cac4f6239c,Hemostatic Gauze,999,,,,,,,,,,
TOOL_HOVER,305834,6/7/2023 9:01,8ceb28a3-e268-4930-a1c6-84cac4f6239c,Hemostatic Gauze,999,,,,,,,,,,
TOOL_SELECTED,305835,6/7/2023 9:01,8ceb28a3-e268-4930-a1c6-84cac4f6239c,Hemostatic Gauze,998,,,,,,,,,,
TOOL_DISCARDED,307019,6/7/2023 9:01,8ceb28a3-e268-4930-a1c6-84cac4f6239c,Hemostatic Gauze,998,"(0.8, 0.3, 6.4)",,,,,,,,,
INJURY_TREATED,307019,6/7/2023 9:01,8ceb28a3-e268-4930-a1c6-84cac4f6239c,L Side Puncture,Lily_4 Root,woundpack,medium,abdomen,TRUE,FALSE,"(0.9, 0.2, 6.5)",,,,
TOOL_APPLIED,307019,6/7/2023 9:01,8ceb28a3-e268-4930-a1c6-84cac4f6239c,Lily_4 Root,Gauze_Pack,skinCollider_BodyLOD (UnityEngine.GameObject),null,null,AppliedPackingGauze,,,,,,
TAG_SELECTED,308241,6/7/2023 9:01,8ceb28a3-e268-4930-a1c6-84cac4f6239c,red,,,,,,,,,,,
TAG_APPLIED,309425,6/7/2023 9:01,8ceb28a3-e268-4930-a1c6-84cac4f6239c,Lily_4 Root,red,,,,,,,,,,
PULSE_TAKEN,311237,6/7/2023 9:01,8ceb28a3-e268-4930-a1c6-84cac4f6239c,pulse_fast,Lily_4 Root,,,,,,,,,,
PATIENT_ENGAGED,312807,6/7/2023 9:01,8ceb28a3-e268-4930-a1c6-84cac4f6239c,100,Infinity,Gary_1 Root,"(1.6, 0.0, 7.6)","(0.0, 1.0, 0.0, 0.0)",EXPECTANT,still,none,restricted,none,unresponsive,supine
BAG_CLOSED,313803,6/7/2023 9:01,8ceb28a3-e268-4930-a1c6-84cac4f6239c,"(0.9, 0.4, 6.1)",,,,,,,,,,,
TELEPORT,317733,6/7/2023 9:01,8ceb28a3-e268-4930-a1c6-84cac4f6239c,"(-0.5, 0.0, 5.5)",,,,,,,,,,,
PATIENT_ENGAGED,320384,6/7/2023 9:01,8ceb28a3-e268-4930-a1c6-84cac4f6239c,100,Infinity,Mike_5 Root,"(2.7, 0.0, 2.3)","(0.0, 1.0, 0.0, 0.0)",IMMEDIATE,waver,fast,normal,normal,upset,fetal
BAG_ACCESS,323853,6/7/2023 9:01,8ceb28a3-e268-4930-a1c6-84cac4f6239c,"(3.6, 0.8, 2.0)",,,,,,,,,,,
PULSE_TAKEN,326665,6/7/2023 9:01,8ceb28a3-e268-4930-a1c6-84cac4f6239c,pulse_fast,Mike_5 Root,,,,,,,,,,
TOOL_HOVER,328725,6/7/2023 9:01,8ceb28a3-e268-4930-a1c6-84cac4f6239c,Tourniquet,998,,,,,,,,,,
TOOL_HOVER,328742,6/7/2023 9:01,8ceb28a3-e268-4930-a1c6-84cac4f6239c,Tourniquet,998,,,,,,,,,,
TOOL_SELECTED,328743,6/7/2023 9:01,8ceb28a3-e268-4930-a1c6-84cac4f6239c,Tourniquet,997,,,,,,,,,,
INJURY_TREATED,330426,6/7/2023 9:01,8ceb28a3-e268-4930-a1c6-84cac4f6239c,R Thigh Laceration,Mike_5 Root,tourniquet,medium,rightLeg,TRUE,FALSE,"(3.0, 0.3, 2.2)",,,,
TOOL_APPLIED,330426,6/7/2023 9:01,8ceb28a3-e268-4930-a1c6-84cac4f6239c,Mike_5 Root,Tourniquet,RightUpLeg (UnityEngine.GameObject),tor_ring (1) (UnityEngine.GameObject),tourniquet(Clone) (UnityEngine.GameObject),AppliedTourniquet,,,,,,
TAG_SELECTED,333277,6/7/2023 9:02,8ceb28a3-e268-4930-a1c6-84cac4f6239c,red,,,,,,,,,,,
TAG_DISCARDED,333842,6/7/2023 9:02,8ceb28a3-e268-4930-a1c6-84cac4f6239c,red,"(3.5, 1.2, 2.5)",,,,,,,,,,
TAG_SELECTED,334227,6/7/2023 9:02,8ceb28a3-e268-4930-a1c6-84cac4f6239c,yellow,,,,,,,,,,,
TAG_APPLIED,335429,6/7/2023 9:02,8ceb28a3-e268-4930-a1c6-84cac4f6239c,Mike_5 Root,yellow,,,,,,,,,,
BAG_CLOSED,337351,6/7/2023 9:02,8ceb28a3-e268-4930-a1c6-84cac4f6239c,"(3.6, 0.8, 2.0)",,,,,,,,,,,
TELEPORT,337351,6/7/2023 9:02,8ceb28a3-e268-4930-a1c6-84cac4f6239c,"(2.2, 0.0, 1.6)",,,,,,,,,,,
PATIENT_ENGAGED,340575,6/7/2023 9:02,8ceb28a3-e268-4930-a1c6-84cac4f6239c,100,Infinity,Lily_2 Root,"(3.0, 0.0, 4.5)","(0.0, 1.0, 0.0, 0.0)",IMMEDIATE,waver,fast,fast,normal,agony,fetal
BAG_ACCESS,341762,6/7/2023 9:02,8ceb28a3-e268-4930-a1c6-84cac4f6239c,"(3.8, 0.8, 4.0)",,,,,,,,,,,
TOOL_HOVER,342533,6/7/2023 9:02,8ceb28a3-e268-4930-a1c6-84cac4f6239c,Tourniquet,997,,,,,,,,,,
TOOL_HOVER,342546,6/7/2023 9:02,8ceb28a3-e268-4930-a1c6-84cac4f6239c,Tourniquet,997,,,,,,,,,,
TOOL_HOVER,342565,6/7/2023 9:02,8ceb28a3-e268-4930-a1c6-84cac4f6239c,Tourniquet,997,,,,,,,,,,
TOOL_HOVER,342579,6/7/2023 9:02,8ceb28a3-e268-4930-a1c6-84cac4f6239c,Tourniquet,997,,,,,,,,,,
TOOL_HOVER,342598,6/7/2023 9:02,8ceb28a3-e268-4930-a1c6-84cac4f6239c,Tourniquet,997,,,,,,,,,,
TOOL_HOVER,342615,6/7/2023 9:02,8ceb28a3-e268-4930-a1c6-84cac4f6239c,Tourniquet,997,,,,,,,,,,
TOOL_HOVER,342630,6/7/2023 9:02,8ceb28a3-e268-4930-a1c6-84cac4f6239c,Tourniquet,997,,,,,,,,,,
TOOL_HOVER,342647,6/7/2023 9:02,8ceb28a3-e268-4930-a1c6-84cac4f6239c,Tourniquet,997,,,,,,,,,,
TOOL_HOVER,342663,6/7/2023 9:02,8ceb28a3-e268-4930-a1c6-84cac4f6239c,Tourniquet,997,,,,,,,,,,
TOOL_HOVER,342680,6/7/2023 9:02,8ceb28a3-e268-4930-a1c6-84cac4f6239c,Tourniquet,997,,,,,,,,,,
TOOL_HOVER,342698,6/7/2023 9:02,8ceb28a3-e268-4930-a1c6-84cac4f6239c,Tourniquet,997,,,,,,,,,,
TOOL_HOVER,342715,6/7/2023 9:02,8ceb28a3-e268-4930-a1c6-84cac4f6239c,Tourniquet,997,,,,,,,,,,
TOOL_HOVER,342730,6/7/2023 9:02,8ceb28a3-e268-4930-a1c6-84cac4f6239c,Tourniquet,997,,,,,,,,,,
TOOL_HOVER,342747,6/7/2023 9:02,8ceb28a3-e268-4930-a1c6-84cac4f6239c,Tourniquet,997,,,,,,,,,,
TOOL_HOVER,342764,6/7/2023 9:02,8ceb28a3-e268-4930-a1c6-84cac4f6239c,Tourniquet,997,,,,,,,,,,
TOOL_HOVER,342781,6/7/2023 9:02,8ceb28a3-e268-4930-a1c6-84cac4f6239c,Tourniquet,997,,,,,,,,,,
TOOL_HOVER,342797,6/7/2023 9:02,8ceb28a3-e268-4930-a1c6-84cac4f6239c,Tourniquet,997,,,,,,,,,,
TOOL_HOVER,342814,6/7/2023 9:02,8ceb28a3-e268-4930-a1c6-84cac4f6239c,Tourniquet,997,,,,,,,,,,
TOOL_HOVER,344134,6/7/2023 9:02,8ceb28a3-e268-4930-a1c6-84cac4f6239c,Tourniquet,997,,,,,,,,,,
TOOL_HOVER,344152,6/7/2023 9:02,8ceb28a3-e268-4930-a1c6-84cac4f6239c,Tourniquet,997,,,,,,,,,,
TOOL_HOVER,344169,6/7/2023 9:02,8ceb28a3-e268-4930-a1c6-84cac4f6239c,Tourniquet,997,,,,,,,,,,
TOOL_HOVER,344183,6/7/2023 9:02,8ceb28a3-e268-4930-a1c6-84cac4f6239c,Tourniquet,997,,,,,,,,,,
TOOL_SELECTED,344185,6/7/2023 9:02,8ceb28a3-e268-4930-a1c6-84cac4f6239c,Tourniquet,996,,,,,,,,,,
INJURY_TREATED,345603,6/7/2023 9:02,8ceb28a3-e268-4930-a1c6-84cac4f6239c,R Shin Amputation,Lily_2 Root,tourniquet,high,rightLeg,TRUE,FALSE,"(3.3, 0.1, 4.3)",,,,
TOOL_APPLIED,345604,6/7/2023 9:02,8ceb28a3-e268-4930-a1c6-84cac4f6239c,Lily_2 Root,Tourniquet,RightUpLeg (UnityEngine.GameObject),tor_ring (1) (UnityEngine.GameObject),tourniquet(Clone) (UnityEngine.GameObject),AppliedTourniquet,,,,,,
PULSE_TAKEN,347979,6/7/2023 9:02,8ceb28a3-e268-4930-a1c6-84cac4f6239c,pulse_fast,Lily_2 Root,,,,,,,,,,
TAG_SELECTED,351318,6/7/2023 9:02,8ceb28a3-e268-4930-a1c6-84cac4f6239c,yellow,,,,,,,,,,,
TAG_APPLIED,352454,6/7/2023 9:02,8ceb28a3-e268-4930-a1c6-84cac4f6239c,Lily_2 Root,yellow,,,,,,,,,,
BAG_CLOSED,357284,6/7/2023 9:02,8ceb28a3-e268-4930-a1c6-84cac4f6239c,"(3.8, 0.8, 4.0)",,,,,,,,,,,
TELEPORT,357284,6/7/2023 9:02,8ceb28a3-e268-4930-a1c6-84cac4f6239c,"(2.5, 0.0, 3.6)",,,,,,,,,,,
TELEPORT,362161,6/7/2023 9:02,8ceb28a3-e268-4930-a1c6-84cac4f6239c,"(2.5, 0.0, 3.6)",,,,,,,,,,,
PATIENT_ENGAGED,365501,6/7/2023 9:02,8ceb28a3-e268-4930-a1c6-84cac4f6239c,100,Infinity,Mike_7 Root,"(1.3, 0.0, 3.4)","(0.0, 0.1, 0.0, 1.0)",DELAYED,waver,fast,normal,normal,upset,sittingGround
VOICE_CAPTURE,366337,6/7/2023 9:02,8ceb28a3-e268-4930-a1c6-84cac4f6239c,are you hurt,NA,,,,,,,,,,
VOICE_COMMAND,366337,6/7/2023 9:02,8ceb28a3-e268-4930-a1c6-84cac4f6239c,are you hurt,are you hurt,,,,,,,,,,
BAG_ACCESS,366840,6/7/2023 9:02,8ceb28a3-e268-4930-a1c6-84cac4f6239c,"(0.6, 0.8, 4.1)",,,,,,,,,,,
TOOL_HOVER,369128,6/7/2023 9:02,8ceb28a3-e268-4930-a1c6-84cac4f6239c,Tourniquet,996,,,,,,,,,,
TOOL_HOVER,369144,6/7/2023 9:02,8ceb28a3-e268-4930-a1c6-84cac4f6239c,Tourniquet,996,,,,,,,,,,
TOOL_HOVER,369161,6/7/2023 9:02,8ceb28a3-e268-4930-a1c6-84cac4f6239c,Tourniquet,996,,,,,,,,,,
TOOL_HOVER,369178,6/7/2023 9:02,8ceb28a3-e268-4930-a1c6-84cac4f6239c,Tourniquet,996,,,,,,,,,,
TOOL_HOVER,369194,6/7/2023 9:02,8ceb28a3-e268-4930-a1c6-84cac4f6239c,Tourniquet,996,,,,,,,,,,
TOOL_HOVER,369211,6/7/2023 9:02,8ceb28a3-e268-4930-a1c6-84cac4f6239c,Tourniquet,996,,,,,,,,,,
TOOL_HOVER,369228,6/7/2023 9:02,8ceb28a3-e268-4930-a1c6-84cac4f6239c,Tourniquet,996,,,,,,,,,,
TOOL_HOVER,369244,6/7/2023 9:02,8ceb28a3-e268-4930-a1c6-84cac4f6239c,Tourniquet,996,,,,,,,,,,
TOOL_HOVER,369261,6/7/2023 9:02,8ceb28a3-e268-4930-a1c6-84cac4f6239c,Tourniquet,996,,,,,,,,,,
TOOL_HOVER,369278,6/7/2023 9:02,8ceb28a3-e268-4930-a1c6-84cac4f6239c,Tourniquet,996,,,,,,,,,,
TOOL_HOVER,369295,6/7/2023 9:02,8ceb28a3-e268-4930-a1c6-84cac4f6239c,Tourniquet,996,,,,,,,,,,
TOOL_SELECTED,369296,6/7/2023 9:02,8ceb28a3-e268-4930-a1c6-84cac4f6239c,Tourniquet,995,,,,,,,,,,
TOOL_DISCARDED,370857,6/7/2023 9:02,8ceb28a3-e268-4930-a1c6-84cac4f6239c,Tourniquet,995,"(0.8, 0.2, 3.5)",,,,,,,,,
PULSE_TAKEN,373916,6/7/2023 9:02,8ceb28a3-e268-4930-a1c6-84cac4f6239c,pulse_fast,Mike_7 Root,,,,,,,,,,
TOOL_HOVER,375937,6/7/2023 9:02,8ceb28a3-e268-4930-a1c6-84cac4f6239c,Tourniquet,996,,,,,,,,,,
TOOL_HOVER,375954,6/7/2023 9:02,8ceb28a3-e268-4930-a1c6-84cac4f6239c,Tourniquet,996,,,,,,,,,,
TOOL_HOVER,375971,6/7/2023 9:02,8ceb28a3-e268-4930-a1c6-84cac4f6239c,Tourniquet,996,,,,,,,,,,
TOOL_HOVER,375987,6/7/2023 9:02,8ceb28a3-e268-4930-a1c6-84cac4f6239c,Tourniquet,996,,,,,,,,,,
TOOL_HOVER,376004,6/7/2023 9:02,8ceb28a3-e268-4930-a1c6-84cac4f6239c,Tourniquet,996,,,,,,,,,,
TOOL_HOVER,376022,6/7/2023 9:02,8ceb28a3-e268-4930-a1c6-84cac4f6239c,Tourniquet,996,,,,,,,,,,
TOOL_HOVER,376138,6/7/2023 9:02,8ceb28a3-e268-4930-a1c6-84cac4f6239c,Tourniquet,996,,,,,,,,,,
TOOL_HOVER,376155,6/7/2023 9:02,8ceb28a3-e268-4930-a1c6-84cac4f6239c,Tourniquet,996,,,,,,,,,,
TOOL_HOVER,376172,6/7/2023 9:02,8ceb28a3-e268-4930-a1c6-84cac4f6239c,Tourniquet,996,,,,,,,,,,
TOOL_HOVER,376187,6/7/2023 9:02,8ceb28a3-e268-4930-a1c6-84cac4f6239c,Tourniquet,996,,,,,,,,,,
TOOL_SELECTED,376189,6/7/2023 9:02,8ceb28a3-e268-4930-a1c6-84cac4f6239c,Tourniquet,995,,,,,,,,,,
INJURY_TREATED,377973,6/7/2023 9:02,8ceb28a3-e268-4930-a1c6-84cac4f6239c,L Thigh Puncture,Mike_7 Root,tourniquet,medium,leftLeg,TRUE,FALSE,"(0.7, 0.1, 3.5)",,,,
TOOL_APPLIED,377974,6/7/2023 9:02,8ceb28a3-e268-4930-a1c6-84cac4f6239c,Mike_7 Root,Tourniquet,LeftUpLeg (UnityEngine.GameObject),tor_ring (1) (UnityEngine.GameObject),tourniquet(Clone) (UnityEngine.GameObject),AppliedTourniquet,,,,,,
TAG_SELECTED,383703,6/7/2023 9:02,8ceb28a3-e268-4930-a1c6-84cac4f6239c,yellow,,,,,,,,,,,
TAG_APPLIED,384890,6/7/2023 9:02,8ceb28a3-e268-4930-a1c6-84cac4f6239c,Mike_7 Root,yellow,,,,,,,,,,
BAG_CLOSED,393120,6/7/2023 9:03,8ceb28a3-e268-4930-a1c6-84cac4f6239c,"(0.6, 0.8, 4.1)",,,,,,,,,,,
TELEPORT,393120,6/7/2023 9:03,8ceb28a3-e268-4930-a1c6-84cac4f6239c,"(-0.4, 0.0, 3.9)",,,,,,,,,,,
TELEPORT,394821,6/7/2023 9:03,8ceb28a3-e268-4930-a1c6-84cac4f6239c,"(-0.4, 0.0, 5.0)",,,,,,,,,,,
BAG_ACCESS,397512,6/7/2023 9:03,8ceb28a3-e268-4930-a1c6-84cac4f6239c,"(-1.1, 0.8, 3.7)",,,,,,,,,,,
PATIENT_ENGAGED,403310,6/7/2023 9:03,8ceb28a3-e268-4930-a1c6-84cac4f6239c,100,Infinity,Gloria_6 Root,"(-1.2, 0.0, 3.1)","(0.0, 0.4, 0.0, 0.9)",DELAYED,waver,fast,normal,normal,upset,fetal
PULSE_TAKEN,403760,6/7/2023 9:03,8ceb28a3-e268-4930-a1c6-84cac4f6239c,pulse_fast,Gloria_6 Root,,,,,,,,,,
TOOL_HOVER,410427,6/7/2023 9:03,8ceb28a3-e268-4930-a1c6-84cac4f6239c,Gauze,1000,,,,,,,,,,
TOOL_HOVER,410444,6/7/2023 9:03,8ceb28a3-e268-4930-a1c6-84cac4f6239c,Gauze,1000,,,,,,,,,,
TOOL_HOVER,410461,6/7/2023 9:03,8ceb28a3-e268-4930-a1c6-84cac4f6239c,Gauze,1000,,,,,,,,,,
TOOL_HOVER,410478,6/7/2023 9:03,8ceb28a3-e268-4930-a1c6-84cac4f6239c,Gauze,1000,,,,,,,,,,
TOOL_SELECTED,410479,6/7/2023 9:03,8ceb28a3-e268-4930-a1c6-84cac4f6239c,Gauze,999,,,,,,,,,,
TOOL_DISCARDED,412131,6/7/2023 9:03,8ceb28a3-e268-4930-a1c6-84cac4f6239c,Gauze,999,"(-1.1, 0.2, 3.2)",,,,,,,,,
INJURY_TREATED,412132,6/7/2023 9:03,8ceb28a3-e268-4930-a1c6-84cac4f6239c,R Calf Shrapnel,Gloria_6 Root,gauzePressure,medium,rightLeg,TRUE,FALSE,"(-1.1, 0.2, 3.2)",,,,
TOOL_APPLIED,412132,6/7/2023 9:03,8ceb28a3-e268-4930-a1c6-84cac4f6239c,Gloria_6 Root,Gauze_Dressing,skinCollider_Body_LOD (UnityEngine.GameObject),null,null,AppliedDressingGauze,,,,,,
BAG_CLOSED,418639,6/7/2023 9:03,8ceb28a3-e268-4930-a1c6-84cac4f6239c,"(-1.1, 0.8, 3.7)",,,,,,,,,,,
TELEPORT,418639,6/7/2023 9:03,8ceb28a3-e268-4930-a1c6-84cac4f6239c,"(-2.1, 0.0, 4.3)",,,,,,,,,,,
TELEPORT,425806,6/7/2023 9:03,8ceb28a3-e268-4930-a1c6-84cac4f6239c,"(1.8, 0.0, -0.3)",,,,,,,,,,,
PATIENT_ENGAGED,426941,6/7/2023 9:03,8ceb28a3-e268-4930-a1c6-84cac4f6239c,100,Infinity,Helga_10 Root,"(3.3, 0.0, -2.8)","(0.0, 0.3, 0.0, 1.0)",MINIMAL,walker,normal,normal,normal,calm,sittingGround
PULSE_TAKEN,427409,6/7/2023 9:03,8ceb28a3-e268-4930-a1c6-84cac4f6239c,pulse_normal,Helga_10 Root,,,,,,,,,,
VOICE_CAPTURE,428379,6/7/2023 9:03,8ceb28a3-e268-4930-a1c6-84cac4f6239c,modbutton im okay,NA,,,,,,,,,,
VOICE_COMMAND,428379,6/7/2023 9:03,8ceb28a3-e268-4930-a1c6-84cac4f6239c,modbutton im okay,modbutton im okay,,,,,,,,,,
TELEPORT,429186,6/7/2023 9:03,8ceb28a3-e268-4930-a1c6-84cac4f6239c,"(1.9, 0.0, -0.9)",,,,,,,,,,,
BAG_ACCESS,430220,6/7/2023 9:03,8ceb28a3-e268-4930-a1c6-84cac4f6239c,"(3.4, 0.8, -2.1)",,,,,,,,,,,
TOOL_HOVER,431336,6/7/2023 9:03,8ceb28a3-e268-4930-a1c6-84cac4f6239c,Gauze,1000,,,,,,,,,,
TOOL_HOVER,431353,6/7/2023 9:03,8ceb28a3-e268-4930-a1c6-84cac4f6239c,Gauze,1000,,,,,,,,,,
TOOL_HOVER,431371,6/7/2023 9:03,8ceb28a3-e268-4930-a1c6-84cac4f6239c,Gauze,1000,,,,,,,,,,
TOOL_HOVER,431386,6/7/2023 9:03,8ceb28a3-e268-4930-a1c6-84cac4f6239c,Gauze,1000,,,,,,,,,,
TOOL_HOVER,431403,6/7/2023 9:03,8ceb28a3-e268-4930-a1c6-84cac4f6239c,Gauze,1000,,,,,,,,,,
TOOL_HOVER,431420,6/7/2023 9:03,8ceb28a3-e268-4930-a1c6-84cac4f6239c,Gauze,1000,,,,,,,,,,
TOOL_HOVER,434728,6/7/2023 9:03,8ceb28a3-e268-4930-a1c6-84cac4f6239c,Gauze,1000,,,,,,,,,,
TOOL_HOVER,434743,6/7/2023 9:03,8ceb28a3-e268-4930-a1c6-84cac4f6239c,Gauze,1000,,,,,,,,,,
TOOL_HOVER,434762,6/7/2023 9:03,8ceb28a3-e268-4930-a1c6-84cac4f6239c,Gauze,1000,,,,,,,,,,
TOOL_HOVER,434779,6/7/2023 9:03,8ceb28a3-e268-4930-a1c6-84cac4f6239c,Gauze,1000,,,,,,,,,,
TOOL_HOVER,434795,6/7/2023 9:03,8ceb28a3-e268-4930-a1c6-84cac4f6239c,Gauze,1000,,,,,,,,,,
TOOL_HOVER,434812,6/7/2023 9:03,8ceb28a3-e268-4930-a1c6-84cac4f6239c,Gauze,1000,,,,,,,,,,
TOOL_HOVER,434827,6/7/2023 9:03,8ceb28a3-e268-4930-a1c6-84cac4f6239c,Gauze,1000,,,,,,,,,,
TOOL_HOVER,434844,6/7/2023 9:03,8ceb28a3-e268-4930-a1c6-84cac4f6239c,Gauze,1000,,,,,,,,,,
TOOL_HOVER,434863,6/7/2023 9:03,8ceb28a3-e268-4930-a1c6-84cac4f6239c,Gauze,1000,,,,,,,,,,
TOOL_HOVER,434876,6/7/2023 9:03,8ceb28a3-e268-4930-a1c6-84cac4f6239c,Gauze,1000,,,,,,,,,,
TOOL_HOVER,434895,6/7/2023 9:03,8ceb28a3-e268-4930-a1c6-84cac4f6239c,Gauze,1000,,,,,,,,,,
TOOL_HOVER,434912,6/7/2023 9:03,8ceb28a3-e268-4930-a1c6-84cac4f6239c,Gauze,1000,,,,,,,,,,
TOOL_HOVER,434929,6/7/2023 9:03,8ceb28a3-e268-4930-a1c6-84cac4f6239c,Gauze,1000,,,,,,,,,,
TOOL_HOVER,434944,6/7/2023 9:03,8ceb28a3-e268-4930-a1c6-84cac4f6239c,Gauze,1000,,,,,,,,,,
TOOL_SELECTED,434945,6/7/2023 9:03,8ceb28a3-e268-4930-a1c6-84cac4f6239c,Gauze,999,,,,,,,,,,
TOOL_DISCARDED,435913,6/7/2023 9:03,8ceb28a3-e268-4930-a1c6-84cac4f6239c,Gauze,999,"(3.4, 0.7, -2.7)",,,,,,,,,
TOOL_DISCARDED,435913,6/7/2023 9:03,8ceb28a3-e268-4930-a1c6-84cac4f6239c,Gauze,1000,"(3.4, 0.7, -2.7)",,,,,,,,,
VOICE_CAPTURE,436523,6/7/2023 9:03,8ceb28a3-e268-4930-a1c6-84cac4f6239c,modbutton im okay,NA,,,,,,,,,,
VOICE_COMMAND,436523,6/7/2023 9:03,8ceb28a3-e268-4930-a1c6-84cac4f6239c,modbutton im okay,modbutton im okay,,,,,,,,,,
TAG_SELECTED,437173,6/7/2023 9:03,8ceb28a3-e268-4930-a1c6-84cac4f6239c,green,,,,,,,,,,,
VOICE_CAPTURE,438242,6/7/2023 9:03,8ceb28a3-e268-4930-a1c6-84cac4f6239c,Oh,NA,,,,,,,,,,
TAG_APPLIED,438496,6/7/2023 9:03,8ceb28a3-e268-4930-a1c6-84cac4f6239c,Helga_10 Root,green,,,,,,,,,,
PATIENT_ENGAGED,439949,6/7/2023 9:03,8ceb28a3-e268-4930-a1c6-84cac4f6239c,100,Infinity,Gloria_8 Root,"(4.3, 0.0, -2.5)","(0.0, 0.4, 0.0, -0.9)",MINIMAL,walker,normal,normal,normal,upset,standing
BAG_CLOSED,440955,6/7/2023 9:03,8ceb28a3-e268-4930-a1c6-84cac4f6239c,"(3.4, 0.8, -2.1)",,,,,,,,,,,
PULSE_TAKEN,441001,6/7/2023 9:03,8ceb28a3-e268-4930-a1c6-84cac4f6239c,pulse_normal,Gloria_8 Root,,,,,,,,,,
VOICE_CAPTURE,441953,6/7/2023 9:03,8ceb28a3-e268-4930-a1c6-84cac4f6239c,are you hurt,NA,,,,,,,,,,
VOICE_COMMAND,441953,6/7/2023 9:03,8ceb28a3-e268-4930-a1c6-84cac4f6239c,are you hurt,are you hurt,,,,,,,,,,
BAG_ACCESS,447374,6/7/2023 9:03,8ceb28a3-e268-4930-a1c6-84cac4f6239c,"(3.6, 0.8, -1.8)",,,,,,,,,,,
VOICE_CAPTURE,447907,6/7/2023 9:03,8ceb28a3-e268-4930-a1c6-84cac4f6239c,oh,NA,,,,,,,,,,
TOOL_HOVER,448528,6/7/2023 9:03,8ceb28a3-e268-4930-a1c6-84cac4f6239c,Tourniquet,995,,,,,,,,,,
TOOL_HOVER,448546,6/7/2023 9:03,8ceb28a3-e268-4930-a1c6-84cac4f6239c,Tourniquet,995,,,,,,,,,,
TOOL_HOVER,448561,6/7/2023 9:03,8ceb28a3-e268-4930-a1c6-84cac4f6239c,Tourniquet,995,,,,,,,,,,
TOOL_HOVER,448579,6/7/2023 9:03,8ceb28a3-e268-4930-a1c6-84cac4f6239c,Tourniquet,995,,,,,,,,,,
TOOL_HOVER,448595,6/7/2023 9:03,8ceb28a3-e268-4930-a1c6-84cac4f6239c,Tourniquet,995,,,,,,,,,,
TOOL_HOVER,448611,6/7/2023 9:03,8ceb28a3-e268-4930-a1c6-84cac4f6239c,Tourniquet,995,,,,,,,,,,
TOOL_HOVER,448629,6/7/2023 9:03,8ceb28a3-e268-4930-a1c6-84cac4f6239c,Tourniquet,995,,,,,,,,,,
TOOL_HOVER,448645,6/7/2023 9:03,8ceb28a3-e268-4930-a1c6-84cac4f6239c,Tourniquet,995,,,,,,,,,,
TOOL_HOVER,448664,6/7/2023 9:03,8ceb28a3-e268-4930-a1c6-84cac4f6239c,Tourniquet,995,,,,,,,,,,
TOOL_HOVER,448678,6/7/2023 9:03,8ceb28a3-e268-4930-a1c6-84cac4f6239c,Tourniquet,995,,,,,,,,,,
TOOL_HOVER,448695,6/7/2023 9:03,8ceb28a3-e268-4930-a1c6-84cac4f6239c,Tourniquet,995,,,,,,,,,,
TOOL_HOVER,448711,6/7/2023 9:03,8ceb28a3-e268-4930-a1c6-84cac4f6239c,Tourniquet,995,,,,,,,,,,
TOOL_HOVER,448728,6/7/2023 9:03,8ceb28a3-e268-4930-a1c6-84cac4f6239c,Tourniquet,995,,,,,,,,,,
TOOL_HOVER,448744,6/7/2023 9:03,8ceb28a3-e268-4930-a1c6-84cac4f6239c,Tourniquet,995,,,,,,,,,,
TOOL_HOVER,448762,6/7/2023 9:03,8ceb28a3-e268-4930-a1c6-84cac4f6239c,Tourniquet,995,,,,,,,,,,
TOOL_HOVER,448780,6/7/2023 9:03,8ceb28a3-e268-4930-a1c6-84cac4f6239c,Tourniquet,995,,,,,,,,,,
TOOL_HOVER,448795,6/7/2023 9:03,8ceb28a3-e268-4930-a1c6-84cac4f6239c,Tourniquet,995,,,,,,,,,,
TOOL_HOVER,448812,6/7/2023 9:03,8ceb28a3-e268-4930-a1c6-84cac4f6239c,Tourniquet,995,,,,,,,,,,
TOOL_HOVER,450032,6/7/2023 9:03,8ceb28a3-e268-4930-a1c6-84cac4f6239c,Tourniquet,995,,,,,,,,,,
TOOL_HOVER,450050,6/7/2023 9:03,8ceb28a3-e268-4930-a1c6-84cac4f6239c,Tourniquet,995,,,,,,,,,,
TOOL_HOVER,450064,6/7/2023 9:03,8ceb28a3-e268-4930-a1c6-84cac4f6239c,Tourniquet,995,,,,,,,,,,
TOOL_HOVER,450081,6/7/2023 9:03,8ceb28a3-e268-4930-a1c6-84cac4f6239c,Tourniquet,995,,,,,,,,,,
TOOL_HOVER,450099,6/7/2023 9:03,8ceb28a3-e268-4930-a1c6-84cac4f6239c,Tourniquet,995,,,,,,,,,,
TOOL_HOVER,450114,6/7/2023 9:03,8ceb28a3-e268-4930-a1c6-84cac4f6239c,Tourniquet,995,,,,,,,,,,
TOOL_SELECTED,450115,6/7/2023 9:03,8ceb28a3-e268-4930-a1c6-84cac4f6239c,Tourniquet,994,,,,,,,,,,
INJURY_TREATED,451065,6/7/2023 9:03,8ceb28a3-e268-4930-a1c6-84cac4f6239c,L Forearm Laceration,Gloria_8 Root,gauzePressure,low,leftArm,FALSE,TRUE,"(4.0, 0.9, -2.6)",,,,
TOOL_APPLIED,451066,6/7/2023 9:03,8ceb28a3-e268-4930-a1c6-84cac4f6239c,Gloria_8 Root,Tourniquet,LeftArm (UnityEngine.GameObject),tor_ring (1) (UnityEngine.GameObject),tourniquet(Clone) (UnityEngine.GameObject),AppliedTourniquet,,,,,,
TOOL_HOVER,455726,6/7/2023 9:04,8ceb28a3-e268-4930-a1c6-84cac4f6239c,Hemostatic Gauze,999,,,,,,,,,,
TOOL_SELECTED,455727,6/7/2023 9:04,8ceb28a3-e268-4930-a1c6-84cac4f6239c,Hemostatic Gauze,998,,,,,,,,,,
VOICE_CAPTURE,456764,6/7/2023 9:04,8ceb28a3-e268-4930-a1c6-84cac4f6239c,oh,NA,,,,,,,,,,
TOOL_DISCARDED,457583,6/7/2023 9:04,8ceb28a3-e268-4930-a1c6-84cac4f6239c,Hemostatic Gauze,998,"(3.1, 1.6, -2.3)",,,,,,,,,
TOOL_DISCARDED,457583,6/7/2023 9:04,8ceb28a3-e268-4930-a1c6-84cac4f6239c,Hemostatic Gauze,999,"(3.1, 1.6, -2.3)",,,,,,,,,
TOOL_HOVER,457632,6/7/2023 9:04,8ceb28a3-e268-4930-a1c6-84cac4f6239c,Hemostatic Gauze,1000,,,,,,,,,,
TOOL_HOVER,457649,6/7/2023 9:04,8ceb28a3-e268-4930-a1c6-84cac4f6239c,Hemostatic Gauze,1000,,,,,,,,,,
TOOL_HOVER,457667,6/7/2023 9:04,8ceb28a3-e268-4930-a1c6-84cac4f6239c,Hemostatic Gauze,1000,,,,,,,,,,
TOOL_HOVER,457686,6/7/2023 9:04,8ceb28a3-e268-4930-a1c6-84cac4f6239c,Hemostatic Gauze,1000,,,,,,,,,,
TOOL_HOVER,457699,6/7/2023 9:04,8ceb28a3-e268-4930-a1c6-84cac4f6239c,Hemostatic Gauze,1000,,,,,,,,,,
TOOL_HOVER,457718,6/7/2023 9:04,8ceb28a3-e268-4930-a1c6-84cac4f6239c,Hemostatic Gauze,1000,,,,,,,,,,
TOOL_HOVER,459529,6/7/2023 9:04,8ceb28a3-e268-4930-a1c6-84cac4f6239c,Gauze,1001,,,,,,,,,,
TOOL_HOVER,459545,6/7/2023 9:04,8ceb28a3-e268-4930-a1c6-84cac4f6239c,Gauze,1001,,,,,,,,,,
TOOL_HOVER,459561,6/7/2023 9:04,8ceb28a3-e268-4930-a1c6-84cac4f6239c,Gauze,1001,,,,,,,,,,
TOOL_HOVER,459578,6/7/2023 9:04,8ceb28a3-e268-4930-a1c6-84cac4f6239c,Gauze,1001,,,,,,,,,,
TOOL_HOVER,459596,6/7/2023 9:04,8ceb28a3-e268-4930-a1c6-84cac4f6239c,Gauze,1001,,,,,,,,,,
TOOL_HOVER,459612,6/7/2023 9:04,8ceb28a3-e268-4930-a1c6-84cac4f6239c,Gauze,1001,,,,,,,,,,
TOOL_HOVER,459630,6/7/2023 9:04,8ceb28a3-e268-4930-a1c6-84cac4f6239c,Gauze,1001,,,,,,,,,,
TOOL_HOVER,459645,6/7/2023 9:04,8ceb28a3-e268-4930-a1c6-84cac4f6239c,Gauze,1001,,,,,,,,,,
TOOL_HOVER,459661,6/7/2023 9:04,8ceb28a3-e268-4930-a1c6-84cac4f6239c,Gauze,1001,,,,,,,,,,
TOOL_HOVER,459680,6/7/2023 9:04,8ceb28a3-e268-4930-a1c6-84cac4f6239c,Gauze,1001,,,,,,,,,,
TOOL_HOVER,459698,6/7/2023 9:04,8ceb28a3-e268-4930-a1c6-84cac4f6239c,Gauze,1001,,,,,,,,,,
TOOL_HOVER,459713,6/7/2023 9:04,8ceb28a3-e268-4930-a1c6-84cac4f6239c,Gauze,1001,,,,,,,,,,
TOOL_HOVER,459730,6/7/2023 9:04,8ceb28a3-e268-4930-a1c6-84cac4f6239c,Gauze,1001,,,,,,,,,,
TOOL_HOVER,459745,6/7/2023 9:04,8ceb28a3-e268-4930-a1c6-84cac4f6239c,Gauze,1001,,,,,,,,,,
TOOL_HOVER,459763,6/7/2023 9:04,8ceb28a3-e268-4930-a1c6-84cac4f6239c,Gauze,1001,,,,,,,,,,
TOOL_HOVER,459781,6/7/2023 9:04,8ceb28a3-e268-4930-a1c6-84cac4f6239c,Gauze,1001,,,,,,,,,,
TOOL_SELECTED,459782,6/7/2023 9:04,8ceb28a3-e268-4930-a1c6-84cac4f6239c,Gauze,1000,,,,,,,,,,
TOOL_DISCARDED,460798,6/7/2023 9:04,8ceb28a3-e268-4930-a1c6-84cac4f6239c,Gauze,1000,"(4.2, 0.9, -2.5)",,,,,,,,,
TOOL_APPLIED,460798,6/7/2023 9:04,8ceb28a3-e268-4930-a1c6-84cac4f6239c,Gloria_8 Root,Gauze_Dressing,skinCollider_Body_LOD (UnityEngine.GameObject),null,null,AppliedDressingGauze,,,,,,
TOOL_HOVER,462736,6/7/2023 9:04,8ceb28a3-e268-4930-a1c6-84cac4f6239c,Gauze,1001,,,,,,,,,,
TOOL_HOVER,462754,6/7/2023 9:04,8ceb28a3-e268-4930-a1c6-84cac4f6239c,Gauze,1001,,,,,,,,,,
TOOL_HOVER,462769,6/7/2023 9:04,8ceb28a3-e268-4930-a1c6-84cac4f6239c,Gauze,1001,,,,,,,,,,
TOOL_HOVER,462788,6/7/2023 9:04,8ceb28a3-e268-4930-a1c6-84cac4f6239c,Gauze,1001,,,,,,,,,,
TOOL_SELECTED,462789,6/7/2023 9:04,8ceb28a3-e268-4930-a1c6-84cac4f6239c,Gauze,1000,,,,,,,,,,
TOOL_DISCARDED,466194,6/7/2023 9:04,8ceb28a3-e268-4930-a1c6-84cac4f6239c,Gauze,1000,"(4.0, 0.9, -2.5)",,,,,,,,,
INJURY_TREATED,466195,6/7/2023 9:04,8ceb28a3-e268-4930-a1c6-84cac4f6239c,L Forearm Laceration,Gloria_8 Root,gauzePressure,low,leftArm,TRUE,TRUE,"(4.0, 0.9, -2.5)",,,,
TOOL_APPLIED,466196,6/7/2023 9:04,8ceb28a3-e268-4930-a1c6-84cac4f6239c,Gloria_8 Root,Gauze_Dressing,skinCollider_Body_LOD (UnityEngine.GameObject),null,null,AppliedDressingGauze,,,,,,
TAG_SELECTED,469170,6/7/2023 9:04,8ceb28a3-e268-4930-a1c6-84cac4f6239c,green,,,,,,,,,,,
TAG_APPLIED,471623,6/7/2023 9:04,8ceb28a3-e268-4930-a1c6-84cac4f6239c,Gloria_8 Root,green,,,,,,,,,,
BAG_CLOSED,473682,6/7/2023 9:04,8ceb28a3-e268-4930-a1c6-84cac4f6239c,"(3.6, 0.8, -1.8)",,,,,,,,,,,
TELEPORT,473682,6/7/2023 9:04,8ceb28a3-e268-4930-a1c6-84cac4f6239c,"(1.9, 0.0, -0.9)",,,,,,,,,,,
PATIENT_ENGAGED,476337,6/7/2023 9:04,8ceb28a3-e268-4930-a1c6-84cac4f6239c,100,0,Gary_9 Root,"(2.9, 0.0, 9.1)","(0.0, 1.0, 0.0, -0.3)",MINIMAL,walker,normal,normal,limited,calm,standing
VOICE_CAPTURE,479813,6/7/2023 9:04,8ceb28a3-e268-4930-a1c6-84cac4f6239c,are you hurt,NA,,,,,,,,,,
VOICE_COMMAND,479813,6/7/2023 9:04,8ceb28a3-e268-4930-a1c6-84cac4f6239c,are you hurt,are you hurt,,,,,,,,,,
TELEPORT,482583,6/7/2023 9:04,8ceb28a3-e268-4930-a1c6-84cac4f6239c,"(1.1, 0.0, 9.0)",,,,,,,,,,,
VOICE_CAPTURE,484606,6/7/2023 9:04,8ceb28a3-e268-4930-a1c6-84cac4f6239c,Can't hear,NA,,,,,,,,,,
VOICE_CAPTURE,490055,6/7/2023 9:04,8ceb28a3-e268-4930-a1c6-84cac4f6239c,OK whoops,NA,,,,,,,,,,
BAG_ACCESS,490787,6/7/2023 9:04,8ceb28a3-e268-4930-a1c6-84cac4f6239c,"(3.8, 0.8, 8.5)",,,,,,,,,,,
PULSE_TAKEN,491271,6/7/2023 9:04,8ceb28a3-e268-4930-a1c6-84cac4f6239c,pulse_normal,Gary_9 Root,,,,,,,,,,
TAG_SELECTED,496617,6/7/2023 9:04,8ceb28a3-e268-4930-a1c6-84cac4f6239c,green,,,,,,,,,,,
VOICE_CAPTURE,497284,6/7/2023 9:04,8ceb28a3-e268-4930-a1c6-84cac4f6239c,OK,NA,,,,,,,,,,
TAG_APPLIED,497670,6/7/2023 9:04,8ceb28a3-e268-4930-a1c6-84cac4f6239c,Gary_9 Root,green,,,,,,,,,,
BAG_CLOSED,502441,6/7/2023 9:04,8ceb28a3-e268-4930-a1c6-84cac4f6239c,"(3.8, 0.8, 8.5)",,,,,,,,,,,
TELEPORT,502441,6/7/2023 9:04,8ceb28a3-e268-4930-a1c6-84cac4f6239c,"(2.3, 0.0, 9.4)",,,,,,,,,,,
VOICE_CAPTURE,504176,6/7/2023 9:04,8ceb28a3-e268-4930-a1c6-84cac4f6239c,OK,NA,,,,,,,,,,
TELEPORT,509709,6/7/2023 9:04,8ceb28a3-e268-4930-a1c6-84cac4f6239c,"(0.0, 0.0, 6.8)",,,,,,,,,,,
PATIENT_ENGAGED,511647,6/7/2023 9:04,8ceb28a3-e268-4930-a1c6-84cac4f6239c,100,Infinity,Gloria_6 Root,"(-1.2, 0.0, 3.1)","(0.0, 0.4, 0.0, 0.9)",DELAYED,waver,fast,normal,normal,upset,fetal
BAG_ACCESS,512581,6/7/2023 9:05,8ceb28a3-e268-4930-a1c6-84cac4f6239c,"(-1.1, 0.8, 4.3)",,,,,,,,,,,
TAG_SELECTED,512932,6/7/2023 9:05,8ceb28a3-e268-4930-a1c6-84cac4f6239c,red,,,,,,,,,,,
TAG_DISCARDED,515337,6/7/2023 9:05,8ceb28a3-e268-4930-a1c6-84cac4f6239c,red,"(-1.3, 1.0, 4.3)",,,,,,,,,,
TAG_SELECTED,515790,6/7/2023 9:05,8ceb28a3-e268-4930-a1c6-84cac4f6239c,yellow,,,,,,,,,,,
TAG_APPLIED,517058,6/7/2023 9:05,8ceb28a3-e268-4930-a1c6-84cac4f6239c,Gloria_6 Root,yellow,,,,,,,,,,
BAG_CLOSED,522489,6/7/2023 9:05,8ceb28a3-e268-4930-a1c6-84cac4f6239c,"(-1.1, 0.8, 4.3)",,,,,,,,,,,
TELEPORT,522489,6/7/2023 9:05,8ceb28a3-e268-4930-a1c6-84cac4f6239c,"(-1.6, 0.0, 5.6)",,,,,,,,,,,
VOICE_CAPTURE,529242,6/7/2023 9:05,8ceb28a3-e268-4930-a1c6-84cac4f6239c,Oh OK I think I'm done,NA,,,,,,,,,,
SESSION_END,530061,6/7/2023 9:05,8ceb28a3-e268-4930-a1c6-84cac4f6239c,,,,,,,,,,,,
