TELEPORT,2626,6/23/2023 9:41,e0b7bea0-1cf9-42a8-a02c-e8699a962779,"(1.9, 0.0, 1.2)",,,,,,,,,,,
PATIENT_ENGAGED,3569,6/23/2023 9:41,e0b7bea0-1cf9-42a8-a02c-e8699a962779,100,128,Mike Root,"(3.1, 0.0, -1.0)","(0.0, 0.7, 0.0, -0.7)",MINIMAL,walker,normal,normal,normal,calm,standing
TELEPORT,6208,6/23/2023 9:41,e0b7bea0-1cf9-42a8-a02c-e8699a962779,"(3.1, 0.0, -0.6)",,,,,,,,,,,
VOICE_CAPTURE,61868,6/23/2023 9:42,e0b7bea0-1cf9-42a8-a02c-e8699a962779,Do you see how is she moving up into that Lewis center Delaware,NA,,,,,,,,,,
VOICE_CAPTURE,66850,6/23/2023 9:42,e0b7bea0-1cf9-42a8-a02c-e8699a962779,we're putting that pile,NA,,,,,,,,,,
VOICE_CAPTURE,69401,6/23/2023 9:42,e0b7bea0-1cf9-42a8-a02c-e8699a962779,advanced urgent care in,NA,,,,,,,,,,
VOICE_CAPTURE,72504,6/23/2023 9:42,e0b7bea0-1cf9-42a8-a02c-e8699a962779,is that like,NA,,,,,,,,,,
VOICE_CAPTURE,74489,6/23/2023 9:42,e0b7bea0-1cf9-42a8-a02c-e8699a962779,yes advanced urgent cares,NA,,,,,,,,,,
VOICE_CAPTURE,83006,6/23/2023 9:42,e0b7bea0-1cf9-42a8-a02c-e8699a962779,yeah Dublin New Albany and Max are all gonna have one there's gonna be more after that,NA,,,,,,,,,,
TELEPORT,112226,6/23/2023 9:43,e0b7bea0-1cf9-42a8-a02c-e8699a962779,"(1.6, 0.0, 1.9)",,,,,,,,,,,
VOICE_CAPTURE,114311,6/23/2023 9:43,e0b7bea0-1cf9-42a8-a02c-e8699a962779,It's a needs assessment,NA,,,,,,,,,,
TELEPORT,114330,6/23/2023 9:43,e0b7bea0-1cf9-42a8-a02c-e8699a962779,"(3.0, 0.0, -0.5)",,,,,,,,,,,
TELEPORT,116176,6/23/2023 9:43,e0b7bea0-1cf9-42a8-a02c-e8699a962779,"(2.0, 0.0, 7.0)",,,,,,,,,,,
BAG_ACCESS,118150,6/23/2023 9:43,e0b7bea0-1cf9-42a8-a02c-e8699a962779,"(2.9, 0.8, 0.6)",,,,,,,,,,,
TOOL_HOVER,118642,6/23/2023 9:43,e0b7bea0-1cf9-42a8-a02c-e8699a962779,Tourniquet,999,,,,,,,,,,
TOOL_HOVER,118659,6/23/2023 9:43,e0b7bea0-1cf9-42a8-a02c-e8699a962779,Tourniquet,999,,,,,,,,,,
TOOL_HOVER,118674,6/23/2023 9:43,e0b7bea0-1cf9-42a8-a02c-e8699a962779,Tourniquet,999,,,,,,,,,,
TOOL_HOVER,118691,6/23/2023 9:43,e0b7bea0-1cf9-42a8-a02c-e8699a962779,Tourniquet,999,,,,,,,,,,
TOOL_HOVER,118707,6/23/2023 9:43,e0b7bea0-1cf9-42a8-a02c-e8699a962779,Tourniquet,999,,,,,,,,,,
TOOL_HOVER,118727,6/23/2023 9:43,e0b7bea0-1cf9-42a8-a02c-e8699a962779,Tourniquet,999,,,,,,,,,,
TOOL_HOVER,118741,6/23/2023 9:43,e0b7bea0-1cf9-42a8-a02c-e8699a962779,Tourniquet,999,,,,,,,,,,
TOOL_SELECTED,118745,6/23/2023 9:43,e0b7bea0-1cf9-42a8-a02c-e8699a962779,Tourniquet,998,,,,,,,,,,
TOOL_DISCARDED,119401,6/23/2023 9:43,e0b7bea0-1cf9-42a8-a02c-e8699a962779,Tourniquet,998,"(3.0, 1.6, 0.2)",,,,,,,,,
TOOL_HOVER,119834,6/23/2023 9:43,e0b7bea0-1cf9-42a8-a02c-e8699a962779,Tourniquet,999,,,,,,,,,,
TOOL_HOVER,119850,6/23/2023 9:43,e0b7bea0-1cf9-42a8-a02c-e8699a962779,Tourniquet,999,,,,,,,,,,
TOOL_HOVER,119868,6/23/2023 9:43,e0b7bea0-1cf9-42a8-a02c-e8699a962779,Tourniquet,999,,,,,,,,,,
TOOL_HOVER,119933,6/23/2023 9:43,e0b7bea0-1cf9-42a8-a02c-e8699a962779,Gauze,999,,,,,,,,,,
TOOL_HOVER,119948,6/23/2023 9:43,e0b7bea0-1cf9-42a8-a02c-e8699a962779,Gauze,999,,,,,,,,,,
TOOL_HOVER,119965,6/23/2023 9:43,e0b7bea0-1cf9-42a8-a02c-e8699a962779,Gauze,999,,,,,,,,,,
TOOL_HOVER,119981,6/23/2023 9:43,e0b7bea0-1cf9-42a8-a02c-e8699a962779,Gauze,999,,,,,,,,,,
TOOL_HOVER,119998,6/23/2023 9:43,e0b7bea0-1cf9-42a8-a02c-e8699a962779,Gauze,999,,,,,,,,,,
TOOL_HOVER,120015,6/23/2023 9:43,e0b7bea0-1cf9-42a8-a02c-e8699a962779,Gauze,999,,,,,,,,,,
BAG_CLOSED,187485,6/23/2023 9:44,e0b7bea0-1cf9-42a8-a02c-e8699a962779,"(2.9, 0.8, 0.6)",,,,,,,,,,,
TELEPORT,187485,6/23/2023 9:44,e0b7bea0-1cf9-42a8-a02c-e8699a962779,"(3.1, 0.0, 0.6)",,,,,,,,,,,
TELEPORT,188518,6/23/2023 9:44,e0b7bea0-1cf9-42a8-a02c-e8699a962779,"(3.2, 0.0, 4.8)",,,,,,,,,,,
TELEPORT,189551,6/23/2023 9:44,e0b7bea0-1cf9-42a8-a02c-e8699a962779,"(3.2, 0.0, 8.1)",,,,,,,,,,,
TELEPORT,190798,6/23/2023 9:44,e0b7bea0-1cf9-42a8-a02c-e8699a962779,"(0.9, 0.0, 15.3)",,,,,,,,,,,
TELEPORT,193096,6/23/2023 9:44,e0b7bea0-1cf9-42a8-a02c-e8699a962779,"(1.6, 0.0, 25.3)",,,,,,,,,,,
TELEPORT,195768,6/23/2023 9:44,e0b7bea0-1cf9-42a8-a02c-e8699a962779,"(4.2, 0.0, 32.3)",,,,,,,,,,,
TELEPORT,201761,6/23/2023 9:44,e0b7bea0-1cf9-42a8-a02c-e8699a962779,"(-1.0, 0.0, 23.1)",,,,,,,,,,,
TELEPORT,206128,6/23/2023 9:44,e0b7bea0-1cf9-42a8-a02c-e8699a962779,"(0.9, 0.0, 14.2)",,,,,,,,,,,
TELEPORT,207244,6/23/2023 9:44,e0b7bea0-1cf9-42a8-a02c-e8699a962779,"(2.2, 0.0, 4.3)",,,,,,,,,,,
VOICE_CAPTURE,212297,6/23/2023 9:44,e0b7bea0-1cf9-42a8-a02c-e8699a962779,Good to go,NA,,,,,,,,,,
PULSE_TAKEN,213417,6/23/2023 9:45,e0b7bea0-1cf9-42a8-a02c-e8699a962779,pulse_normal,Mike Root,,,,,,,,,,
PULSE_TAKEN,213500,6/23/2023 9:45,e0b7bea0-1cf9-42a8-a02c-e8699a962779,pulse_normal,Mike Root,,,,,,,,,,
VOICE_CAPTURE,213585,6/23/2023 9:45,e0b7bea0-1cf9-42a8-a02c-e8699a962779,here,NA,,,,,,,,,,
PULSE_TAKEN,214411,6/23/2023 9:45,e0b7bea0-1cf9-42a8-a02c-e8699a962779,pulse_normal,Mike Root,,,,,,,,,,
VOICE_CAPTURE,218946,6/23/2023 9:45,e0b7bea0-1cf9-42a8-a02c-e8699a962779,I think the connection,NA,,,,,,,,,,
VOICE_CAPTURE,222973,6/23/2023 9:45,e0b7bea0-1cf9-42a8-a02c-e8699a962779,yeah,NA,,,,,,,,,,
VOICE_CAPTURE,226308,6/23/2023 9:45,e0b7bea0-1cf9-42a8-a02c-e8699a962779,here,NA,,,,,,,,,,
VOICE_CAPTURE,228245,6/23/2023 9:45,e0b7bea0-1cf9-42a8-a02c-e8699a962779,Yep,NA,,,,,,,,,,
VOICE_CAPTURE,231653,6/23/2023 9:45,e0b7bea0-1cf9-42a8-a02c-e8699a962779,try to make this one work for you,NA,,,,,,,,,,
VOICE_CAPTURE,243808,6/23/2023 9:45,e0b7bea0-1cf9-42a8-a02c-e8699a962779,that man,NA,,,,,,,,,,
PATIENT_DEMOTED,247383,6/23/2023 9:45,e0b7bea0-1cf9-42a8-a02c-e8699a962779,100,Infinity,Bob_0 Root,"(-1.4, 0.0, 5.6)","(0.0, 0.7, 0.0, 0.7)",EXPECTANT,still,faint,restricted,none,unresponsive,supine
PATIENT_DEMOTED,247585,6/23/2023 9:45,e0b7bea0-1cf9-42a8-a02c-e8699a962779,100,Infinity,Bob_0 Root,"(-1.5, 0.0, 5.6)","(0.0, 0.7, 0.0, 0.7)",DEAD,still,none,none,none,dead,supine
PATIENT_DEMOTED,247717,6/23/2023 9:45,e0b7bea0-1cf9-42a8-a02c-e8699a962779,100,Infinity,Gary_1 Root,"(1.7, 0.0, 7.4)","(0.0, 1.0, 0.0, 0.0)",EXPECTANT,still,faint,restricted,none,unresponsive,supine
PATIENT_DEMOTED,248455,6/23/2023 9:45,e0b7bea0-1cf9-42a8-a02c-e8699a962779,100,Infinity,Lily_2 Root,"(2.8, 0.0, 4.3)","(0.0, 1.0, 0.0, 0.0)",IMMEDIATE,waver,fast,fast,normal,agony,fetal
PATIENT_DEMOTED,249115,6/23/2023 9:45,e0b7bea0-1cf9-42a8-a02c-e8699a962779,100,0,Gary_3 Root,"(0.3, 0.0, 1.6)","(0.0, 0.0, 0.0, 1.0)",IMMEDIATE,still,faint,collapsedRight,normal,unresponsive,supine
PATIENT_DEMOTED,249695,6/23/2023 9:45,e0b7bea0-1cf9-42a8-a02c-e8699a962779,100,Infinity,Lily_4 Root,"(1.2, 0.0, 6.3)","(0.0, 1.0, 0.0, 0.0)",IMMEDIATE,waver,fast,normal,normal,upset,fetal
PATIENT_DEMOTED,250543,6/23/2023 9:45,e0b7bea0-1cf9-42a8-a02c-e8699a962779,100,Infinity,Mike_5 Root,"(2.4, 0.0, 2.3)","(0.0, 1.0, 0.0, 0.0)",IMMEDIATE,waver,fast,normal,normal,upset,fetal
PATIENT_DEMOTED,251080,6/23/2023 9:45,e0b7bea0-1cf9-42a8-a02c-e8699a962779,100,Infinity,Gloria_6 Root,"(-1.0, 0.0, 2.9)","(0.0, 0.4, 0.0, 0.9)",DELAYED,waver,fast,normal,normal,upset,fetal
PATIENT_DEMOTED,251791,6/23/2023 9:45,e0b7bea0-1cf9-42a8-a02c-e8699a962779,100,Infinity,Mike_7 Root,"(1.7, 0.0, 3.9)","(0.0, 0.1, 0.0, 1.0)",IMMEDIATE,waver,fast,normal,normal,upset,sittingGround
PATIENT_DEMOTED,252179,6/23/2023 9:45,e0b7bea0-1cf9-42a8-a02c-e8699a962779,100,Infinity,Mike_7 Root,"(1.0, 0.0, 3.7)","(0.0, 0.1, 0.0, 1.0)",DELAYED,waver,fast,normal,normal,upset,sittingGround
VOICE_CAPTURE,252949,6/23/2023 9:45,e0b7bea0-1cf9-42a8-a02c-e8699a962779,virus we're starting over,NA,,,,,,,,,,
SESSION_START,256710,6/23/2023 9:45,e0b7bea0-1cf9-42a8-a02c-e8699a962779,,,,,,,,,,,,
PATIENT_RECORD,256710,6/23/2023 9:45,e0b7bea0-1cf9-42a8-a02c-e8699a962779,100,Infinity,Bob_0 Root,"(-1.7, 0.0, 5.7)","(0.0, 0.7, 0.0, 0.7)",DEAD,still,none,none,none,dead,supine
INJURY_RECORD,256710,6/23/2023 9:45,e0b7bea0-1cf9-42a8-a02c-e8699a962779,Face Shrapnel,Bob_0 Root,airway,high,head,FALSE,FALSE,"(-1.8, 1.7, 5.6)",,,,
INJURY_RECORD,256711,6/23/2023 9:45,e0b7bea0-1cf9-42a8-a02c-e8699a962779,L Wrist Amputation,Bob_0 Root,tourniquet,high,leftArm,FALSE,FALSE,"(-1.8, 1.4, 6.3)",,,,
INJURY_RECORD,256711,6/23/2023 9:45,e0b7bea0-1cf9-42a8-a02c-e8699a962779,L Chest Collapse,Bob_0 Root,decompress,high,chest,FALSE,FALSE,"(0.0, 0.0, 0.0)",,,,
INJURY_RECORD,256711,6/23/2023 9:45,e0b7bea0-1cf9-42a8-a02c-e8699a962779,L Stomach Puncture,Bob_0 Root,woundpack,high,abdomen,FALSE,FALSE,"(-1.6, 1.1, 5.7)",,,,
INJURY_RECORD,256711,6/23/2023 9:45,e0b7bea0-1cf9-42a8-a02c-e8699a962779,R Shin Amputation,Bob_0 Root,tourniquet,high,rightLeg,FALSE,FALSE,"(-1.7, 0.4, 5.6)",,,,
INJURY_RECORD,256711,6/23/2023 9:45,e0b7bea0-1cf9-42a8-a02c-e8699a962779,L Thigh Laceration,Bob_0 Root,tourniquet,medium,leftLeg,FALSE,FALSE,"(-1.6, 0.7, 5.8)",,,,
PATIENT_RECORD,256711,6/23/2023 9:45,e0b7bea0-1cf9-42a8-a02c-e8699a962779,100,Infinity,Gary_1 Root,"(1.6, 0.0, 7.6)","(0.0, 1.0, 0.0, 0.0)",EXPECTANT,still,none,restricted,none,unresponsive,supine
INJURY_RECORD,256711,6/23/2023 9:45,e0b7bea0-1cf9-42a8-a02c-e8699a962779,Face Shrapnel,Gary_1 Root,airway,high,head,FALSE,FALSE,"(1.6, 1.7, 7.7)",,,,
PATIENT_RECORD,256711,6/23/2023 9:45,e0b7bea0-1cf9-42a8-a02c-e8699a962779,100,Infinity,Lily_2 Root,"(3.0, 0.0, 4.5)","(0.0, 1.0, 0.0, 0.0)",IMMEDIATE,waver,fast,fast,normal,agony,fetal
INJURY_RECORD,256711,6/23/2023 9:45,e0b7bea0-1cf9-42a8-a02c-e8699a962779,R Shin Amputation,Lily_2 Root,tourniquet,high,rightLeg,FALSE,FALSE,"(2.9, 0.4, 4.5)",,,,
PATIENT_RECORD,256711,6/23/2023 9:45,e0b7bea0-1cf9-42a8-a02c-e8699a962779,100,0,Gary_3 Root,"(0.4, 0.0, 1.7)","(0.0, 0.0, 0.0, 1.0)",IMMEDIATE,still,faint,collapsedRight,normal,unresponsive,supine
INJURY_RECORD,256711,6/23/2023 9:45,e0b7bea0-1cf9-42a8-a02c-e8699a962779,R Chest Collapse,Gary_3 Root,decompress,high,chest,FALSE,FALSE,"(0.0, 0.0, 0.0)",,,,
PATIENT_RECORD,256711,6/23/2023 9:45,e0b7bea0-1cf9-42a8-a02c-e8699a962779,100,Infinity,Lily_4 Root,"(1.2, 0.0, 6.2)","(0.0, 1.0, 0.0, 0.0)",IMMEDIATE,waver,fast,normal,normal,upset,fetal
INJURY_RECORD,256711,6/23/2023 9:45,e0b7bea0-1cf9-42a8-a02c-e8699a962779,L Side Puncture,Lily_4 Root,woundpack,medium,abdomen,FALSE,FALSE,"(1.3, 1.0, 6.2)",,,,
PATIENT_RECORD,256711,6/23/2023 9:45,e0b7bea0-1cf9-42a8-a02c-e8699a962779,100,Infinity,Mike_5 Root,"(2.7, 0.0, 2.3)","(0.0, 1.0, 0.0, 0.0)",IMMEDIATE,waver,fast,normal,normal,upset,fetal
INJURY_RECORD,256711,6/23/2023 9:45,e0b7bea0-1cf9-42a8-a02c-e8699a962779,R Side Puncture,Mike_5 Root,woundpack,medium,abdomen,FALSE,FALSE,"(2.6, 1.1, 2.2)",,,,
INJURY_RECORD,256711,6/23/2023 9:45,e0b7bea0-1cf9-42a8-a02c-e8699a962779,R Thigh Laceration,Mike_5 Root,tourniquet,medium,rightLeg,FALSE,FALSE,"(2.5, 0.6, 2.2)",,,,
PATIENT_RECORD,256711,6/23/2023 9:45,e0b7bea0-1cf9-42a8-a02c-e8699a962779,100,Infinity,Gloria_6 Root,"(-1.2, 0.0, 3.1)","(0.0, 0.4, 0.0, 0.9)",DELAYED,waver,fast,normal,normal,upset,fetal
INJURY_RECORD,256711,6/23/2023 9:45,e0b7bea0-1cf9-42a8-a02c-e8699a962779,R Calf Shrapnel,Gloria_6 Root,gauzePressure,medium,rightLeg,FALSE,FALSE,"(-1.1, 0.3, 3.0)",,,,
PATIENT_RECORD,256711,6/23/2023 9:45,e0b7bea0-1cf9-42a8-a02c-e8699a962779,100,Infinity,Mike_7 Root,"(1.3, 0.0, 3.4)","(0.0, 0.1, 0.0, 1.0)",DELAYED,waver,fast,normal,normal,upset,sittingGround
INJURY_RECORD,256711,6/23/2023 9:45,e0b7bea0-1cf9-42a8-a02c-e8699a962779,L Thigh Puncture,Mike_7 Root,tourniquet,medium,leftLeg,FALSE,FALSE,"(1.3, 0.6, 3.5)",,,,
INJURY_RECORD,256711,6/23/2023 9:45,e0b7bea0-1cf9-42a8-a02c-e8699a962779,R Calf Laceration,Mike_7 Root,gauzePressure,low,rightLeg,FALSE,FALSE,"(1.4, 0.3, 3.4)",,,,
PATIENT_RECORD,256711,6/23/2023 9:45,e0b7bea0-1cf9-42a8-a02c-e8699a962779,100,Infinity,Gloria_8 Root,"(3.7, 0.0, 6.0)","(0.0, 1.0, 0.0, 0.0)",MINIMAL,walker,normal,normal,normal,upset,sittingGround
INJURY_RECORD,256711,6/23/2023 9:45,e0b7bea0-1cf9-42a8-a02c-e8699a962779,L Forearm Laceration,Gloria_8 Root,gauzePressure,low,leftArm,FALSE,FALSE,"(4.2, 1.2, 6.0)",,,,
PATIENT_RECORD,256711,6/23/2023 9:45,e0b7bea0-1cf9-42a8-a02c-e8699a962779,100,0,Gary_9 Root,"(2.9, 0.0, 9.0)","(0.0, 1.0, 0.0, 0.0)",MINIMAL,walker,normal,normal,limited,calm,standing
INJURY_RECORD,256711,6/23/2023 9:45,e0b7bea0-1cf9-42a8-a02c-e8699a962779,Ear Bleed,Gary_9 Root,none,low,head,FALSE,FALSE,"(0.0, 0.0, 0.0)",,,,
PATIENT_RECORD,256711,6/23/2023 9:45,e0b7bea0-1cf9-42a8-a02c-e8699a962779,100,Infinity,Helga_10 Root,"(3.9, 0.0, 8.0)","(0.0, 1.0, 0.0, 0.0)",MINIMAL,walker,normal,normal,normal,calm,sittingGround
INJURY_RECORD,256711,6/23/2023 9:45,e0b7bea0-1cf9-42a8-a02c-e8699a962779,Forehead Scrape,Helga_10 Root,none,low,head,FALSE,FALSE,"(4.0, 1.5, 7.9)",,,,
VOICE_CAPTURE,258216,6/23/2023 9:45,e0b7bea0-1cf9-42a8-a02c-e8699a962779,I think I can tell you which ones are gonna walk this time,NA,,,,,,,,,,
VOICE_COMMAND,258216,6/23/2023 9:45,e0b7bea0-1cf9-42a8-a02c-e8699a962779,walk to the safe area,I think I can tell you which ones are gonna walk this time,,,,,,,,,,
S_A_L_T_WALK_IF_CAN,258218,6/23/2023 9:45,e0b7bea0-1cf9-42a8-a02c-e8699a962779,"(3.0, 0.0, 4.5)",walkIfCan,Lily_2 Root,,,,,,,,,
S_A_L_T_WALK_IF_CAN,258219,6/23/2023 9:45,e0b7bea0-1cf9-42a8-a02c-e8699a962779,"(1.2, 0.0, 6.2)",walkIfCan,Lily_4 Root,,,,,,,,,
S_A_L_T_WALK_IF_CAN,258219,6/23/2023 9:45,e0b7bea0-1cf9-42a8-a02c-e8699a962779,"(2.7, 0.0, 2.3)",walkIfCan,Mike_5 Root,,,,,,,,,
S_A_L_T_WALK_IF_CAN,258219,6/23/2023 9:45,e0b7bea0-1cf9-42a8-a02c-e8699a962779,"(-1.2, 0.0, 3.1)",walkIfCan,Gloria_6 Root,,,,,,,,,
S_A_L_T_WALK_IF_CAN,258219,6/23/2023 9:45,e0b7bea0-1cf9-42a8-a02c-e8699a962779,"(1.3, 0.0, 3.4)",walkIfCan,Mike_7 Root,,,,,,,,,
S_A_L_T_WALK_IF_CAN,258219,6/23/2023 9:45,e0b7bea0-1cf9-42a8-a02c-e8699a962779,"(3.7, 0.0, 6.0)",walkIfCan,Gloria_8 Root,,,,,,,,,
S_A_L_T_WALKED,258219,6/23/2023 9:45,e0b7bea0-1cf9-42a8-a02c-e8699a962779,"(3.7, 0.0, 6.0)",walked,Gloria_8 Root,,,,,,,,,
S_A_L_T_WALK_IF_CAN,258219,6/23/2023 9:45,e0b7bea0-1cf9-42a8-a02c-e8699a962779,"(3.9, 0.0, 8.0)",walkIfCan,Helga_10 Root,,,,,,,,,
S_A_L_T_WALKED,258219,6/23/2023 9:45,e0b7bea0-1cf9-42a8-a02c-e8699a962779,"(3.9, 0.0, 8.0)",walked,Helga_10 Root,,,,,,,,,
VOICE_CAPTURE,262377,6/23/2023 9:45,e0b7bea0-1cf9-42a8-a02c-e8699a962779,there they go,NA,,,,,,,,,,
VOICE_CAPTURE,263462,6/23/2023 9:45,e0b7bea0-1cf9-42a8-a02c-e8699a962779,wave,NA,,,,,,,,,,
VOICE_COMMAND,263462,6/23/2023 9:45,e0b7bea0-1cf9-42a8-a02c-e8699a962779,wave if you can,wave,,,,,,,,,,
S_A_L_T_WAVE_IF_CAN,263463,6/23/2023 9:45,e0b7bea0-1cf9-42a8-a02c-e8699a962779,"(3.0, 0.0, 4.5)",waveIfCan,Lily_2 Root,,,,,,,,,
S_A_L_T_WAVED,263463,6/23/2023 9:45,e0b7bea0-1cf9-42a8-a02c-e8699a962779,"(3.0, 0.0, 4.5)",waved,Lily_2 Root,,,,,,,,,
S_A_L_T_WAVE_IF_CAN,263463,6/23/2023 9:45,e0b7bea0-1cf9-42a8-a02c-e8699a962779,"(1.2, 0.0, 6.2)",waveIfCan,Lily_4 Root,,,,,,,,,
S_A_L_T_WAVED,263463,6/23/2023 9:45,e0b7bea0-1cf9-42a8-a02c-e8699a962779,"(1.2, 0.0, 6.2)",waved,Lily_4 Root,,,,,,,,,
S_A_L_T_WAVE_IF_CAN,263463,6/23/2023 9:45,e0b7bea0-1cf9-42a8-a02c-e8699a962779,"(2.7, 0.0, 2.3)",waveIfCan,Mike_5 Root,,,,,,,,,
S_A_L_T_WAVED,263463,6/23/2023 9:45,e0b7bea0-1cf9-42a8-a02c-e8699a962779,"(2.7, 0.0, 2.3)",waved,Mike_5 Root,,,,,,,,,
S_A_L_T_WAVE_IF_CAN,263463,6/23/2023 9:45,e0b7bea0-1cf9-42a8-a02c-e8699a962779,"(-1.2, 0.0, 3.1)",waveIfCan,Gloria_6 Root,,,,,,,,,
S_A_L_T_WAVED,263463,6/23/2023 9:45,e0b7bea0-1cf9-42a8-a02c-e8699a962779,"(-1.2, 0.0, 3.1)",waved,Gloria_6 Root,,,,,,,,,
S_A_L_T_WAVE_IF_CAN,263463,6/23/2023 9:45,e0b7bea0-1cf9-42a8-a02c-e8699a962779,"(1.3, 0.0, 3.4)",waveIfCan,Mike_7 Root,,,,,,,,,
S_A_L_T_WAVED,263463,6/23/2023 9:45,e0b7bea0-1cf9-42a8-a02c-e8699a962779,"(1.3, 0.0, 3.4)",waved,Mike_7 Root,,,,,,,,,
S_A_L_T_WAVE_IF_CAN,263463,6/23/2023 9:45,e0b7bea0-1cf9-42a8-a02c-e8699a962779,"(4.3, 0.0, 2.8)",waveIfCan,Gloria_8 Root,,,,,,,,,
S_A_L_T_WAVE_IF_CAN,263463,6/23/2023 9:45,e0b7bea0-1cf9-42a8-a02c-e8699a962779,"(2.4, 0.0, 4.6)",waveIfCan,Helga_10 Root,,,,,,,,,
S_A_L_T_WALK_IF_CAN,263477,6/23/2023 9:45,e0b7bea0-1cf9-42a8-a02c-e8699a962779,"(3.0, 0.0, 4.5)",walkIfCan,Lily_2 Root,,,,,,,,,
S_A_L_T_WALK_IF_CAN,263477,6/23/2023 9:45,e0b7bea0-1cf9-42a8-a02c-e8699a962779,"(1.2, 0.0, 6.2)",walkIfCan,Lily_4 Root,,,,,,,,,
S_A_L_T_WALK_IF_CAN,263477,6/23/2023 9:45,e0b7bea0-1cf9-42a8-a02c-e8699a962779,"(2.7, 0.0, 2.3)",walkIfCan,Mike_5 Root,,,,,,,,,
S_A_L_T_WALK_IF_CAN,263477,6/23/2023 9:45,e0b7bea0-1cf9-42a8-a02c-e8699a962779,"(-1.2, 0.0, 3.1)",walkIfCan,Gloria_6 Root,,,,,,,,,
S_A_L_T_WALK_IF_CAN,263477,6/23/2023 9:45,e0b7bea0-1cf9-42a8-a02c-e8699a962779,"(1.3, 0.0, 3.4)",walkIfCan,Mike_7 Root,,,,,,,,,
S_A_L_T_WALK_IF_CAN,263477,6/23/2023 9:45,e0b7bea0-1cf9-42a8-a02c-e8699a962779,"(4.3, 0.0, 2.8)",walkIfCan,Gloria_8 Root,,,,,,,,,
S_A_L_T_WALKED,263477,6/23/2023 9:45,e0b7bea0-1cf9-42a8-a02c-e8699a962779,"(4.3, 0.0, 2.8)",walked,Gloria_8 Root,,,,,,,,,
S_A_L_T_WALK_IF_CAN,263477,6/23/2023 9:45,e0b7bea0-1cf9-42a8-a02c-e8699a962779,"(2.4, 0.0, 4.5)",walkIfCan,Helga_10 Root,,,,,,,,,
S_A_L_T_WALKED,263478,6/23/2023 9:45,e0b7bea0-1cf9-42a8-a02c-e8699a962779,"(2.4, 0.0, 4.5)",walked,Helga_10 Root,,,,,,,,,
VOICE_CAPTURE,266786,6/23/2023 9:45,e0b7bea0-1cf9-42a8-a02c-e8699a962779,alright if you can wave wave,NA,,,,,,,,,,
VOICE_COMMAND,266786,6/23/2023 9:45,e0b7bea0-1cf9-42a8-a02c-e8699a962779,wave if you can,alright if you can wave wave,,,,,,,,,,
S_A_L_T_WAVE_IF_CAN,266787,6/23/2023 9:45,e0b7bea0-1cf9-42a8-a02c-e8699a962779,"(4.3, 0.0, -0.7)",waveIfCan,Gloria_8 Root,,,,,,,,,
S_A_L_T_WAVE_IF_CAN,266787,6/23/2023 9:45,e0b7bea0-1cf9-42a8-a02c-e8699a962779,"(2.3, 0.0, 1.7)",waveIfCan,Helga_10 Root,,,,,,,,,
S_A_L_T_WALK_IF_CAN,266804,6/23/2023 9:45,e0b7bea0-1cf9-42a8-a02c-e8699a962779,"(4.3, 0.0, -0.7)",walkIfCan,Gloria_8 Root,,,,,,,,,
S_A_L_T_WALKED,266804,6/23/2023 9:45,e0b7bea0-1cf9-42a8-a02c-e8699a962779,"(4.3, 0.0, -0.7)",walked,Gloria_8 Root,,,,,,,,,
S_A_L_T_WALK_IF_CAN,266804,6/23/2023 9:45,e0b7bea0-1cf9-42a8-a02c-e8699a962779,"(2.3, 0.0, 1.6)",walkIfCan,Helga_10 Root,,,,,,,,,
S_A_L_T_WALKED,266804,6/23/2023 9:45,e0b7bea0-1cf9-42a8-a02c-e8699a962779,"(2.3, 0.0, 1.6)",walked,Helga_10 Root,,,,,,,,,
VOICE_CAPTURE,267455,6/23/2023 9:45,e0b7bea0-1cf9-42a8-a02c-e8699a962779,wave,NA,,,,,,,,,,
VOICE_COMMAND,267455,6/23/2023 9:45,e0b7bea0-1cf9-42a8-a02c-e8699a962779,wave if you can,wave,,,,,,,,,,
S_A_L_T_WAVE_IF_CAN,267455,6/23/2023 9:45,e0b7bea0-1cf9-42a8-a02c-e8699a962779,"(4.3, 0.0, -1.4)",waveIfCan,Gloria_8 Root,,,,,,,,,
S_A_L_T_WAVE_IF_CAN,267455,6/23/2023 9:45,e0b7bea0-1cf9-42a8-a02c-e8699a962779,"(2.6, 0.0, 1.1)",waveIfCan,Helga_10 Root,,,,,,,,,
S_A_L_T_WALK_IF_CAN,267472,6/23/2023 9:45,e0b7bea0-1cf9-42a8-a02c-e8699a962779,"(4.3, 0.0, -1.4)",walkIfCan,Gloria_8 Root,,,,,,,,,
S_A_L_T_WALKED,267472,6/23/2023 9:45,e0b7bea0-1cf9-42a8-a02c-e8699a962779,"(4.3, 0.0, -1.4)",walked,Gloria_8 Root,,,,,,,,,
S_A_L_T_WALK_IF_CAN,267472,6/23/2023 9:45,e0b7bea0-1cf9-42a8-a02c-e8699a962779,"(2.6, 0.0, 1.0)",walkIfCan,Helga_10 Root,,,,,,,,,
S_A_L_T_WALKED,267472,6/23/2023 9:45,e0b7bea0-1cf9-42a8-a02c-e8699a962779,"(2.6, 0.0, 1.0)",walked,Helga_10 Root,,,,,,,,,
VOICE_CAPTURE,268474,6/23/2023 9:45,e0b7bea0-1cf9-42a8-a02c-e8699a962779,wave,NA,,,,,,,,,,
VOICE_COMMAND,268474,6/23/2023 9:45,e0b7bea0-1cf9-42a8-a02c-e8699a962779,wave if you can,wave,,,,,,,,,,
S_A_L_T_WAVE_IF_CAN,268474,6/23/2023 9:45,e0b7bea0-1cf9-42a8-a02c-e8699a962779,"(2.7, 0.0, 2.3)",waveIfCan,Mike_5 Root,,,,,,,,,
S_A_L_T_WAVED,268476,6/23/2023 9:45,e0b7bea0-1cf9-42a8-a02c-e8699a962779,"(2.7, 0.0, 2.3)",waved,Mike_5 Root,,,,,,,,,
S_A_L_T_WAVE_IF_CAN,268476,6/23/2023 9:45,e0b7bea0-1cf9-42a8-a02c-e8699a962779,"(4.3, 0.0, -2.5)",waveIfCan,Gloria_8 Root,,,,,,,,,
S_A_L_T_WAVE_IF_CAN,268476,6/23/2023 9:45,e0b7bea0-1cf9-42a8-a02c-e8699a962779,"(3.1, 0.0, 0.1)",waveIfCan,Helga_10 Root,,,,,,,,,
S_A_L_T_WALK_IF_CAN,268492,6/23/2023 9:45,e0b7bea0-1cf9-42a8-a02c-e8699a962779,"(4.3, 0.0, -2.5)",walkIfCan,Gloria_8 Root,,,,,,,,,
S_A_L_T_WALKED,268492,6/23/2023 9:45,e0b7bea0-1cf9-42a8-a02c-e8699a962779,"(4.3, 0.0, -2.5)",walked,Gloria_8 Root,,,,,,,,,
S_A_L_T_WALK_IF_CAN,268492,6/23/2023 9:45,e0b7bea0-1cf9-42a8-a02c-e8699a962779,"(3.1, 0.0, 0.1)",walkIfCan,Helga_10 Root,,,,,,,,,
S_A_L_T_WALKED,268492,6/23/2023 9:45,e0b7bea0-1cf9-42a8-a02c-e8699a962779,"(3.1, 0.0, 0.1)",walked,Helga_10 Root,,,,,,,,,
VOICE_CAPTURE,268573,6/23/2023 9:45,e0b7bea0-1cf9-42a8-a02c-e8699a962779,wave,NA,,,,,,,,,,
VOICE_COMMAND,268574,6/23/2023 9:45,e0b7bea0-1cf9-42a8-a02c-e8699a962779,wave if you can,wave,,,,,,,,,,
S_A_L_T_WAVE_IF_CAN,268575,6/23/2023 9:45,e0b7bea0-1cf9-42a8-a02c-e8699a962779,"(4.3, 0.0, -2.6)",waveIfCan,Gloria_8 Root,,,,,,,,,
S_A_L_T_WAVE_IF_CAN,268575,6/23/2023 9:45,e0b7bea0-1cf9-42a8-a02c-e8699a962779,"(3.1, 0.0, 0.0)",waveIfCan,Helga_10 Root,,,,,,,,,
S_A_L_T_WALK_IF_CAN,268591,6/23/2023 9:45,e0b7bea0-1cf9-42a8-a02c-e8699a962779,"(4.3, 0.0, -2.6)",walkIfCan,Gloria_8 Root,,,,,,,,,
S_A_L_T_WALKED,268592,6/23/2023 9:45,e0b7bea0-1cf9-42a8-a02c-e8699a962779,"(4.3, 0.0, -2.6)",walked,Gloria_8 Root,,,,,,,,,
S_A_L_T_WALK_IF_CAN,268592,6/23/2023 9:45,e0b7bea0-1cf9-42a8-a02c-e8699a962779,"(3.1, 0.0, 0.0)",walkIfCan,Helga_10 Root,,,,,,,,,
S_A_L_T_WALKED,268592,6/23/2023 9:45,e0b7bea0-1cf9-42a8-a02c-e8699a962779,"(3.1, 0.0, 0.0)",walked,Helga_10 Root,,,,,,,,,
TELEPORT,270330,6/23/2023 9:45,e0b7bea0-1cf9-42a8-a02c-e8699a962779,"(0.8, 0.0, -2.3)",,,,,,,,,,,
PATIENT_ENGAGED,272800,6/23/2023 9:46,e0b7bea0-1cf9-42a8-a02c-e8699a962779,100,0,Gary_3 Root,"(0.4, 0.0, 1.7)","(0.0, 0.0, 0.0, 1.0)",IMMEDIATE,still,faint,collapsedRight,normal,unresponsive,supine
PULSE_TAKEN,281298,6/23/2023 9:46,e0b7bea0-1cf9-42a8-a02c-e8699a962779,pulse_faint,Gary_3 Root,,,,,,,,,,
TOOL_HOVER,283255,6/23/2023 9:46,e0b7bea0-1cf9-42a8-a02c-e8699a962779,Tourniquet,999,,,,,,,,,,
TOOL_HOVER,283272,6/23/2023 9:46,e0b7bea0-1cf9-42a8-a02c-e8699a962779,Tourniquet,999,,,,,,,,,,
TOOL_HOVER,283289,6/23/2023 9:46,e0b7bea0-1cf9-42a8-a02c-e8699a962779,Tourniquet,999,,,,,,,,,,
TOOL_HOVER,283305,6/23/2023 9:46,e0b7bea0-1cf9-42a8-a02c-e8699a962779,Tourniquet,999,,,,,,,,,,
TOOL_HOVER,283322,6/23/2023 9:46,e0b7bea0-1cf9-42a8-a02c-e8699a962779,Tourniquet,999,,,,,,,,,,
TOOL_HOVER,283338,6/23/2023 9:46,e0b7bea0-1cf9-42a8-a02c-e8699a962779,Tourniquet,999,,,,,,,,,,
TOOL_HOVER,283355,6/23/2023 9:46,e0b7bea0-1cf9-42a8-a02c-e8699a962779,Tourniquet,999,,,,,,,,,,
TOOL_HOVER,283372,6/23/2023 9:46,e0b7bea0-1cf9-42a8-a02c-e8699a962779,Tourniquet,999,,,,,,,,,,
TOOL_HOVER,283389,6/23/2023 9:46,e0b7bea0-1cf9-42a8-a02c-e8699a962779,Tourniquet,999,,,,,,,,,,
TOOL_HOVER,283406,6/23/2023 9:46,e0b7bea0-1cf9-42a8-a02c-e8699a962779,Tourniquet,999,,,,,,,,,,
TOOL_HOVER,283422,6/23/2023 9:46,e0b7bea0-1cf9-42a8-a02c-e8699a962779,Tourniquet,999,,,,,,,,,,
BAG_ACCESS,284111,6/23/2023 9:46,e0b7bea0-1cf9-42a8-a02c-e8699a962779,"(0.6, 0.6, 0.9)",,,,,,,,,,,
TOOL_HOVER,285294,6/23/2023 9:46,e0b7bea0-1cf9-42a8-a02c-e8699a962779,Needle,999,,,,,,,,,,
TOOL_HOVER,285311,6/23/2023 9:46,e0b7bea0-1cf9-42a8-a02c-e8699a962779,Needle,999,,,,,,,,,,
TOOL_HOVER,285327,6/23/2023 9:46,e0b7bea0-1cf9-42a8-a02c-e8699a962779,Needle,999,,,,,,,,,,
TOOL_HOVER,285344,6/23/2023 9:46,e0b7bea0-1cf9-42a8-a02c-e8699a962779,Needle,999,,,,,,,,,,
TOOL_HOVER,285360,6/23/2023 9:46,e0b7bea0-1cf9-42a8-a02c-e8699a962779,Needle,999,,,,,,,,,,
TOOL_HOVER,285378,6/23/2023 9:46,e0b7bea0-1cf9-42a8-a02c-e8699a962779,Needle,999,,,,,,,,,,
TOOL_HOVER,285394,6/23/2023 9:46,e0b7bea0-1cf9-42a8-a02c-e8699a962779,Needle,999,,,,,,,,,,
TOOL_HOVER,285411,6/23/2023 9:46,e0b7bea0-1cf9-42a8-a02c-e8699a962779,Needle,999,,,,,,,,,,
TOOL_HOVER,285427,6/23/2023 9:46,e0b7bea0-1cf9-42a8-a02c-e8699a962779,Needle,999,,,,,,,,,,
TOOL_HOVER,285444,6/23/2023 9:46,e0b7bea0-1cf9-42a8-a02c-e8699a962779,Needle,999,,,,,,,,,,
TOOL_HOVER,285461,6/23/2023 9:46,e0b7bea0-1cf9-42a8-a02c-e8699a962779,Needle,999,,,,,,,,,,
TOOL_HOVER,285477,6/23/2023 9:46,e0b7bea0-1cf9-42a8-a02c-e8699a962779,Needle,999,,,,,,,,,,
TOOL_HOVER,285494,6/23/2023 9:46,e0b7bea0-1cf9-42a8-a02c-e8699a962779,Needle,999,,,,,,,,,,
TOOL_HOVER,285511,6/23/2023 9:46,e0b7bea0-1cf9-42a8-a02c-e8699a962779,Needle,999,,,,,,,,,,
TOOL_HOVER,285528,6/23/2023 9:46,e0b7bea0-1cf9-42a8-a02c-e8699a962779,Needle,999,,,,,,,,,,
TOOL_HOVER,285545,6/23/2023 9:46,e0b7bea0-1cf9-42a8-a02c-e8699a962779,Needle,999,,,,,,,,,,
TOOL_HOVER,285561,6/23/2023 9:46,e0b7bea0-1cf9-42a8-a02c-e8699a962779,Needle,999,,,,,,,,,,
TOOL_HOVER,285577,6/23/2023 9:46,e0b7bea0-1cf9-42a8-a02c-e8699a962779,Needle,999,,,,,,,,,,
TOOL_HOVER,285594,6/23/2023 9:46,e0b7bea0-1cf9-42a8-a02c-e8699a962779,Needle,999,,,,,,,,,,
TOOL_HOVER,285611,6/23/2023 9:46,e0b7bea0-1cf9-42a8-a02c-e8699a962779,Needle,999,,,,,,,,,,
TOOL_HOVER,285627,6/23/2023 9:46,e0b7bea0-1cf9-42a8-a02c-e8699a962779,Needle,999,,,,,,,,,,
TOOL_HOVER,285644,6/23/2023 9:46,e0b7bea0-1cf9-42a8-a02c-e8699a962779,Needle,999,,,,,,,,,,
TOOL_HOVER,285660,6/23/2023 9:46,e0b7bea0-1cf9-42a8-a02c-e8699a962779,Needle,999,,,,,,,,,,
TOOL_HOVER,285678,6/23/2023 9:46,e0b7bea0-1cf9-42a8-a02c-e8699a962779,Needle,999,,,,,,,,,,
TOOL_HOVER,285694,6/23/2023 9:46,e0b7bea0-1cf9-42a8-a02c-e8699a962779,Needle,999,,,,,,,,,,
TOOL_HOVER,285711,6/23/2023 9:46,e0b7bea0-1cf9-42a8-a02c-e8699a962779,Needle,999,,,,,,,,,,
TOOL_HOVER,285728,6/23/2023 9:46,e0b7bea0-1cf9-42a8-a02c-e8699a962779,Needle,999,,,,,,,,,,
TOOL_HOVER,285744,6/23/2023 9:46,e0b7bea0-1cf9-42a8-a02c-e8699a962779,Needle,999,,,,,,,,,,
TOOL_HOVER,285760,6/23/2023 9:46,e0b7bea0-1cf9-42a8-a02c-e8699a962779,Needle,999,,,,,,,,,,
TOOL_HOVER,285777,6/23/2023 9:46,e0b7bea0-1cf9-42a8-a02c-e8699a962779,Needle,999,,,,,,,,,,
TOOL_HOVER,285794,6/23/2023 9:46,e0b7bea0-1cf9-42a8-a02c-e8699a962779,Needle,999,,,,,,,,,,
TOOL_HOVER,285810,6/23/2023 9:46,e0b7bea0-1cf9-42a8-a02c-e8699a962779,Needle,999,,,,,,,,,,
TOOL_SELECTED,285811,6/23/2023 9:46,e0b7bea0-1cf9-42a8-a02c-e8699a962779,Needle,998,,,,,,,,,,
TOOL_DISCARDED,288104,6/23/2023 9:46,e0b7bea0-1cf9-42a8-a02c-e8699a962779,Needle,998,"(1.0, 0.3, 1.3)",,,,,,,,,
TOOL_HOVER,290390,6/23/2023 9:46,e0b7bea0-1cf9-42a8-a02c-e8699a962779,Needle,999,,,,,,,,,,
TOOL_HOVER,290407,6/23/2023 9:46,e0b7bea0-1cf9-42a8-a02c-e8699a962779,Needle,999,,,,,,,,,,
TOOL_HOVER,290423,6/23/2023 9:46,e0b7bea0-1cf9-42a8-a02c-e8699a962779,Needle,999,,,,,,,,,,
TOOL_HOVER,290440,6/23/2023 9:46,e0b7bea0-1cf9-42a8-a02c-e8699a962779,Needle,999,,,,,,,,,,
TOOL_HOVER,290457,6/23/2023 9:46,e0b7bea0-1cf9-42a8-a02c-e8699a962779,Needle,999,,,,,,,,,,
TOOL_HOVER,290474,6/23/2023 9:46,e0b7bea0-1cf9-42a8-a02c-e8699a962779,Needle,999,,,,,,,,,,
TOOL_HOVER,290490,6/23/2023 9:46,e0b7bea0-1cf9-42a8-a02c-e8699a962779,Needle,999,,,,,,,,,,
TOOL_HOVER,290507,6/23/2023 9:46,e0b7bea0-1cf9-42a8-a02c-e8699a962779,Needle,999,,,,,,,,,,
TOOL_HOVER,290526,6/23/2023 9:46,e0b7bea0-1cf9-42a8-a02c-e8699a962779,Needle,999,,,,,,,,,,
TOOL_HOVER,290541,6/23/2023 9:46,e0b7bea0-1cf9-42a8-a02c-e8699a962779,Needle,999,,,,,,,,,,
TOOL_HOVER,290557,6/23/2023 9:46,e0b7bea0-1cf9-42a8-a02c-e8699a962779,Needle,999,,,,,,,,,,
TOOL_HOVER,290575,6/23/2023 9:46,e0b7bea0-1cf9-42a8-a02c-e8699a962779,Needle,999,,,,,,,,,,
TOOL_HOVER,290590,6/23/2023 9:46,e0b7bea0-1cf9-42a8-a02c-e8699a962779,Needle,999,,,,,,,,,,
TOOL_HOVER,290607,6/23/2023 9:46,e0b7bea0-1cf9-42a8-a02c-e8699a962779,Needle,999,,,,,,,,,,
TOOL_HOVER,290624,6/23/2023 9:46,e0b7bea0-1cf9-42a8-a02c-e8699a962779,Needle,999,,,,,,,,,,
TOOL_HOVER,290640,6/23/2023 9:46,e0b7bea0-1cf9-42a8-a02c-e8699a962779,Needle,999,,,,,,,,,,
TOOL_HOVER,290658,6/23/2023 9:46,e0b7bea0-1cf9-42a8-a02c-e8699a962779,Needle,999,,,,,,,,,,
TOOL_HOVER,290675,6/23/2023 9:46,e0b7bea0-1cf9-42a8-a02c-e8699a962779,Needle,999,,,,,,,,,,
TOOL_SELECTED,290675,6/23/2023 9:46,e0b7bea0-1cf9-42a8-a02c-e8699a962779,Needle,998,,,,,,,,,,
INJURY_TREATED,295035,6/23/2023 9:46,e0b7bea0-1cf9-42a8-a02c-e8699a962779,R Chest Collapse,Gary_3 Root,decompress,high,chest,TRUE,FALSE,"(0.0, 0.0, 0.0)",,,,
TOOL_APPLIED,295036,6/23/2023 9:46,e0b7bea0-1cf9-42a8-a02c-e8699a962779,Needle_Decomp(Clone),Needle,RChest_Breathe1 (UnityEngine.GameObject),cath_needle (UnityEngine.GameObject),right_chest,Needle_Decomp(Clone) (UnityEngine.GameObject),AppliedDecompNeedle,,,,,
TAG_SELECTED,297071,6/23/2023 9:46,e0b7bea0-1cf9-42a8-a02c-e8699a962779,red,,,,,,,,,,,
TAG_APPLIED,299142,6/23/2023 9:46,e0b7bea0-1cf9-42a8-a02c-e8699a962779,Gary_3 Root,red,,,,,,,,,,
BAG_CLOSED,300811,6/23/2023 9:46,e0b7bea0-1cf9-42a8-a02c-e8699a962779,"(0.6, 0.6, 0.9)",,,,,,,,,,,
VOICE_CAPTURE,304876,6/23/2023 9:46,e0b7bea0-1cf9-42a8-a02c-e8699a962779,Thank you,NA,,,,,,,,,,
VOICE_CAPTURE,305510,6/23/2023 9:46,e0b7bea0-1cf9-42a8-a02c-e8699a962779,wave,NA,,,,,,,,,,
VOICE_COMMAND,305510,6/23/2023 9:46,e0b7bea0-1cf9-42a8-a02c-e8699a962779,wave if you can,wave,,,,,,,,,,
S_A_L_T_WAVE_IF_CAN,305511,6/23/2023 9:46,e0b7bea0-1cf9-42a8-a02c-e8699a962779,"(3.0, 0.0, 4.5)",waveIfCan,Lily_2 Root,,,,,,,,,
S_A_L_T_WAVED,305511,6/23/2023 9:46,e0b7bea0-1cf9-42a8-a02c-e8699a962779,"(3.0, 0.0, 4.5)",waved,Lily_2 Root,,,,,,,,,
S_A_L_T_WAVE_IF_CAN,305511,6/23/2023 9:46,e0b7bea0-1cf9-42a8-a02c-e8699a962779,"(1.2, 0.0, 6.2)",waveIfCan,Lily_4 Root,,,,,,,,,
S_A_L_T_WAVED,305511,6/23/2023 9:46,e0b7bea0-1cf9-42a8-a02c-e8699a962779,"(1.2, 0.0, 6.2)",waved,Lily_4 Root,,,,,,,,,
S_A_L_T_WAVE_IF_CAN,305511,6/23/2023 9:46,e0b7bea0-1cf9-42a8-a02c-e8699a962779,"(2.7, 0.0, 2.3)",waveIfCan,Mike_5 Root,,,,,,,,,
S_A_L_T_WAVED,305511,6/23/2023 9:46,e0b7bea0-1cf9-42a8-a02c-e8699a962779,"(2.7, 0.0, 2.3)",waved,Mike_5 Root,,,,,,,,,
S_A_L_T_WAVE_IF_CAN,305511,6/23/2023 9:46,e0b7bea0-1cf9-42a8-a02c-e8699a962779,"(-1.2, 0.0, 3.1)",waveIfCan,Gloria_6 Root,,,,,,,,,
S_A_L_T_WAVED,305511,6/23/2023 9:46,e0b7bea0-1cf9-42a8-a02c-e8699a962779,"(-1.2, 0.0, 3.1)",waved,Gloria_6 Root,,,,,,,,,
S_A_L_T_WAVE_IF_CAN,305511,6/23/2023 9:46,e0b7bea0-1cf9-42a8-a02c-e8699a962779,"(1.3, 0.0, 3.4)",waveIfCan,Mike_7 Root,,,,,,,,,
S_A_L_T_WAVED,305511,6/23/2023 9:46,e0b7bea0-1cf9-42a8-a02c-e8699a962779,"(1.3, 0.0, 3.4)",waved,Mike_7 Root,,,,,,,,,
S_A_L_T_WAVE_IF_CAN,305511,6/23/2023 9:46,e0b7bea0-1cf9-42a8-a02c-e8699a962779,"(4.3, 0.0, -4.4)",waveIfCan,Gloria_8 Root,,,,,,,,,
S_A_L_T_WAVED,305511,6/23/2023 9:46,e0b7bea0-1cf9-42a8-a02c-e8699a962779,"(4.3, 0.0, -4.4)",waved,Gloria_8 Root,,,,,,,,,
S_A_L_T_WAVE_IF_CAN,305511,6/23/2023 9:46,e0b7bea0-1cf9-42a8-a02c-e8699a962779,"(4.3, 0.0, -2.2)",waveIfCan,Helga_10 Root,,,,,,,,,
S_A_L_T_WAVED,305511,6/23/2023 9:46,e0b7bea0-1cf9-42a8-a02c-e8699a962779,"(4.3, 0.0, -2.2)",waved,Helga_10 Root,,,,,,,,,
TELEPORT,305961,6/23/2023 9:46,e0b7bea0-1cf9-42a8-a02c-e8699a962779,"(1.0, 0.0, 0.6)",,,,,,,,,,,
PATIENT_ENGAGED,310759,6/23/2023 9:46,e0b7bea0-1cf9-42a8-a02c-e8699a962779,100,Infinity,Bob_0 Root,"(-1.7, 0.0, 5.7)","(0.0, 0.7, 0.0, 0.7)",DEAD,still,none,none,none,dead,supine
PULSE_TAKEN,311993,6/23/2023 9:46,e0b7bea0-1cf9-42a8-a02c-e8699a962779,pulse_none,Bob_0 Root,,,,,,,,,,
PULSE_TAKEN,313177,6/23/2023 9:46,e0b7bea0-1cf9-42a8-a02c-e8699a962779,pulse_none,Bob_0 Root,,,,,,,,,,
PULSE_TAKEN,314850,6/23/2023 9:46,e0b7bea0-1cf9-42a8-a02c-e8699a962779,pulse_none,Bob_0 Root,,,,,,,,,,
BAG_ACCESS,317139,6/23/2023 9:46,e0b7bea0-1cf9-42a8-a02c-e8699a962779,"(-1.8, 0.7, 4.8)",,,,,,,,,,,
TOOL_HOVER,317988,6/23/2023 9:46,e0b7bea0-1cf9-42a8-a02c-e8699a962779,Hemostatic Gauze,999,,,,,,,,,,
TOOL_HOVER,318005,6/23/2023 9:46,e0b7bea0-1cf9-42a8-a02c-e8699a962779,Hemostatic Gauze,999,,,,,,,,,,
TOOL_HOVER,318021,6/23/2023 9:46,e0b7bea0-1cf9-42a8-a02c-e8699a962779,Hemostatic Gauze,999,,,,,,,,,,
TOOL_HOVER,318038,6/23/2023 9:46,e0b7bea0-1cf9-42a8-a02c-e8699a962779,Hemostatic Gauze,999,,,,,,,,,,
TOOL_HOVER,318054,6/23/2023 9:46,e0b7bea0-1cf9-42a8-a02c-e8699a962779,Hemostatic Gauze,999,,,,,,,,,,
TOOL_HOVER,318072,6/23/2023 9:46,e0b7bea0-1cf9-42a8-a02c-e8699a962779,Hemostatic Gauze,999,,,,,,,,,,
TOOL_HOVER,318088,6/23/2023 9:46,e0b7bea0-1cf9-42a8-a02c-e8699a962779,Hemostatic Gauze,999,,,,,,,,,,
TOOL_HOVER,318116,6/23/2023 9:46,e0b7bea0-1cf9-42a8-a02c-e8699a962779,Hemostatic Gauze,999,,,,,,,,,,
TOOL_HOVER,318126,6/23/2023 9:46,e0b7bea0-1cf9-42a8-a02c-e8699a962779,Hemostatic Gauze,999,,,,,,,,,,
TOOL_HOVER,318141,6/23/2023 9:46,e0b7bea0-1cf9-42a8-a02c-e8699a962779,Hemostatic Gauze,999,,,,,,,,,,
TOOL_HOVER,318158,6/23/2023 9:46,e0b7bea0-1cf9-42a8-a02c-e8699a962779,Hemostatic Gauze,999,,,,,,,,,,
TOOL_HOVER,318175,6/23/2023 9:46,e0b7bea0-1cf9-42a8-a02c-e8699a962779,Hemostatic Gauze,999,,,,,,,,,,
TOOL_HOVER,318192,6/23/2023 9:46,e0b7bea0-1cf9-42a8-a02c-e8699a962779,Hemostatic Gauze,999,,,,,,,,,,
TOOL_HOVER,318209,6/23/2023 9:46,e0b7bea0-1cf9-42a8-a02c-e8699a962779,Hemostatic Gauze,999,,,,,,,,,,
TOOL_HOVER,318224,6/23/2023 9:46,e0b7bea0-1cf9-42a8-a02c-e8699a962779,Hemostatic Gauze,999,,,,,,,,,,
TOOL_HOVER,318242,6/23/2023 9:46,e0b7bea0-1cf9-42a8-a02c-e8699a962779,Hemostatic Gauze,999,,,,,,,,,,
TOOL_HOVER,318258,6/23/2023 9:46,e0b7bea0-1cf9-42a8-a02c-e8699a962779,Hemostatic Gauze,999,,,,,,,,,,
TOOL_HOVER,318275,6/23/2023 9:46,e0b7bea0-1cf9-42a8-a02c-e8699a962779,Hemostatic Gauze,999,,,,,,,,,,
TAG_SELECTED,320364,6/23/2023 9:46,e0b7bea0-1cf9-42a8-a02c-e8699a962779,black,,,,,,,,,,,
TAG_APPLIED,323033,6/23/2023 9:46,e0b7bea0-1cf9-42a8-a02c-e8699a962779,Bob_0 Root,black,,,,,,,,,,
BAG_CLOSED,325341,6/23/2023 9:46,e0b7bea0-1cf9-42a8-a02c-e8699a962779,"(-1.8, 0.7, 4.8)",,,,,,,,,,,
VOICE_CAPTURE,330054,6/23/2023 9:46,e0b7bea0-1cf9-42a8-a02c-e8699a962779,Can you if you can wave wave,NA,,,,,,,,,,
VOICE_COMMAND,330054,6/23/2023 9:46,e0b7bea0-1cf9-42a8-a02c-e8699a962779,wave if you can,Can you if you can wave wave,,,,,,,,,,
S_A_L_T_WAVE_IF_CAN,330056,6/23/2023 9:46,e0b7bea0-1cf9-42a8-a02c-e8699a962779,"(3.0, 0.0, 4.5)",waveIfCan,Lily_2 Root,,,,,,,,,
S_A_L_T_WAVED,330056,6/23/2023 9:46,e0b7bea0-1cf9-42a8-a02c-e8699a962779,"(3.0, 0.0, 4.5)",waved,Lily_2 Root,,,,,,,,,
S_A_L_T_WAVE_IF_CAN,330056,6/23/2023 9:46,e0b7bea0-1cf9-42a8-a02c-e8699a962779,"(1.2, 0.0, 6.2)",waveIfCan,Lily_4 Root,,,,,,,,,
S_A_L_T_WAVED,330056,6/23/2023 9:46,e0b7bea0-1cf9-42a8-a02c-e8699a962779,"(1.2, 0.0, 6.2)",waved,Lily_4 Root,,,,,,,,,
S_A_L_T_WAVE_IF_CAN,330056,6/23/2023 9:46,e0b7bea0-1cf9-42a8-a02c-e8699a962779,"(2.7, 0.0, 2.3)",waveIfCan,Mike_5 Root,,,,,,,,,
S_A_L_T_WAVED,330056,6/23/2023 9:46,e0b7bea0-1cf9-42a8-a02c-e8699a962779,"(2.7, 0.0, 2.3)",waved,Mike_5 Root,,,,,,,,,
S_A_L_T_WAVE_IF_CAN,330056,6/23/2023 9:46,e0b7bea0-1cf9-42a8-a02c-e8699a962779,"(-1.2, 0.0, 3.1)",waveIfCan,Gloria_6 Root,,,,,,,,,
S_A_L_T_WAVED,330056,6/23/2023 9:46,e0b7bea0-1cf9-42a8-a02c-e8699a962779,"(-1.2, 0.0, 3.1)",waved,Gloria_6 Root,,,,,,,,,
S_A_L_T_WAVE_IF_CAN,330056,6/23/2023 9:46,e0b7bea0-1cf9-42a8-a02c-e8699a962779,"(1.3, 0.0, 3.4)",waveIfCan,Mike_7 Root,,,,,,,,,
S_A_L_T_WAVED,330056,6/23/2023 9:46,e0b7bea0-1cf9-42a8-a02c-e8699a962779,"(1.3, 0.0, 3.4)",waved,Mike_7 Root,,,,,,,,,
S_A_L_T_WAVE_IF_CAN,330056,6/23/2023 9:46,e0b7bea0-1cf9-42a8-a02c-e8699a962779,"(4.3, 0.0, -4.4)",waveIfCan,Gloria_8 Root,,,,,,,,,
S_A_L_T_WAVED,330056,6/23/2023 9:46,e0b7bea0-1cf9-42a8-a02c-e8699a962779,"(4.3, 0.0, -4.4)",waved,Gloria_8 Root,,,,,,,,,
S_A_L_T_WAVE_IF_CAN,330056,6/23/2023 9:46,e0b7bea0-1cf9-42a8-a02c-e8699a962779,"(4.2, 0.0, -2.2)",waveIfCan,Helga_10 Root,,,,,,,,,
S_A_L_T_WAVED,330056,6/23/2023 9:46,e0b7bea0-1cf9-42a8-a02c-e8699a962779,"(4.2, 0.0, -2.2)",waved,Helga_10 Root,,,,,,,,,
VOICE_CAPTURE,330305,6/23/2023 9:46,e0b7bea0-1cf9-42a8-a02c-e8699a962779,wave,NA,,,,,,,,,,
VOICE_COMMAND,330305,6/23/2023 9:46,e0b7bea0-1cf9-42a8-a02c-e8699a962779,wave if you can,wave,,,,,,,,,,
TELEPORT,331464,6/23/2023 9:46,e0b7bea0-1cf9-42a8-a02c-e8699a962779,"(-0.4, 0.0, 3.9)",,,,,,,,,,,
TELEPORT,334438,6/23/2023 9:47,e0b7bea0-1cf9-42a8-a02c-e8699a962779,"(-0.4, 0.0, 3.9)",,,,,,,,,,,
PULSE_TAKEN,338794,6/23/2023 9:47,e0b7bea0-1cf9-42a8-a02c-e8699a962779,pulse_none,Gary_1 Root,,,,,,,,,,
PATIENT_ENGAGED,341466,6/23/2023 9:47,e0b7bea0-1cf9-42a8-a02c-e8699a962779,100,Infinity,Gary_1 Root,"(1.6, 0.0, 7.6)","(0.0, 1.0, 0.0, 0.0)",EXPECTANT,still,none,restricted,none,unresponsive,supine
PULSE_TAKEN,342332,6/23/2023 9:47,e0b7bea0-1cf9-42a8-a02c-e8699a962779,pulse_none,Gary_1 Root,,,,,,,,,,
PULSE_TAKEN,346287,6/23/2023 9:47,e0b7bea0-1cf9-42a8-a02c-e8699a962779,pulse_none,Gary_1 Root,,,,,,,,,,
PULSE_TAKEN,347457,6/23/2023 9:47,e0b7bea0-1cf9-42a8-a02c-e8699a962779,pulse_none,Gary_1 Root,,,,,,,,,,
PULSE_TAKEN,348143,6/23/2023 9:47,e0b7bea0-1cf9-42a8-a02c-e8699a962779,pulse_none,Gary_1 Root,,,,,,,,,,
VOICE_CAPTURE,350150,6/23/2023 9:47,e0b7bea0-1cf9-42a8-a02c-e8699a962779,Do I feel anything here,NA,,,,,,,,,,
PULSE_TAKEN,350250,6/23/2023 9:47,e0b7bea0-1cf9-42a8-a02c-e8699a962779,pulse_none,Gary_1 Root,,,,,,,,,,
BAG_ACCESS,355595,6/23/2023 9:47,e0b7bea0-1cf9-42a8-a02c-e8699a962779,"(0.9, 0.7, 7.6)",,,,,,,,,,,
BAG_CLOSED,357940,6/23/2023 9:47,e0b7bea0-1cf9-42a8-a02c-e8699a962779,"(0.9, 0.7, 7.6)",,,,,,,,,,,
BAG_ACCESS,361143,6/23/2023 9:47,e0b7bea0-1cf9-42a8-a02c-e8699a962779,"(1.0, 0.6, 7.6)",,,,,,,,,,,
TAG_SELECTED,367140,6/23/2023 9:47,e0b7bea0-1cf9-42a8-a02c-e8699a962779,gray,,,,,,,,,,,
TAG_APPLIED,368650,6/23/2023 9:47,e0b7bea0-1cf9-42a8-a02c-e8699a962779,Gary_1 Root,gray,,,,,,,,,,
BAG_CLOSED,374621,6/23/2023 9:47,e0b7bea0-1cf9-42a8-a02c-e8699a962779,"(1.0, 0.6, 7.6)",,,,,,,,,,,
VOICE_CAPTURE,375327,6/23/2023 9:47,e0b7bea0-1cf9-42a8-a02c-e8699a962779,wave,NA,,,,,,,,,,
VOICE_COMMAND,375329,6/23/2023 9:47,e0b7bea0-1cf9-42a8-a02c-e8699a962779,wave if you can,wave,,,,,,,,,,
S_A_L_T_WAVE_IF_CAN,375329,6/23/2023 9:47,e0b7bea0-1cf9-42a8-a02c-e8699a962779,"(3.0, 0.0, 4.5)",waveIfCan,Lily_2 Root,,,,,,,,,
S_A_L_T_WAVED,375329,6/23/2023 9:47,e0b7bea0-1cf9-42a8-a02c-e8699a962779,"(3.0, 0.0, 4.5)",waved,Lily_2 Root,,,,,,,,,
S_A_L_T_WAVE_IF_CAN,375329,6/23/2023 9:47,e0b7bea0-1cf9-42a8-a02c-e8699a962779,"(1.2, 0.0, 6.2)",waveIfCan,Lily_4 Root,,,,,,,,,
S_A_L_T_WAVED,375329,6/23/2023 9:47,e0b7bea0-1cf9-42a8-a02c-e8699a962779,"(1.2, 0.0, 6.2)",waved,Lily_4 Root,,,,,,,,,
S_A_L_T_WAVE_IF_CAN,375329,6/23/2023 9:47,e0b7bea0-1cf9-42a8-a02c-e8699a962779,"(2.7, 0.0, 2.3)",waveIfCan,Mike_5 Root,,,,,,,,,
S_A_L_T_WAVED,375329,6/23/2023 9:47,e0b7bea0-1cf9-42a8-a02c-e8699a962779,"(2.7, 0.0, 2.3)",waved,Mike_5 Root,,,,,,,,,
S_A_L_T_WAVE_IF_CAN,375329,6/23/2023 9:47,e0b7bea0-1cf9-42a8-a02c-e8699a962779,"(-1.2, 0.0, 3.1)",waveIfCan,Gloria_6 Root,,,,,,,,,
S_A_L_T_WAVED,375329,6/23/2023 9:47,e0b7bea0-1cf9-42a8-a02c-e8699a962779,"(-1.2, 0.0, 3.1)",waved,Gloria_6 Root,,,,,,,,,
S_A_L_T_WAVE_IF_CAN,375329,6/23/2023 9:47,e0b7bea0-1cf9-42a8-a02c-e8699a962779,"(1.3, 0.0, 3.4)",waveIfCan,Mike_7 Root,,,,,,,,,
S_A_L_T_WAVED,375329,6/23/2023 9:47,e0b7bea0-1cf9-42a8-a02c-e8699a962779,"(1.3, 0.0, 3.4)",waved,Mike_7 Root,,,,,,,,,
S_A_L_T_WAVE_IF_CAN,375329,6/23/2023 9:47,e0b7bea0-1cf9-42a8-a02c-e8699a962779,"(4.3, 0.0, -4.4)",waveIfCan,Gloria_8 Root,,,,,,,,,
S_A_L_T_WAVED,375329,6/23/2023 9:47,e0b7bea0-1cf9-42a8-a02c-e8699a962779,"(4.3, 0.0, -4.4)",waved,Gloria_8 Root,,,,,,,,,
S_A_L_T_WAVE_IF_CAN,375329,6/23/2023 9:47,e0b7bea0-1cf9-42a8-a02c-e8699a962779,"(4.3, 0.0, -2.3)",waveIfCan,Helga_10 Root,,,,,,,,,
S_A_L_T_WAVED,375329,6/23/2023 9:47,e0b7bea0-1cf9-42a8-a02c-e8699a962779,"(4.3, 0.0, -2.3)",waved,Helga_10 Root,,,,,,,,,
VOICE_CAPTURE,376128,6/23/2023 9:47,e0b7bea0-1cf9-42a8-a02c-e8699a962779,Can anybody else wave,NA,,,,,,,,,,
VOICE_COMMAND,376128,6/23/2023 9:47,e0b7bea0-1cf9-42a8-a02c-e8699a962779,wave if you can,Can anybody else wave,,,,,,,,,,
TELEPORT,379169,6/23/2023 9:47,e0b7bea0-1cf9-42a8-a02c-e8699a962779,"(1.1, 0.0, 7.3)",,,,,,,,,,,
PATIENT_ENGAGED,381293,6/23/2023 9:47,e0b7bea0-1cf9-42a8-a02c-e8699a962779,100,Infinity,Lily_4 Root,"(1.2, 0.0, 6.2)","(0.0, 1.0, 0.0, 0.0)",IMMEDIATE,waver,fast,normal,normal,upset,fetal
TOOL_HOVER,382846,6/23/2023 9:47,e0b7bea0-1cf9-42a8-a02c-e8699a962779,Gauze,999,,,,,,,,,,
TOOL_HOVER,382860,6/23/2023 9:47,e0b7bea0-1cf9-42a8-a02c-e8699a962779,Gauze,999,,,,,,,,,,
TOOL_HOVER,382877,6/23/2023 9:47,e0b7bea0-1cf9-42a8-a02c-e8699a962779,Gauze,999,,,,,,,,,,
TOOL_HOVER,382896,6/23/2023 9:47,e0b7bea0-1cf9-42a8-a02c-e8699a962779,Gauze,999,,,,,,,,,,
TOOL_HOVER,382910,6/23/2023 9:47,e0b7bea0-1cf9-42a8-a02c-e8699a962779,Gauze,999,,,,,,,,,,
TOOL_HOVER,382927,6/23/2023 9:47,e0b7bea0-1cf9-42a8-a02c-e8699a962779,Gauze,999,,,,,,,,,,
BAG_ACCESS,384418,6/23/2023 9:47,e0b7bea0-1cf9-42a8-a02c-e8699a962779,"(0.8, 0.5, 6.5)",,,,,,,,,,,
TOOL_HOVER,385085,6/23/2023 9:47,e0b7bea0-1cf9-42a8-a02c-e8699a962779,Hemostatic Gauze,999,,,,,,,,,,
TOOL_HOVER,385102,6/23/2023 9:47,e0b7bea0-1cf9-42a8-a02c-e8699a962779,Hemostatic Gauze,999,,,,,,,,,,
TOOL_HOVER,385119,6/23/2023 9:47,e0b7bea0-1cf9-42a8-a02c-e8699a962779,Hemostatic Gauze,999,,,,,,,,,,
TOOL_HOVER,385135,6/23/2023 9:47,e0b7bea0-1cf9-42a8-a02c-e8699a962779,Hemostatic Gauze,999,,,,,,,,,,
TOOL_HOVER,385152,6/23/2023 9:47,e0b7bea0-1cf9-42a8-a02c-e8699a962779,Hemostatic Gauze,999,,,,,,,,,,
TOOL_HOVER,385169,6/23/2023 9:47,e0b7bea0-1cf9-42a8-a02c-e8699a962779,Hemostatic Gauze,999,,,,,,,,,,
TOOL_HOVER,385185,6/23/2023 9:47,e0b7bea0-1cf9-42a8-a02c-e8699a962779,Hemostatic Gauze,999,,,,,,,,,,
TOOL_HOVER,385202,6/23/2023 9:47,e0b7bea0-1cf9-42a8-a02c-e8699a962779,Hemostatic Gauze,999,,,,,,,,,,
TOOL_HOVER,385220,6/23/2023 9:47,e0b7bea0-1cf9-42a8-a02c-e8699a962779,Hemostatic Gauze,999,,,,,,,,,,
TOOL_HOVER,385236,6/23/2023 9:47,e0b7bea0-1cf9-42a8-a02c-e8699a962779,Hemostatic Gauze,999,,,,,,,,,,
TOOL_HOVER,385252,6/23/2023 9:47,e0b7bea0-1cf9-42a8-a02c-e8699a962779,Hemostatic Gauze,999,,,,,,,,,,
TOOL_HOVER,385268,6/23/2023 9:47,e0b7bea0-1cf9-42a8-a02c-e8699a962779,Hemostatic Gauze,999,,,,,,,,,,
TOOL_HOVER,385287,6/23/2023 9:47,e0b7bea0-1cf9-42a8-a02c-e8699a962779,Hemostatic Gauze,999,,,,,,,,,,
TOOL_HOVER,385304,6/23/2023 9:47,e0b7bea0-1cf9-42a8-a02c-e8699a962779,Hemostatic Gauze,999,,,,,,,,,,
TOOL_HOVER,385322,6/23/2023 9:47,e0b7bea0-1cf9-42a8-a02c-e8699a962779,Hemostatic Gauze,999,,,,,,,,,,
TOOL_HOVER,385335,6/23/2023 9:47,e0b7bea0-1cf9-42a8-a02c-e8699a962779,Hemostatic Gauze,999,,,,,,,,,,
TOOL_HOVER,385352,6/23/2023 9:47,e0b7bea0-1cf9-42a8-a02c-e8699a962779,Hemostatic Gauze,999,,,,,,,,,,
TOOL_HOVER,385368,6/23/2023 9:47,e0b7bea0-1cf9-42a8-a02c-e8699a962779,Hemostatic Gauze,999,,,,,,,,,,
TOOL_HOVER,385385,6/23/2023 9:47,e0b7bea0-1cf9-42a8-a02c-e8699a962779,Hemostatic Gauze,999,,,,,,,,,,
TOOL_HOVER,385401,6/23/2023 9:47,e0b7bea0-1cf9-42a8-a02c-e8699a962779,Hemostatic Gauze,999,,,,,,,,,,
TOOL_HOVER,385417,6/23/2023 9:47,e0b7bea0-1cf9-42a8-a02c-e8699a962779,Hemostatic Gauze,999,,,,,,,,,,
TOOL_HOVER,385435,6/23/2023 9:47,e0b7bea0-1cf9-42a8-a02c-e8699a962779,Hemostatic Gauze,999,,,,,,,,,,
TOOL_HOVER,385451,6/23/2023 9:47,e0b7bea0-1cf9-42a8-a02c-e8699a962779,Hemostatic Gauze,999,,,,,,,,,,
TOOL_HOVER,385468,6/23/2023 9:47,e0b7bea0-1cf9-42a8-a02c-e8699a962779,Hemostatic Gauze,999,,,,,,,,,,
TOOL_HOVER,385484,6/23/2023 9:47,e0b7bea0-1cf9-42a8-a02c-e8699a962779,Hemostatic Gauze,999,,,,,,,,,,
TOOL_HOVER,385501,6/23/2023 9:47,e0b7bea0-1cf9-42a8-a02c-e8699a962779,Hemostatic Gauze,999,,,,,,,,,,
TOOL_SELECTED,385502,6/23/2023 9:47,e0b7bea0-1cf9-42a8-a02c-e8699a962779,Hemostatic Gauze,998,,,,,,,,,,
TOOL_DISCARDED,387538,6/23/2023 9:47,e0b7bea0-1cf9-42a8-a02c-e8699a962779,Hemostatic Gauze,998,"(0.9, 0.2, 6.5)",,,,,,,,,
INJURY_TREATED,387540,6/23/2023 9:47,e0b7bea0-1cf9-42a8-a02c-e8699a962779,L Side Puncture,Lily_4 Root,woundpack,medium,abdomen,TRUE,FALSE,"(0.9, 0.2, 6.5)",,,,
TOOL_APPLIED,387540,6/23/2023 9:47,e0b7bea0-1cf9-42a8-a02c-e8699a962779,Lily_4 Root,Gauze_Pack,skinCollider_BodyLOD (UnityEngine.GameObject),null,null,AppliedPackingGauze,,,,,,
TAG_SELECTED,389414,6/23/2023 9:47,e0b7bea0-1cf9-42a8-a02c-e8699a962779,red,,,,,,,,,,,
TAG_APPLIED,390815,6/23/2023 9:47,e0b7bea0-1cf9-42a8-a02c-e8699a962779,Lily_4 Root,red,,,,,,,,,,
PULSE_TAKEN,391913,6/23/2023 9:47,e0b7bea0-1cf9-42a8-a02c-e8699a962779,pulse_fast,Lily_4 Root,,,,,,,,,,
PULSE_TAKEN,392530,6/23/2023 9:47,e0b7bea0-1cf9-42a8-a02c-e8699a962779,pulse_fast,Lily_4 Root,,,,,,,,,,
PULSE_TAKEN,393030,6/23/2023 9:48,e0b7bea0-1cf9-42a8-a02c-e8699a962779,pulse_fast,Lily_4 Root,,,,,,,,,,
PULSE_TAKEN,393347,6/23/2023 9:48,e0b7bea0-1cf9-42a8-a02c-e8699a962779,pulse_fast,Lily_4 Root,,,,,,,,,,
PULSE_TAKEN,393496,6/23/2023 9:48,e0b7bea0-1cf9-42a8-a02c-e8699a962779,pulse_fast,Lily_4 Root,,,,,,,,,,
PULSE_TAKEN,393631,6/23/2023 9:48,e0b7bea0-1cf9-42a8-a02c-e8699a962779,pulse_fast,Lily_4 Root,,,,,,,,,,
PULSE_TAKEN,393730,6/23/2023 9:48,e0b7bea0-1cf9-42a8-a02c-e8699a962779,pulse_fast,Lily_4 Root,,,,,,,,,,
BAG_CLOSED,394673,6/23/2023 9:48,e0b7bea0-1cf9-42a8-a02c-e8699a962779,"(0.8, 0.5, 6.5)",,,,,,,,,,,
TELEPORT,395858,6/23/2023 9:48,e0b7bea0-1cf9-42a8-a02c-e8699a962779,"(1.2, 0.0, 7.1)",,,,,,,,,,,
TELEPORT,396911,6/23/2023 9:48,e0b7bea0-1cf9-42a8-a02c-e8699a962779,"(1.2, 0.0, 7.1)",,,,,,,,,,,
PATIENT_ENGAGED,400642,6/23/2023 9:48,e0b7bea0-1cf9-42a8-a02c-e8699a962779,100,Infinity,Lily_2 Root,"(3.0, 0.0, 4.5)","(0.0, 1.0, 0.0, 0.0)",IMMEDIATE,waver,fast,fast,normal,agony,fetal
PULSE_TAKEN,403563,6/23/2023 9:48,e0b7bea0-1cf9-42a8-a02c-e8699a962779,pulse_fast,Lily_2 Root,,,,,,,,,,
TOOL_HOVER,407056,6/23/2023 9:48,e0b7bea0-1cf9-42a8-a02c-e8699a962779,Tourniquet,999,,,,,,,,,,
TOOL_HOVER,407073,6/23/2023 9:48,e0b7bea0-1cf9-42a8-a02c-e8699a962779,Tourniquet,999,,,,,,,,,,
TOOL_HOVER,407089,6/23/2023 9:48,e0b7bea0-1cf9-42a8-a02c-e8699a962779,Tourniquet,999,,,,,,,,,,
TOOL_HOVER,407106,6/23/2023 9:48,e0b7bea0-1cf9-42a8-a02c-e8699a962779,Tourniquet,999,,,,,,,,,,
TOOL_HOVER,407123,6/23/2023 9:48,e0b7bea0-1cf9-42a8-a02c-e8699a962779,Tourniquet,999,,,,,,,,,,
TOOL_HOVER,407140,6/23/2023 9:48,e0b7bea0-1cf9-42a8-a02c-e8699a962779,Tourniquet,999,,,,,,,,,,
BAG_ACCESS,407700,6/23/2023 9:48,e0b7bea0-1cf9-42a8-a02c-e8699a962779,"(3.1, 0.6, 4.4)",,,,,,,,,,,
TOOL_HOVER,408599,6/23/2023 9:48,e0b7bea0-1cf9-42a8-a02c-e8699a962779,Tourniquet,999,,,,,,,,,,
TOOL_HOVER,408616,6/23/2023 9:48,e0b7bea0-1cf9-42a8-a02c-e8699a962779,Tourniquet,999,,,,,,,,,,
TOOL_HOVER,408633,6/23/2023 9:48,e0b7bea0-1cf9-42a8-a02c-e8699a962779,Tourniquet,999,,,,,,,,,,
TOOL_HOVER,408648,6/23/2023 9:48,e0b7bea0-1cf9-42a8-a02c-e8699a962779,Tourniquet,999,,,,,,,,,,
TOOL_HOVER,408667,6/23/2023 9:48,e0b7bea0-1cf9-42a8-a02c-e8699a962779,Tourniquet,999,,,,,,,,,,
TOOL_HOVER,408683,6/23/2023 9:48,e0b7bea0-1cf9-42a8-a02c-e8699a962779,Tourniquet,999,,,,,,,,,,
TOOL_HOVER,408700,6/23/2023 9:48,e0b7bea0-1cf9-42a8-a02c-e8699a962779,Tourniquet,999,,,,,,,,,,
TOOL_HOVER,408716,6/23/2023 9:48,e0b7bea0-1cf9-42a8-a02c-e8699a962779,Tourniquet,999,,,,,,,,,,
TOOL_HOVER,408733,6/23/2023 9:48,e0b7bea0-1cf9-42a8-a02c-e8699a962779,Tourniquet,999,,,,,,,,,,
TOOL_HOVER,408750,6/23/2023 9:48,e0b7bea0-1cf9-42a8-a02c-e8699a962779,Tourniquet,999,,,,,,,,,,
TOOL_HOVER,408767,6/23/2023 9:48,e0b7bea0-1cf9-42a8-a02c-e8699a962779,Tourniquet,999,,,,,,,,,,
TOOL_HOVER,408783,6/23/2023 9:48,e0b7bea0-1cf9-42a8-a02c-e8699a962779,Tourniquet,999,,,,,,,,,,
TOOL_HOVER,408800,6/23/2023 9:48,e0b7bea0-1cf9-42a8-a02c-e8699a962779,Tourniquet,999,,,,,,,,,,
TOOL_HOVER,408816,6/23/2023 9:48,e0b7bea0-1cf9-42a8-a02c-e8699a962779,Tourniquet,999,,,,,,,,,,
TOOL_HOVER,408833,6/23/2023 9:48,e0b7bea0-1cf9-42a8-a02c-e8699a962779,Tourniquet,999,,,,,,,,,,
TOOL_HOVER,408850,6/23/2023 9:48,e0b7bea0-1cf9-42a8-a02c-e8699a962779,Tourniquet,999,,,,,,,,,,
TOOL_HOVER,408867,6/23/2023 9:48,e0b7bea0-1cf9-42a8-a02c-e8699a962779,Tourniquet,999,,,,,,,,,,
TOOL_HOVER,408883,6/23/2023 9:48,e0b7bea0-1cf9-42a8-a02c-e8699a962779,Tourniquet,999,,,,,,,,,,
TOOL_HOVER,408900,6/23/2023 9:48,e0b7bea0-1cf9-42a8-a02c-e8699a962779,Tourniquet,999,,,,,,,,,,
TOOL_HOVER,408916,6/23/2023 9:48,e0b7bea0-1cf9-42a8-a02c-e8699a962779,Tourniquet,999,,,,,,,,,,
TOOL_HOVER,408933,6/23/2023 9:48,e0b7bea0-1cf9-42a8-a02c-e8699a962779,Tourniquet,999,,,,,,,,,,
TOOL_HOVER,408949,6/23/2023 9:48,e0b7bea0-1cf9-42a8-a02c-e8699a962779,Tourniquet,999,,,,,,,,,,
TOOL_HOVER,408967,6/23/2023 9:48,e0b7bea0-1cf9-42a8-a02c-e8699a962779,Tourniquet,999,,,,,,,,,,
TOOL_HOVER,408983,6/23/2023 9:48,e0b7bea0-1cf9-42a8-a02c-e8699a962779,Tourniquet,999,,,,,,,,,,
TOOL_HOVER,409000,6/23/2023 9:48,e0b7bea0-1cf9-42a8-a02c-e8699a962779,Tourniquet,999,,,,,,,,,,
TOOL_HOVER,409016,6/23/2023 9:48,e0b7bea0-1cf9-42a8-a02c-e8699a962779,Tourniquet,999,,,,,,,,,,
TOOL_SELECTED,409017,6/23/2023 9:48,e0b7bea0-1cf9-42a8-a02c-e8699a962779,Tourniquet,998,,,,,,,,,,
INJURY_TREATED,411517,6/23/2023 9:48,e0b7bea0-1cf9-42a8-a02c-e8699a962779,R Shin Amputation,Lily_2 Root,tourniquet,high,rightLeg,TRUE,FALSE,"(3.2, 0.1, 4.2)",,,,
TOOL_APPLIED,411517,6/23/2023 9:48,e0b7bea0-1cf9-42a8-a02c-e8699a962779,Lily_2 Root,Tourniquet,RightUpLeg (UnityEngine.GameObject),tor_ring (1) (UnityEngine.GameObject),tourniquet(Clone) (UnityEngine.GameObject),AppliedTourniquet,,,,,,
TAG_SELECTED,416976,6/23/2023 9:48,e0b7bea0-1cf9-42a8-a02c-e8699a962779,yellow,,,,,,,,,,,
TAG_APPLIED,419366,6/23/2023 9:48,e0b7bea0-1cf9-42a8-a02c-e8699a962779,Lily_2 Root,yellow,,,,,,,,,,
BAG_CLOSED,421037,6/23/2023 9:48,e0b7bea0-1cf9-42a8-a02c-e8699a962779,"(3.1, 0.6, 4.4)",,,,,,,,,,,
TELEPORT,423211,6/23/2023 9:48,e0b7bea0-1cf9-42a8-a02c-e8699a962779,"(2.6, 0.0, 5.4)",,,,,,,,,,,
PATIENT_ENGAGED,425045,6/23/2023 9:48,e0b7bea0-1cf9-42a8-a02c-e8699a962779,100,Infinity,Mike_7 Root,"(1.3, 0.0, 3.4)","(0.0, 0.1, 0.0, 1.0)",DELAYED,waver,fast,normal,normal,upset,sittingGround
PULSE_TAKEN,427503,6/23/2023 9:48,e0b7bea0-1cf9-42a8-a02c-e8699a962779,pulse_fast,Mike_7 Root,,,,,,,,,,
BAG_ACCESS,430859,6/23/2023 9:48,e0b7bea0-1cf9-42a8-a02c-e8699a962779,"(0.8, 0.6, 3.7)",,,,,,,,,,,
TOOL_HOVER,431994,6/23/2023 9:48,e0b7bea0-1cf9-42a8-a02c-e8699a962779,Tourniquet,998,,,,,,,,,,
TOOL_HOVER,432018,6/23/2023 9:48,e0b7bea0-1cf9-42a8-a02c-e8699a962779,Tourniquet,998,,,,,,,,,,
TOOL_HOVER,432029,6/23/2023 9:48,e0b7bea0-1cf9-42a8-a02c-e8699a962779,Tourniquet,998,,,,,,,,,,
TOOL_HOVER,432044,6/23/2023 9:48,e0b7bea0-1cf9-42a8-a02c-e8699a962779,Tourniquet,998,,,,,,,,,,
TOOL_HOVER,432061,6/23/2023 9:48,e0b7bea0-1cf9-42a8-a02c-e8699a962779,Tourniquet,998,,,,,,,,,,
TOOL_HOVER,432079,6/23/2023 9:48,e0b7bea0-1cf9-42a8-a02c-e8699a962779,Tourniquet,998,,,,,,,,,,
TOOL_HOVER,432095,6/23/2023 9:48,e0b7bea0-1cf9-42a8-a02c-e8699a962779,Tourniquet,998,,,,,,,,,,
TOOL_HOVER,432112,6/23/2023 9:48,e0b7bea0-1cf9-42a8-a02c-e8699a962779,Tourniquet,998,,,,,,,,,,
TOOL_HOVER,432129,6/23/2023 9:48,e0b7bea0-1cf9-42a8-a02c-e8699a962779,Tourniquet,998,,,,,,,,,,
TOOL_HOVER,432145,6/23/2023 9:48,e0b7bea0-1cf9-42a8-a02c-e8699a962779,Tourniquet,998,,,,,,,,,,
TOOL_HOVER,432161,6/23/2023 9:48,e0b7bea0-1cf9-42a8-a02c-e8699a962779,Tourniquet,998,,,,,,,,,,
TOOL_HOVER,432178,6/23/2023 9:48,e0b7bea0-1cf9-42a8-a02c-e8699a962779,Tourniquet,998,,,,,,,,,,
TOOL_HOVER,432194,6/23/2023 9:48,e0b7bea0-1cf9-42a8-a02c-e8699a962779,Tourniquet,998,,,,,,,,,,
TOOL_HOVER,432212,6/23/2023 9:48,e0b7bea0-1cf9-42a8-a02c-e8699a962779,Tourniquet,998,,,,,,,,,,
TOOL_HOVER,432228,6/23/2023 9:48,e0b7bea0-1cf9-42a8-a02c-e8699a962779,Tourniquet,998,,,,,,,,,,
TOOL_HOVER,432244,6/23/2023 9:48,e0b7bea0-1cf9-42a8-a02c-e8699a962779,Tourniquet,998,,,,,,,,,,
TOOL_HOVER,432262,6/23/2023 9:48,e0b7bea0-1cf9-42a8-a02c-e8699a962779,Tourniquet,998,,,,,,,,,,
TOOL_HOVER,432278,6/23/2023 9:48,e0b7bea0-1cf9-42a8-a02c-e8699a962779,Tourniquet,998,,,,,,,,,,
TOOL_HOVER,432296,6/23/2023 9:48,e0b7bea0-1cf9-42a8-a02c-e8699a962779,Tourniquet,998,,,,,,,,,,
TOOL_HOVER,432312,6/23/2023 9:48,e0b7bea0-1cf9-42a8-a02c-e8699a962779,Tourniquet,998,,,,,,,,,,
TOOL_HOVER,432330,6/23/2023 9:48,e0b7bea0-1cf9-42a8-a02c-e8699a962779,Tourniquet,998,,,,,,,,,,
TOOL_HOVER,432359,6/23/2023 9:48,e0b7bea0-1cf9-42a8-a02c-e8699a962779,Tourniquet,998,,,,,,,,,,
TOOL_HOVER,432368,6/23/2023 9:48,e0b7bea0-1cf9-42a8-a02c-e8699a962779,Tourniquet,998,,,,,,,,,,
TOOL_HOVER,432385,6/23/2023 9:48,e0b7bea0-1cf9-42a8-a02c-e8699a962779,Tourniquet,998,,,,,,,,,,
TOOL_HOVER,432402,6/23/2023 9:48,e0b7bea0-1cf9-42a8-a02c-e8699a962779,Tourniquet,998,,,,,,,,,,
TOOL_SELECTED,432402,6/23/2023 9:48,e0b7bea0-1cf9-42a8-a02c-e8699a962779,Tourniquet,997,,,,,,,,,,
INJURY_TREATED,435205,6/23/2023 9:48,e0b7bea0-1cf9-42a8-a02c-e8699a962779,L Thigh Puncture,Mike_7 Root,tourniquet,medium,leftLeg,TRUE,FALSE,"(0.7, 0.1, 3.5)",,,,
TOOL_APPLIED,435205,6/23/2023 9:48,e0b7bea0-1cf9-42a8-a02c-e8699a962779,Mike_7 Root,Tourniquet,LeftUpLeg (UnityEngine.GameObject),tor_ring (1) (UnityEngine.GameObject),tourniquet(Clone) (UnityEngine.GameObject),AppliedTourniquet,,,,,,
TAG_SELECTED,438940,6/23/2023 9:48,e0b7bea0-1cf9-42a8-a02c-e8699a962779,yellow,,,,,,,,,,,
TAG_APPLIED,440411,6/23/2023 9:48,e0b7bea0-1cf9-42a8-a02c-e8699a962779,Mike_7 Root,yellow,,,,,,,,,,
BAG_CLOSED,442290,6/23/2023 9:48,e0b7bea0-1cf9-42a8-a02c-e8699a962779,"(0.8, 0.6, 3.7)",,,,,,,,,,,
TELEPORT,442738,6/23/2023 9:48,e0b7bea0-1cf9-42a8-a02c-e8699a962779,"(1.0, 0.0, 4.8)",,,,,,,,,,,
TELEPORT,444388,6/23/2023 9:48,e0b7bea0-1cf9-42a8-a02c-e8699a962779,"(1.0, 0.0, 4.8)",,,,,,,,,,,
PATIENT_ENGAGED,446656,6/23/2023 9:48,e0b7bea0-1cf9-42a8-a02c-e8699a962779,100,Infinity,Mike_5 Root,"(2.7, 0.0, 2.3)","(0.0, 1.0, 0.0, 0.0)",IMMEDIATE,waver,fast,normal,normal,upset,fetal
PULSE_TAKEN,454144,6/23/2023 9:49,e0b7bea0-1cf9-42a8-a02c-e8699a962779,pulse_fast,Mike_5 Root,,,,,,,,,,
BAG_ACCESS,456482,6/23/2023 9:49,e0b7bea0-1cf9-42a8-a02c-e8699a962779,"(3.4, 0.6, 2.4)",,,,,,,,,,,
TOOL_HOVER,457786,6/23/2023 9:49,e0b7bea0-1cf9-42a8-a02c-e8699a962779,Gauze,999,,,,,,,,,,
TOOL_HOVER,457804,6/23/2023 9:49,e0b7bea0-1cf9-42a8-a02c-e8699a962779,Gauze,999,,,,,,,,,,
TOOL_HOVER,457820,6/23/2023 9:49,e0b7bea0-1cf9-42a8-a02c-e8699a962779,Gauze,999,,,,,,,,,,
TOOL_HOVER,457838,6/23/2023 9:49,e0b7bea0-1cf9-42a8-a02c-e8699a962779,Gauze,999,,,,,,,,,,
TOOL_HOVER,457854,6/23/2023 9:49,e0b7bea0-1cf9-42a8-a02c-e8699a962779,Gauze,999,,,,,,,,,,
TOOL_HOVER,457872,6/23/2023 9:49,e0b7bea0-1cf9-42a8-a02c-e8699a962779,Gauze,999,,,,,,,,,,
TOOL_HOVER,457888,6/23/2023 9:49,e0b7bea0-1cf9-42a8-a02c-e8699a962779,Tourniquet,997,,,,,,,,,,
TOOL_HOVER,457905,6/23/2023 9:49,e0b7bea0-1cf9-42a8-a02c-e8699a962779,Tourniquet,997,,,,,,,,,,
TOOL_HOVER,457922,6/23/2023 9:49,e0b7bea0-1cf9-42a8-a02c-e8699a962779,Tourniquet,997,,,,,,,,,,
TOOL_HOVER,457939,6/23/2023 9:49,e0b7bea0-1cf9-42a8-a02c-e8699a962779,Tourniquet,997,,,,,,,,,,
TOOL_HOVER,457956,6/23/2023 9:49,e0b7bea0-1cf9-42a8-a02c-e8699a962779,Tourniquet,997,,,,,,,,,,
TOOL_HOVER,457972,6/23/2023 9:49,e0b7bea0-1cf9-42a8-a02c-e8699a962779,Tourniquet,997,,,,,,,,,,
TOOL_HOVER,457988,6/23/2023 9:49,e0b7bea0-1cf9-42a8-a02c-e8699a962779,Tourniquet,997,,,,,,,,,,
TOOL_HOVER,458005,6/23/2023 9:49,e0b7bea0-1cf9-42a8-a02c-e8699a962779,Tourniquet,997,,,,,,,,,,
TOOL_HOVER,458022,6/23/2023 9:49,e0b7bea0-1cf9-42a8-a02c-e8699a962779,Tourniquet,997,,,,,,,,,,
TOOL_HOVER,458039,6/23/2023 9:49,e0b7bea0-1cf9-42a8-a02c-e8699a962779,Tourniquet,997,,,,,,,,,,
TOOL_HOVER,458055,6/23/2023 9:49,e0b7bea0-1cf9-42a8-a02c-e8699a962779,Tourniquet,997,,,,,,,,,,
TOOL_SELECTED,458056,6/23/2023 9:49,e0b7bea0-1cf9-42a8-a02c-e8699a962779,Tourniquet,996,,,,,,,,,,
INJURY_TREATED,460140,6/23/2023 9:49,e0b7bea0-1cf9-42a8-a02c-e8699a962779,R Thigh Laceration,Mike_5 Root,tourniquet,medium,rightLeg,TRUE,FALSE,"(3.0, 0.3, 2.2)",,,,
TOOL_APPLIED,460140,6/23/2023 9:49,e0b7bea0-1cf9-42a8-a02c-e8699a962779,Mike_5 Root,Tourniquet,RightUpLeg (UnityEngine.GameObject),tor_ring (1) (UnityEngine.GameObject),tourniquet(Clone) (UnityEngine.GameObject),AppliedTourniquet,,,,,,
TOOL_HOVER,462584,6/23/2023 9:49,e0b7bea0-1cf9-42a8-a02c-e8699a962779,Hemostatic Gauze,999,,,,,,,,,,
TOOL_HOVER,462599,6/23/2023 9:49,e0b7bea0-1cf9-42a8-a02c-e8699a962779,Hemostatic Gauze,999,,,,,,,,,,
TOOL_HOVER,462617,6/23/2023 9:49,e0b7bea0-1cf9-42a8-a02c-e8699a962779,Hemostatic Gauze,999,,,,,,,,,,
TOOL_HOVER,462634,6/23/2023 9:49,e0b7bea0-1cf9-42a8-a02c-e8699a962779,Hemostatic Gauze,999,,,,,,,,,,
TOOL_HOVER,462650,6/23/2023 9:49,e0b7bea0-1cf9-42a8-a02c-e8699a962779,Hemostatic Gauze,999,,,,,,,,,,
TOOL_HOVER,462667,6/23/2023 9:49,e0b7bea0-1cf9-42a8-a02c-e8699a962779,Hemostatic Gauze,999,,,,,,,,,,
TOOL_HOVER,462683,6/23/2023 9:49,e0b7bea0-1cf9-42a8-a02c-e8699a962779,Hemostatic Gauze,999,,,,,,,,,,
TOOL_HOVER,462700,6/23/2023 9:49,e0b7bea0-1cf9-42a8-a02c-e8699a962779,Hemostatic Gauze,999,,,,,,,,,,
TOOL_HOVER,462717,6/23/2023 9:49,e0b7bea0-1cf9-42a8-a02c-e8699a962779,Hemostatic Gauze,999,,,,,,,,,,
TOOL_HOVER,462733,6/23/2023 9:49,e0b7bea0-1cf9-42a8-a02c-e8699a962779,Hemostatic Gauze,999,,,,,,,,,,
TOOL_HOVER,462751,6/23/2023 9:49,e0b7bea0-1cf9-42a8-a02c-e8699a962779,Hemostatic Gauze,999,,,,,,,,,,
TOOL_HOVER,462768,6/23/2023 9:49,e0b7bea0-1cf9-42a8-a02c-e8699a962779,Hemostatic Gauze,999,,,,,,,,,,
TOOL_SELECTED,462769,6/23/2023 9:49,e0b7bea0-1cf9-42a8-a02c-e8699a962779,Hemostatic Gauze,998,,,,,,,,,,
TOOL_DISCARDED,464384,6/23/2023 9:49,e0b7bea0-1cf9-42a8-a02c-e8699a962779,Hemostatic Gauze,998,"(3.1, 0.3, 2.5)",,,,,,,,,
INJURY_TREATED,464384,6/23/2023 9:49,e0b7bea0-1cf9-42a8-a02c-e8699a962779,R Side Puncture,Mike_5 Root,woundpack,medium,abdomen,TRUE,FALSE,"(3.1, 0.2, 2.5)",,,,
TOOL_APPLIED,464384,6/23/2023 9:49,e0b7bea0-1cf9-42a8-a02c-e8699a962779,Mike_5 Root,Gauze_Pack,skinCollider_BodyCollideLOD (UnityEngine.GameObject),null,null,AppliedPackingGauze,,,,,,
TAG_SELECTED,468524,6/23/2023 9:49,e0b7bea0-1cf9-42a8-a02c-e8699a962779,red,,,,,,,,,,,
TAG_APPLIED,469995,6/23/2023 9:49,e0b7bea0-1cf9-42a8-a02c-e8699a962779,Mike_5 Root,red,,,,,,,,,,
BAG_CLOSED,471233,6/23/2023 9:49,e0b7bea0-1cf9-42a8-a02c-e8699a962779,"(3.4, 0.6, 2.4)",,,,,,,,,,,
TELEPORT,472007,6/23/2023 9:49,e0b7bea0-1cf9-42a8-a02c-e8699a962779,"(2.7, 0.0, 4.0)",,,,,,,,,,,
TELEPORT,476711,6/23/2023 9:49,e0b7bea0-1cf9-42a8-a02c-e8699a962779,"(0.5, 0.0, 4.0)",,,,,,,,,,,
PATIENT_ENGAGED,477965,6/23/2023 9:49,e0b7bea0-1cf9-42a8-a02c-e8699a962779,100,Infinity,Gloria_6 Root,"(-1.2, 0.0, 3.1)","(0.0, 0.4, 0.0, 0.9)",DELAYED,waver,fast,normal,normal,upset,fetal
PULSE_TAKEN,479717,6/23/2023 9:49,e0b7bea0-1cf9-42a8-a02c-e8699a962779,pulse_fast,Gloria_6 Root,,,,,,,,,,
TOOL_HOVER,481942,6/23/2023 9:49,e0b7bea0-1cf9-42a8-a02c-e8699a962779,Gauze,999,,,,,,,,,,
TOOL_HOVER,481959,6/23/2023 9:49,e0b7bea0-1cf9-42a8-a02c-e8699a962779,Gauze,999,,,,,,,,,,
TOOL_HOVER,481976,6/23/2023 9:49,e0b7bea0-1cf9-42a8-a02c-e8699a962779,Gauze,999,,,,,,,,,,
TOOL_HOVER,481992,6/23/2023 9:49,e0b7bea0-1cf9-42a8-a02c-e8699a962779,Gauze,999,,,,,,,,,,
TOOL_HOVER,482009,6/23/2023 9:49,e0b7bea0-1cf9-42a8-a02c-e8699a962779,Gauze,999,,,,,,,,,,
TOOL_HOVER,482025,6/23/2023 9:49,e0b7bea0-1cf9-42a8-a02c-e8699a962779,Gauze,999,,,,,,,,,,
BAG_ACCESS,482776,6/23/2023 9:49,e0b7bea0-1cf9-42a8-a02c-e8699a962779,"(-1.5, 0.6, 3.5)",,,,,,,,,,,
TOOL_HOVER,485491,6/23/2023 9:49,e0b7bea0-1cf9-42a8-a02c-e8699a962779,Gauze,999,,,,,,,,,,
TOOL_HOVER,485508,6/23/2023 9:49,e0b7bea0-1cf9-42a8-a02c-e8699a962779,Gauze,999,,,,,,,,,,
TOOL_HOVER,485524,6/23/2023 9:49,e0b7bea0-1cf9-42a8-a02c-e8699a962779,Gauze,999,,,,,,,,,,
TOOL_HOVER,485540,6/23/2023 9:49,e0b7bea0-1cf9-42a8-a02c-e8699a962779,Gauze,999,,,,,,,,,,
TOOL_HOVER,485557,6/23/2023 9:49,e0b7bea0-1cf9-42a8-a02c-e8699a962779,Gauze,999,,,,,,,,,,
TOOL_HOVER,485574,6/23/2023 9:49,e0b7bea0-1cf9-42a8-a02c-e8699a962779,Gauze,999,,,,,,,,,,
TOOL_HOVER,485590,6/23/2023 9:49,e0b7bea0-1cf9-42a8-a02c-e8699a962779,Gauze,999,,,,,,,,,,
TOOL_HOVER,485607,6/23/2023 9:49,e0b7bea0-1cf9-42a8-a02c-e8699a962779,Gauze,999,,,,,,,,,,
TOOL_HOVER,485624,6/23/2023 9:49,e0b7bea0-1cf9-42a8-a02c-e8699a962779,Gauze,999,,,,,,,,,,
TOOL_HOVER,485641,6/23/2023 9:49,e0b7bea0-1cf9-42a8-a02c-e8699a962779,Gauze,999,,,,,,,,,,
TOOL_HOVER,485657,6/23/2023 9:49,e0b7bea0-1cf9-42a8-a02c-e8699a962779,Gauze,999,,,,,,,,,,
TOOL_HOVER,485674,6/23/2023 9:49,e0b7bea0-1cf9-42a8-a02c-e8699a962779,Gauze,999,,,,,,,,,,
TOOL_HOVER,485691,6/23/2023 9:49,e0b7bea0-1cf9-42a8-a02c-e8699a962779,Gauze,999,,,,,,,,,,
TOOL_HOVER,485707,6/23/2023 9:49,e0b7bea0-1cf9-42a8-a02c-e8699a962779,Gauze,999,,,,,,,,,,
TOOL_HOVER,485724,6/23/2023 9:49,e0b7bea0-1cf9-42a8-a02c-e8699a962779,Gauze,999,,,,,,,,,,
TOOL_HOVER,485741,6/23/2023 9:49,e0b7bea0-1cf9-42a8-a02c-e8699a962779,Gauze,999,,,,,,,,,,
TOOL_HOVER,485758,6/23/2023 9:49,e0b7bea0-1cf9-42a8-a02c-e8699a962779,Gauze,999,,,,,,,,,,
TOOL_HOVER,485775,6/23/2023 9:49,e0b7bea0-1cf9-42a8-a02c-e8699a962779,Gauze,999,,,,,,,,,,
TOOL_HOVER,485791,6/23/2023 9:49,e0b7bea0-1cf9-42a8-a02c-e8699a962779,Gauze,999,,,,,,,,,,
TOOL_HOVER,485808,6/23/2023 9:49,e0b7bea0-1cf9-42a8-a02c-e8699a962779,Gauze,999,,,,,,,,,,
TOOL_HOVER,485824,6/23/2023 9:49,e0b7bea0-1cf9-42a8-a02c-e8699a962779,Gauze,999,,,,,,,,,,
TOOL_HOVER,485841,6/23/2023 9:49,e0b7bea0-1cf9-42a8-a02c-e8699a962779,Gauze,999,,,,,,,,,,
TOOL_HOVER,485858,6/23/2023 9:49,e0b7bea0-1cf9-42a8-a02c-e8699a962779,Gauze,999,,,,,,,,,,
TOOL_HOVER,485874,6/23/2023 9:49,e0b7bea0-1cf9-42a8-a02c-e8699a962779,Gauze,999,,,,,,,,,,
TOOL_HOVER,488494,6/23/2023 9:49,e0b7bea0-1cf9-42a8-a02c-e8699a962779,Gauze,999,,,,,,,,,,
TOOL_HOVER,488510,6/23/2023 9:49,e0b7bea0-1cf9-42a8-a02c-e8699a962779,Gauze,999,,,,,,,,,,
TOOL_HOVER,488527,6/23/2023 9:49,e0b7bea0-1cf9-42a8-a02c-e8699a962779,Gauze,999,,,,,,,,,,
TOOL_SELECTED,488528,6/23/2023 9:49,e0b7bea0-1cf9-42a8-a02c-e8699a962779,Gauze,998,,,,,,,,,,
TOOL_DISCARDED,490446,6/23/2023 9:49,e0b7bea0-1cf9-42a8-a02c-e8699a962779,Gauze,998,"(-1.1, 0.2, 3.2)",,,,,,,,,
INJURY_TREATED,490446,6/23/2023 9:49,e0b7bea0-1cf9-42a8-a02c-e8699a962779,R Calf Shrapnel,Gloria_6 Root,gauzePressure,medium,rightLeg,TRUE,FALSE,"(-1.1, 0.2, 3.2)",,,,
TOOL_APPLIED,490446,6/23/2023 9:49,e0b7bea0-1cf9-42a8-a02c-e8699a962779,Gloria_6 Root,Gauze_Dressing,skinCollider_Body_LOD (UnityEngine.GameObject),null,null,AppliedDressingGauze,,,,,,
TAG_SELECTED,493040,6/23/2023 9:49,e0b7bea0-1cf9-42a8-a02c-e8699a962779,green,,,,,,,,,,,
TAG_APPLIED,495873,6/23/2023 9:49,e0b7bea0-1cf9-42a8-a02c-e8699a962779,Gloria_6 Root,green,,,,,,,,,,
TOOL_HOVER,498991,6/23/2023 9:49,e0b7bea0-1cf9-42a8-a02c-e8699a962779,Hemostatic Gauze,999,,,,,,,,,,
TOOL_HOVER,499007,6/23/2023 9:49,e0b7bea0-1cf9-42a8-a02c-e8699a962779,Hemostatic Gauze,999,,,,,,,,,,
TOOL_HOVER,499024,6/23/2023 9:49,e0b7bea0-1cf9-42a8-a02c-e8699a962779,Hemostatic Gauze,999,,,,,,,,,,
TOOL_HOVER,499041,6/23/2023 9:49,e0b7bea0-1cf9-42a8-a02c-e8699a962779,Hemostatic Gauze,999,,,,,,,,,,
TOOL_HOVER,499057,6/23/2023 9:49,e0b7bea0-1cf9-42a8-a02c-e8699a962779,Hemostatic Gauze,999,,,,,,,,,,
TOOL_HOVER,499074,6/23/2023 9:49,e0b7bea0-1cf9-42a8-a02c-e8699a962779,Hemostatic Gauze,999,,,,,,,,,,
TOOL_HOVER,499091,6/23/2023 9:49,e0b7bea0-1cf9-42a8-a02c-e8699a962779,Hemostatic Gauze,999,,,,,,,,,,
TOOL_HOVER,499107,6/23/2023 9:49,e0b7bea0-1cf9-42a8-a02c-e8699a962779,Hemostatic Gauze,999,,,,,,,,,,
TOOL_HOVER,499124,6/23/2023 9:49,e0b7bea0-1cf9-42a8-a02c-e8699a962779,Hemostatic Gauze,999,,,,,,,,,,
TOOL_HOVER,499141,6/23/2023 9:49,e0b7bea0-1cf9-42a8-a02c-e8699a962779,Hemostatic Gauze,999,,,,,,,,,,
TOOL_HOVER,499158,6/23/2023 9:49,e0b7bea0-1cf9-42a8-a02c-e8699a962779,Hemostatic Gauze,999,,,,,,,,,,
TOOL_HOVER,499175,6/23/2023 9:49,e0b7bea0-1cf9-42a8-a02c-e8699a962779,Hemostatic Gauze,999,,,,,,,,,,
TOOL_HOVER,499191,6/23/2023 9:49,e0b7bea0-1cf9-42a8-a02c-e8699a962779,Hemostatic Gauze,999,,,,,,,,,,
TOOL_HOVER,499208,6/23/2023 9:49,e0b7bea0-1cf9-42a8-a02c-e8699a962779,Hemostatic Gauze,999,,,,,,,,,,
TOOL_HOVER,499225,6/23/2023 9:49,e0b7bea0-1cf9-42a8-a02c-e8699a962779,Hemostatic Gauze,999,,,,,,,,,,
TOOL_HOVER,499241,6/23/2023 9:49,e0b7bea0-1cf9-42a8-a02c-e8699a962779,Hemostatic Gauze,999,,,,,,,,,,
TOOL_HOVER,499241,6/23/2023 9:49,e0b7bea0-1cf9-42a8-a02c-e8699a962779,Hemostatic Gauze,999,,,,,,,,,,
TOOL_HOVER,499258,6/23/2023 9:49,e0b7bea0-1cf9-42a8-a02c-e8699a962779,Hemostatic Gauze,999,,,,,,,,,,
TOOL_HOVER,499258,6/23/2023 9:49,e0b7bea0-1cf9-42a8-a02c-e8699a962779,Hemostatic Gauze,999,,,,,,,,,,
TOOL_HOVER,499274,6/23/2023 9:49,e0b7bea0-1cf9-42a8-a02c-e8699a962779,Hemostatic Gauze,999,,,,,,,,,,
TOOL_HOVER,499274,6/23/2023 9:49,e0b7bea0-1cf9-42a8-a02c-e8699a962779,Hemostatic Gauze,999,,,,,,,,,,
TOOL_HOVER,499291,6/23/2023 9:49,e0b7bea0-1cf9-42a8-a02c-e8699a962779,Hemostatic Gauze,999,,,,,,,,,,
TOOL_HOVER,499307,6/23/2023 9:49,e0b7bea0-1cf9-42a8-a02c-e8699a962779,Hemostatic Gauze,999,,,,,,,,,,
TOOL_HOVER,499324,6/23/2023 9:49,e0b7bea0-1cf9-42a8-a02c-e8699a962779,Hemostatic Gauze,999,,,,,,,,,,
TOOL_HOVER,499341,6/23/2023 9:49,e0b7bea0-1cf9-42a8-a02c-e8699a962779,Hemostatic Gauze,999,,,,,,,,,,
TOOL_HOVER,499357,6/23/2023 9:49,e0b7bea0-1cf9-42a8-a02c-e8699a962779,Hemostatic Gauze,999,,,,,,,,,,
TOOL_HOVER,499375,6/23/2023 9:49,e0b7bea0-1cf9-42a8-a02c-e8699a962779,Hemostatic Gauze,999,,,,,,,,,,
TOOL_HOVER,499392,6/23/2023 9:49,e0b7bea0-1cf9-42a8-a02c-e8699a962779,Hemostatic Gauze,999,,,,,,,,,,
TOOL_HOVER,499408,6/23/2023 9:49,e0b7bea0-1cf9-42a8-a02c-e8699a962779,Hemostatic Gauze,999,,,,,,,,,,
TOOL_HOVER,499425,6/23/2023 9:49,e0b7bea0-1cf9-42a8-a02c-e8699a962779,Hemostatic Gauze,999,,,,,,,,,,
TOOL_HOVER,499442,6/23/2023 9:49,e0b7bea0-1cf9-42a8-a02c-e8699a962779,Hemostatic Gauze,999,,,,,,,,,,
TOOL_HOVER,499459,6/23/2023 9:49,e0b7bea0-1cf9-42a8-a02c-e8699a962779,Hemostatic Gauze,999,,,,,,,,,,
TOOL_HOVER,499475,6/23/2023 9:49,e0b7bea0-1cf9-42a8-a02c-e8699a962779,Hemostatic Gauze,999,,,,,,,,,,
TOOL_HOVER,499491,6/23/2023 9:49,e0b7bea0-1cf9-42a8-a02c-e8699a962779,Hemostatic Gauze,999,,,,,,,,,,
TOOL_HOVER,499508,6/23/2023 9:49,e0b7bea0-1cf9-42a8-a02c-e8699a962779,Hemostatic Gauze,999,,,,,,,,,,
TOOL_HOVER,499524,6/23/2023 9:49,e0b7bea0-1cf9-42a8-a02c-e8699a962779,Hemostatic Gauze,999,,,,,,,,,,
TOOL_HOVER,499941,6/23/2023 9:49,e0b7bea0-1cf9-42a8-a02c-e8699a962779,Hemostatic Gauze,999,,,,,,,,,,
TOOL_HOVER,499958,6/23/2023 9:49,e0b7bea0-1cf9-42a8-a02c-e8699a962779,Hemostatic Gauze,999,,,,,,,,,,
TOOL_HOVER,499974,6/23/2023 9:49,e0b7bea0-1cf9-42a8-a02c-e8699a962779,Hemostatic Gauze,999,,,,,,,,,,
TOOL_HOVER,499991,6/23/2023 9:49,e0b7bea0-1cf9-42a8-a02c-e8699a962779,Hemostatic Gauze,999,,,,,,,,,,
TOOL_HOVER,500007,6/23/2023 9:49,e0b7bea0-1cf9-42a8-a02c-e8699a962779,Hemostatic Gauze,999,,,,,,,,,,
TOOL_HOVER,500024,6/23/2023 9:49,e0b7bea0-1cf9-42a8-a02c-e8699a962779,Hemostatic Gauze,999,,,,,,,,,,
TOOL_HOVER,500042,6/23/2023 9:49,e0b7bea0-1cf9-42a8-a02c-e8699a962779,Hemostatic Gauze,999,,,,,,,,,,
TOOL_HOVER,500058,6/23/2023 9:49,e0b7bea0-1cf9-42a8-a02c-e8699a962779,Hemostatic Gauze,999,,,,,,,,,,
TOOL_HOVER,500075,6/23/2023 9:49,e0b7bea0-1cf9-42a8-a02c-e8699a962779,Hemostatic Gauze,999,,,,,,,,,,
TOOL_HOVER,500091,6/23/2023 9:49,e0b7bea0-1cf9-42a8-a02c-e8699a962779,Hemostatic Gauze,999,,,,,,,,,,
TOOL_HOVER,500107,6/23/2023 9:49,e0b7bea0-1cf9-42a8-a02c-e8699a962779,Hemostatic Gauze,999,,,,,,,,,,
TOOL_HOVER,500124,6/23/2023 9:49,e0b7bea0-1cf9-42a8-a02c-e8699a962779,Hemostatic Gauze,999,,,,,,,,,,
TOOL_HOVER,500141,6/23/2023 9:49,e0b7bea0-1cf9-42a8-a02c-e8699a962779,Hemostatic Gauze,999,,,,,,,,,,
TOOL_HOVER,500157,6/23/2023 9:49,e0b7bea0-1cf9-42a8-a02c-e8699a962779,Hemostatic Gauze,999,,,,,,,,,,
TOOL_HOVER,500175,6/23/2023 9:49,e0b7bea0-1cf9-42a8-a02c-e8699a962779,Hemostatic Gauze,999,,,,,,,,,,
TOOL_HOVER,500191,6/23/2023 9:49,e0b7bea0-1cf9-42a8-a02c-e8699a962779,Hemostatic Gauze,999,,,,,,,,,,
TOOL_HOVER,500207,6/23/2023 9:49,e0b7bea0-1cf9-42a8-a02c-e8699a962779,Hemostatic Gauze,999,,,,,,,,,,
TOOL_HOVER,500224,6/23/2023 9:49,e0b7bea0-1cf9-42a8-a02c-e8699a962779,Hemostatic Gauze,999,,,,,,,,,,
TOOL_HOVER,500241,6/23/2023 9:49,e0b7bea0-1cf9-42a8-a02c-e8699a962779,Hemostatic Gauze,999,,,,,,,,,,
TOOL_HOVER,500258,6/23/2023 9:49,e0b7bea0-1cf9-42a8-a02c-e8699a962779,Hemostatic Gauze,999,,,,,,,,,,
TOOL_HOVER,500274,6/23/2023 9:49,e0b7bea0-1cf9-42a8-a02c-e8699a962779,Hemostatic Gauze,999,,,,,,,,,,
TOOL_HOVER,500292,6/23/2023 9:49,e0b7bea0-1cf9-42a8-a02c-e8699a962779,Hemostatic Gauze,999,,,,,,,,,,
TOOL_HOVER,500308,6/23/2023 9:49,e0b7bea0-1cf9-42a8-a02c-e8699a962779,Hemostatic Gauze,999,,,,,,,,,,
TOOL_HOVER,500324,6/23/2023 9:49,e0b7bea0-1cf9-42a8-a02c-e8699a962779,Hemostatic Gauze,999,,,,,,,,,,
TOOL_HOVER,500341,6/23/2023 9:49,e0b7bea0-1cf9-42a8-a02c-e8699a962779,Hemostatic Gauze,999,,,,,,,,,,
TOOL_HOVER,500357,6/23/2023 9:49,e0b7bea0-1cf9-42a8-a02c-e8699a962779,Hemostatic Gauze,999,,,,,,,,,,
TOOL_HOVER,500374,6/23/2023 9:49,e0b7bea0-1cf9-42a8-a02c-e8699a962779,Hemostatic Gauze,999,,,,,,,,,,
TOOL_HOVER,500392,6/23/2023 9:49,e0b7bea0-1cf9-42a8-a02c-e8699a962779,Hemostatic Gauze,999,,,,,,,,,,
TOOL_HOVER,500408,6/23/2023 9:49,e0b7bea0-1cf9-42a8-a02c-e8699a962779,Hemostatic Gauze,999,,,,,,,,,,
TOOL_HOVER,500425,6/23/2023 9:49,e0b7bea0-1cf9-42a8-a02c-e8699a962779,Hemostatic Gauze,999,,,,,,,,,,
TOOL_HOVER,500441,6/23/2023 9:49,e0b7bea0-1cf9-42a8-a02c-e8699a962779,Hemostatic Gauze,999,,,,,,,,,,
TOOL_HOVER,500458,6/23/2023 9:49,e0b7bea0-1cf9-42a8-a02c-e8699a962779,Hemostatic Gauze,999,,,,,,,,,,
TOOL_HOVER,500475,6/23/2023 9:49,e0b7bea0-1cf9-42a8-a02c-e8699a962779,Hemostatic Gauze,999,,,,,,,,,,
TOOL_HOVER,500492,6/23/2023 9:49,e0b7bea0-1cf9-42a8-a02c-e8699a962779,Hemostatic Gauze,999,,,,,,,,,,
TOOL_HOVER,500508,6/23/2023 9:49,e0b7bea0-1cf9-42a8-a02c-e8699a962779,Hemostatic Gauze,999,,,,,,,,,,
TOOL_HOVER,500525,6/23/2023 9:49,e0b7bea0-1cf9-42a8-a02c-e8699a962779,Hemostatic Gauze,999,,,,,,,,,,
TOOL_HOVER,500542,6/23/2023 9:49,e0b7bea0-1cf9-42a8-a02c-e8699a962779,Hemostatic Gauze,999,,,,,,,,,,
TOOL_HOVER,500559,6/23/2023 9:49,e0b7bea0-1cf9-42a8-a02c-e8699a962779,Hemostatic Gauze,999,,,,,,,,,,
TOOL_HOVER,500575,6/23/2023 9:49,e0b7bea0-1cf9-42a8-a02c-e8699a962779,Hemostatic Gauze,999,,,,,,,,,,
TOOL_HOVER,500592,6/23/2023 9:49,e0b7bea0-1cf9-42a8-a02c-e8699a962779,Hemostatic Gauze,999,,,,,,,,,,
TOOL_HOVER,500608,6/23/2023 9:49,e0b7bea0-1cf9-42a8-a02c-e8699a962779,Hemostatic Gauze,999,,,,,,,,,,
TOOL_HOVER,500625,6/23/2023 9:49,e0b7bea0-1cf9-42a8-a02c-e8699a962779,Hemostatic Gauze,999,,,,,,,,,,
TOOL_HOVER,500641,6/23/2023 9:49,e0b7bea0-1cf9-42a8-a02c-e8699a962779,Hemostatic Gauze,999,,,,,,,,,,
TOOL_HOVER,500658,6/23/2023 9:49,e0b7bea0-1cf9-42a8-a02c-e8699a962779,Hemostatic Gauze,999,,,,,,,,,,
TOOL_HOVER,500675,6/23/2023 9:49,e0b7bea0-1cf9-42a8-a02c-e8699a962779,Hemostatic Gauze,999,,,,,,,,,,
TOOL_HOVER,500692,6/23/2023 9:49,e0b7bea0-1cf9-42a8-a02c-e8699a962779,Hemostatic Gauze,999,,,,,,,,,,
TOOL_HOVER,500709,6/23/2023 9:49,e0b7bea0-1cf9-42a8-a02c-e8699a962779,Hemostatic Gauze,999,,,,,,,,,,
TOOL_HOVER,500725,6/23/2023 9:49,e0b7bea0-1cf9-42a8-a02c-e8699a962779,Hemostatic Gauze,999,,,,,,,,,,
TOOL_HOVER,500741,6/23/2023 9:49,e0b7bea0-1cf9-42a8-a02c-e8699a962779,Hemostatic Gauze,999,,,,,,,,,,
TOOL_HOVER,500758,6/23/2023 9:49,e0b7bea0-1cf9-42a8-a02c-e8699a962779,Hemostatic Gauze,999,,,,,,,,,,
TOOL_HOVER,500775,6/23/2023 9:49,e0b7bea0-1cf9-42a8-a02c-e8699a962779,Hemostatic Gauze,999,,,,,,,,,,
TOOL_HOVER,500793,6/23/2023 9:49,e0b7bea0-1cf9-42a8-a02c-e8699a962779,Hemostatic Gauze,999,,,,,,,,,,
TOOL_HOVER,500808,6/23/2023 9:49,e0b7bea0-1cf9-42a8-a02c-e8699a962779,Hemostatic Gauze,999,,,,,,,,,,
TOOL_HOVER,500825,6/23/2023 9:49,e0b7bea0-1cf9-42a8-a02c-e8699a962779,Hemostatic Gauze,999,,,,,,,,,,
TOOL_HOVER,500842,6/23/2023 9:49,e0b7bea0-1cf9-42a8-a02c-e8699a962779,Hemostatic Gauze,999,,,,,,,,,,
TOOL_HOVER,500858,6/23/2023 9:49,e0b7bea0-1cf9-42a8-a02c-e8699a962779,Hemostatic Gauze,999,,,,,,,,,,
TOOL_HOVER,500875,6/23/2023 9:49,e0b7bea0-1cf9-42a8-a02c-e8699a962779,Hemostatic Gauze,999,,,,,,,,,,
TOOL_HOVER,500891,6/23/2023 9:49,e0b7bea0-1cf9-42a8-a02c-e8699a962779,Hemostatic Gauze,999,,,,,,,,,,
TOOL_HOVER,500908,6/23/2023 9:49,e0b7bea0-1cf9-42a8-a02c-e8699a962779,Hemostatic Gauze,999,,,,,,,,,,
TOOL_HOVER,500925,6/23/2023 9:49,e0b7bea0-1cf9-42a8-a02c-e8699a962779,Hemostatic Gauze,999,,,,,,,,,,
TOOL_HOVER,500941,6/23/2023 9:49,e0b7bea0-1cf9-42a8-a02c-e8699a962779,Hemostatic Gauze,999,,,,,,,,,,
TOOL_HOVER,500958,6/23/2023 9:49,e0b7bea0-1cf9-42a8-a02c-e8699a962779,Hemostatic Gauze,999,,,,,,,,,,
TOOL_HOVER,500974,6/23/2023 9:49,e0b7bea0-1cf9-42a8-a02c-e8699a962779,Hemostatic Gauze,999,,,,,,,,,,
TOOL_HOVER,500992,6/23/2023 9:49,e0b7bea0-1cf9-42a8-a02c-e8699a962779,Hemostatic Gauze,999,,,,,,,,,,
TOOL_HOVER,501007,6/23/2023 9:49,e0b7bea0-1cf9-42a8-a02c-e8699a962779,Hemostatic Gauze,999,,,,,,,,,,
TOOL_HOVER,501025,6/23/2023 9:49,e0b7bea0-1cf9-42a8-a02c-e8699a962779,Hemostatic Gauze,999,,,,,,,,,,
TOOL_HOVER,501042,6/23/2023 9:49,e0b7bea0-1cf9-42a8-a02c-e8699a962779,Hemostatic Gauze,999,,,,,,,,,,
TOOL_HOVER,501058,6/23/2023 9:49,e0b7bea0-1cf9-42a8-a02c-e8699a962779,Hemostatic Gauze,999,,,,,,,,,,
TOOL_HOVER,501078,6/23/2023 9:49,e0b7bea0-1cf9-42a8-a02c-e8699a962779,Hemostatic Gauze,999,,,,,,,,,,
TOOL_HOVER,501092,6/23/2023 9:49,e0b7bea0-1cf9-42a8-a02c-e8699a962779,Hemostatic Gauze,999,,,,,,,,,,
TOOL_HOVER,501108,6/23/2023 9:49,e0b7bea0-1cf9-42a8-a02c-e8699a962779,Hemostatic Gauze,999,,,,,,,,,,
TOOL_HOVER,501124,6/23/2023 9:49,e0b7bea0-1cf9-42a8-a02c-e8699a962779,Hemostatic Gauze,999,,,,,,,,,,
BAG_CLOSED,501980,6/23/2023 9:49,e0b7bea0-1cf9-42a8-a02c-e8699a962779,"(-1.5, 0.6, 3.5)",,,,,,,,,,,
VOICE_CAPTURE,504645,6/23/2023 9:49,e0b7bea0-1cf9-42a8-a02c-e8699a962779,Does anybody else,NA,,,,,,,,,,
TELEPORT,509764,6/23/2023 9:49,e0b7bea0-1cf9-42a8-a02c-e8699a962779,"(-1.7, 0.0, 5.4)",,,,,,,,,,,
VOICE_CAPTURE,510064,6/23/2023 9:49,e0b7bea0-1cf9-42a8-a02c-e8699a962779,I good,NA,,,,,,,,,,
PATIENT_ENGAGED,511696,6/23/2023 9:49,e0b7bea0-1cf9-42a8-a02c-e8699a962779,100,Infinity,Helga_10 Root,"(4.3, 0.0, -2.1)","(0.0, -0.6, 0.0, 0.8)",MINIMAL,walker,normal,normal,normal,calm,standing
VOICE_CAPTURE,518310,6/23/2023 9:50,e0b7bea0-1cf9-42a8-a02c-e8699a962779,me,NA,,,,,,,,,,
TELEPORT,521435,6/23/2023 9:50,e0b7bea0-1cf9-42a8-a02c-e8699a962779,"(2.5, 0.0, 0.4)",,,,,,,,,,,
PULSE_TAKEN,526205,6/23/2023 9:50,e0b7bea0-1cf9-42a8-a02c-e8699a962779,pulse_normal,Helga_10 Root,,,,,,,,,,
BAG_ACCESS,537527,6/23/2023 9:50,e0b7bea0-1cf9-42a8-a02c-e8699a962779,"(4.7, 0.8, -2.8)",,,,,,,,,,,
TOOL_HOVER,538596,6/23/2023 9:50,e0b7bea0-1cf9-42a8-a02c-e8699a962779,Gauze,999,,,,,,,,,,
TOOL_HOVER,538613,6/23/2023 9:50,e0b7bea0-1cf9-42a8-a02c-e8699a962779,Gauze,999,,,,,,,,,,
TOOL_HOVER,538629,6/23/2023 9:50,e0b7bea0-1cf9-42a8-a02c-e8699a962779,Gauze,999,,,,,,,,,,
TOOL_HOVER,538645,6/23/2023 9:50,e0b7bea0-1cf9-42a8-a02c-e8699a962779,Gauze,999,,,,,,,,,,
TOOL_HOVER,538662,6/23/2023 9:50,e0b7bea0-1cf9-42a8-a02c-e8699a962779,Gauze,999,,,,,,,,,,
TOOL_SELECTED,538663,6/23/2023 9:50,e0b7bea0-1cf9-42a8-a02c-e8699a962779,Gauze,998,,,,,,,,,,
TOOL_DISCARDED,543675,6/23/2023 9:50,e0b7bea0-1cf9-42a8-a02c-e8699a962779,Gauze,998,"(4.3, 1.5, -2.3)",,,,,,,,,
TOOL_APPLIED,543676,6/23/2023 9:50,e0b7bea0-1cf9-42a8-a02c-e8699a962779,Helga_10 Root,Gauze_Dressing,skinCollider_BodyLOD (UnityEngine.GameObject),null,null,AppliedDressingGauze,,,,,,
TOOL_HOVER,544493,6/23/2023 9:50,e0b7bea0-1cf9-42a8-a02c-e8699a962779,Gauze,999,,,,,,,,,,
TOOL_HOVER,544508,6/23/2023 9:50,e0b7bea0-1cf9-42a8-a02c-e8699a962779,Gauze,999,,,,,,,,,,
TOOL_HOVER,544525,6/23/2023 9:50,e0b7bea0-1cf9-42a8-a02c-e8699a962779,Gauze,999,,,,,,,,,,
TOOL_HOVER,544540,6/23/2023 9:50,e0b7bea0-1cf9-42a8-a02c-e8699a962779,Gauze,999,,,,,,,,,,
TOOL_HOVER,544558,6/23/2023 9:50,e0b7bea0-1cf9-42a8-a02c-e8699a962779,Gauze,999,,,,,,,,,,
TOOL_HOVER,544574,6/23/2023 9:50,e0b7bea0-1cf9-42a8-a02c-e8699a962779,Gauze,999,,,,,,,,,,
TOOL_HOVER,544590,6/23/2023 9:50,e0b7bea0-1cf9-42a8-a02c-e8699a962779,Gauze,999,,,,,,,,,,
TOOL_HOVER,544607,6/23/2023 9:50,e0b7bea0-1cf9-42a8-a02c-e8699a962779,Gauze,999,,,,,,,,,,
TOOL_HOVER,544625,6/23/2023 9:50,e0b7bea0-1cf9-42a8-a02c-e8699a962779,Gauze,999,,,,,,,,,,
TOOL_HOVER,544641,6/23/2023 9:50,e0b7bea0-1cf9-42a8-a02c-e8699a962779,Gauze,999,,,,,,,,,,
TOOL_HOVER,544658,6/23/2023 9:50,e0b7bea0-1cf9-42a8-a02c-e8699a962779,Gauze,999,,,,,,,,,,
TOOL_HOVER,544675,6/23/2023 9:50,e0b7bea0-1cf9-42a8-a02c-e8699a962779,Gauze,999,,,,,,,,,,
TOOL_HOVER,544692,6/23/2023 9:50,e0b7bea0-1cf9-42a8-a02c-e8699a962779,Gauze,999,,,,,,,,,,
TOOL_HOVER,544708,6/23/2023 9:50,e0b7bea0-1cf9-42a8-a02c-e8699a962779,Gauze,999,,,,,,,,,,
TOOL_HOVER,544725,6/23/2023 9:50,e0b7bea0-1cf9-42a8-a02c-e8699a962779,Gauze,999,,,,,,,,,,
TOOL_HOVER,544741,6/23/2023 9:50,e0b7bea0-1cf9-42a8-a02c-e8699a962779,Gauze,999,,,,,,,,,,
TOOL_HOVER,544757,6/23/2023 9:50,e0b7bea0-1cf9-42a8-a02c-e8699a962779,Gauze,999,,,,,,,,,,
TOOL_HOVER,544775,6/23/2023 9:50,e0b7bea0-1cf9-42a8-a02c-e8699a962779,Gauze,999,,,,,,,,,,
TOOL_HOVER,544792,6/23/2023 9:50,e0b7bea0-1cf9-42a8-a02c-e8699a962779,Gauze,999,,,,,,,,,,
TOOL_HOVER,544808,6/23/2023 9:50,e0b7bea0-1cf9-42a8-a02c-e8699a962779,Gauze,999,,,,,,,,,,
TOOL_HOVER,544826,6/23/2023 9:50,e0b7bea0-1cf9-42a8-a02c-e8699a962779,Gauze,999,,,,,,,,,,
TOOL_HOVER,544842,6/23/2023 9:50,e0b7bea0-1cf9-42a8-a02c-e8699a962779,Gauze,999,,,,,,,,,,
TOOL_HOVER,544858,6/23/2023 9:50,e0b7bea0-1cf9-42a8-a02c-e8699a962779,Gauze,999,,,,,,,,,,
TOOL_HOVER,544876,6/23/2023 9:50,e0b7bea0-1cf9-42a8-a02c-e8699a962779,Gauze,999,,,,,,,,,,
TOOL_HOVER,544892,6/23/2023 9:50,e0b7bea0-1cf9-42a8-a02c-e8699a962779,Gauze,999,,,,,,,,,,
TOOL_HOVER,544908,6/23/2023 9:50,e0b7bea0-1cf9-42a8-a02c-e8699a962779,Gauze,999,,,,,,,,,,
TOOL_HOVER,544926,6/23/2023 9:50,e0b7bea0-1cf9-42a8-a02c-e8699a962779,Gauze,999,,,,,,,,,,
TOOL_HOVER,544942,6/23/2023 9:50,e0b7bea0-1cf9-42a8-a02c-e8699a962779,Gauze,999,,,,,,,,,,
TOOL_HOVER,544958,6/23/2023 9:50,e0b7bea0-1cf9-42a8-a02c-e8699a962779,Gauze,999,,,,,,,,,,
TOOL_HOVER,544976,6/23/2023 9:50,e0b7bea0-1cf9-42a8-a02c-e8699a962779,Gauze,999,,,,,,,,,,
TOOL_HOVER,544993,6/23/2023 9:50,e0b7bea0-1cf9-42a8-a02c-e8699a962779,Gauze,999,,,,,,,,,,
TOOL_HOVER,545008,6/23/2023 9:50,e0b7bea0-1cf9-42a8-a02c-e8699a962779,Gauze,999,,,,,,,,,,
TOOL_HOVER,545026,6/23/2023 9:50,e0b7bea0-1cf9-42a8-a02c-e8699a962779,Gauze,999,,,,,,,,,,
TOOL_HOVER,545043,6/23/2023 9:50,e0b7bea0-1cf9-42a8-a02c-e8699a962779,Gauze,999,,,,,,,,,,
TOOL_HOVER,545060,6/23/2023 9:50,e0b7bea0-1cf9-42a8-a02c-e8699a962779,Gauze,999,,,,,,,,,,
TOOL_HOVER,545077,6/23/2023 9:50,e0b7bea0-1cf9-42a8-a02c-e8699a962779,Gauze,999,,,,,,,,,,
TOOL_HOVER,545094,6/23/2023 9:50,e0b7bea0-1cf9-42a8-a02c-e8699a962779,Gauze,999,,,,,,,,,,
TOOL_HOVER,545110,6/23/2023 9:50,e0b7bea0-1cf9-42a8-a02c-e8699a962779,Gauze,999,,,,,,,,,,
TOOL_HOVER,545126,6/23/2023 9:50,e0b7bea0-1cf9-42a8-a02c-e8699a962779,Gauze,999,,,,,,,,,,
TOOL_HOVER,545143,6/23/2023 9:50,e0b7bea0-1cf9-42a8-a02c-e8699a962779,Gauze,999,,,,,,,,,,
TOOL_HOVER,545159,6/23/2023 9:50,e0b7bea0-1cf9-42a8-a02c-e8699a962779,Gauze,999,,,,,,,,,,
TOOL_HOVER,545177,6/23/2023 9:50,e0b7bea0-1cf9-42a8-a02c-e8699a962779,Gauze,999,,,,,,,,,,
TOOL_HOVER,545193,6/23/2023 9:50,e0b7bea0-1cf9-42a8-a02c-e8699a962779,Gauze,999,,,,,,,,,,
TOOL_HOVER,545210,6/23/2023 9:50,e0b7bea0-1cf9-42a8-a02c-e8699a962779,Gauze,999,,,,,,,,,,
TOOL_HOVER,545226,6/23/2023 9:50,e0b7bea0-1cf9-42a8-a02c-e8699a962779,Gauze,999,,,,,,,,,,
TOOL_HOVER,545243,6/23/2023 9:50,e0b7bea0-1cf9-42a8-a02c-e8699a962779,Gauze,999,,,,,,,,,,
TOOL_HOVER,545259,6/23/2023 9:50,e0b7bea0-1cf9-42a8-a02c-e8699a962779,Gauze,999,,,,,,,,,,
TOOL_HOVER,545276,6/23/2023 9:50,e0b7bea0-1cf9-42a8-a02c-e8699a962779,Gauze,999,,,,,,,,,,
PULSE_TAKEN,547152,6/23/2023 9:50,e0b7bea0-1cf9-42a8-a02c-e8699a962779,pulse_normal,Helga_10 Root,,,,,,,,,,
TOOL_HOVER,549091,6/23/2023 9:50,e0b7bea0-1cf9-42a8-a02c-e8699a962779,Gauze,999,,,,,,,,,,
TOOL_HOVER,549107,6/23/2023 9:50,e0b7bea0-1cf9-42a8-a02c-e8699a962779,Gauze,999,,,,,,,,,,
TOOL_HOVER,549124,6/23/2023 9:50,e0b7bea0-1cf9-42a8-a02c-e8699a962779,Gauze,999,,,,,,,,,,
TOOL_HOVER,549140,6/23/2023 9:50,e0b7bea0-1cf9-42a8-a02c-e8699a962779,Gauze,999,,,,,,,,,,
TOOL_HOVER,549156,6/23/2023 9:50,e0b7bea0-1cf9-42a8-a02c-e8699a962779,Gauze,999,,,,,,,,,,
TOOL_HOVER,549174,6/23/2023 9:50,e0b7bea0-1cf9-42a8-a02c-e8699a962779,Gauze,999,,,,,,,,,,
TOOL_HOVER,549190,6/23/2023 9:50,e0b7bea0-1cf9-42a8-a02c-e8699a962779,Gauze,999,,,,,,,,,,
TOOL_HOVER,549207,6/23/2023 9:50,e0b7bea0-1cf9-42a8-a02c-e8699a962779,Gauze,999,,,,,,,,,,
TOOL_HOVER,549224,6/23/2023 9:50,e0b7bea0-1cf9-42a8-a02c-e8699a962779,Gauze,999,,,,,,,,,,
TOOL_HOVER,549240,6/23/2023 9:50,e0b7bea0-1cf9-42a8-a02c-e8699a962779,Gauze,999,,,,,,,,,,
TOOL_HOVER,549257,6/23/2023 9:50,e0b7bea0-1cf9-42a8-a02c-e8699a962779,Gauze,999,,,,,,,,,,
TOOL_HOVER,549274,6/23/2023 9:50,e0b7bea0-1cf9-42a8-a02c-e8699a962779,Gauze,999,,,,,,,,,,
TOOL_HOVER,549290,6/23/2023 9:50,e0b7bea0-1cf9-42a8-a02c-e8699a962779,Gauze,999,,,,,,,,,,
TOOL_HOVER,549307,6/23/2023 9:50,e0b7bea0-1cf9-42a8-a02c-e8699a962779,Gauze,999,,,,,,,,,,
TOOL_HOVER,549324,6/23/2023 9:50,e0b7bea0-1cf9-42a8-a02c-e8699a962779,Gauze,999,,,,,,,,,,
TOOL_HOVER,549340,6/23/2023 9:50,e0b7bea0-1cf9-42a8-a02c-e8699a962779,Gauze,999,,,,,,,,,,
TOOL_HOVER,549357,6/23/2023 9:50,e0b7bea0-1cf9-42a8-a02c-e8699a962779,Gauze,999,,,,,,,,,,
TOOL_HOVER,549374,6/23/2023 9:50,e0b7bea0-1cf9-42a8-a02c-e8699a962779,Gauze,999,,,,,,,,,,
TOOL_SELECTED,549375,6/23/2023 9:50,e0b7bea0-1cf9-42a8-a02c-e8699a962779,Gauze,998,,,,,,,,,,
TOOL_DISCARDED,551053,6/23/2023 9:50,e0b7bea0-1cf9-42a8-a02c-e8699a962779,Gauze,998,"(4.3, 1.5, -2.3)",,,,,,,,,
TOOL_APPLIED,551053,6/23/2023 9:50,e0b7bea0-1cf9-42a8-a02c-e8699a962779,Helga_10 Root,Gauze_Dressing,skinCollider_BodyLOD (UnityEngine.GameObject),null,null,AppliedDressingGauze,,,,,,
TAG_SELECTED,553602,6/23/2023 9:50,e0b7bea0-1cf9-42a8-a02c-e8699a962779,green,,,,,,,,,,,
TAG_APPLIED,554753,6/23/2023 9:50,e0b7bea0-1cf9-42a8-a02c-e8699a962779,Helga_10 Root,green,,,,,,,,,,
BAG_CLOSED,557461,6/23/2023 9:50,e0b7bea0-1cf9-42a8-a02c-e8699a962779,"(4.7, 0.8, -2.8)",,,,,,,,,,,
VOICE_CAPTURE,559580,6/23/2023 9:50,e0b7bea0-1cf9-42a8-a02c-e8699a962779,modbutton im okay,NA,,,,,,,,,,
VOICE_COMMAND,559580,6/23/2023 9:50,e0b7bea0-1cf9-42a8-a02c-e8699a962779,modbutton im okay,modbutton im okay,,,,,,,,,,
PULSE_TAKEN,563703,6/23/2023 9:50,e0b7bea0-1cf9-42a8-a02c-e8699a962779,pulse_normal,Gloria_8 Root,,,,,,,,,,
PULSE_TAKEN,564188,6/23/2023 9:50,e0b7bea0-1cf9-42a8-a02c-e8699a962779,pulse_normal,Gloria_8 Root,,,,,,,,,,
PULSE_TAKEN,565056,6/23/2023 9:50,e0b7bea0-1cf9-42a8-a02c-e8699a962779,pulse_normal,Gloria_8 Root,,,,,,,,,,
BAG_ACCESS,566432,6/23/2023 9:50,e0b7bea0-1cf9-42a8-a02c-e8699a962779,"(4.2, 0.6, -4.4)",,,,,,,,,,,
TOOL_HOVER,566898,6/23/2023 9:50,e0b7bea0-1cf9-42a8-a02c-e8699a962779,Gauze,999,,,,,,,,,,
TOOL_HOVER,566915,6/23/2023 9:50,e0b7bea0-1cf9-42a8-a02c-e8699a962779,Gauze,999,,,,,,,,,,
TOOL_HOVER,566932,6/23/2023 9:50,e0b7bea0-1cf9-42a8-a02c-e8699a962779,Gauze,999,,,,,,,,,,
TOOL_HOVER,566948,6/23/2023 9:50,e0b7bea0-1cf9-42a8-a02c-e8699a962779,Gauze,999,,,,,,,,,,
TOOL_HOVER,566965,6/23/2023 9:50,e0b7bea0-1cf9-42a8-a02c-e8699a962779,Gauze,999,,,,,,,,,,
TOOL_HOVER,566982,6/23/2023 9:50,e0b7bea0-1cf9-42a8-a02c-e8699a962779,Gauze,999,,,,,,,,,,
TOOL_HOVER,566998,6/23/2023 9:50,e0b7bea0-1cf9-42a8-a02c-e8699a962779,Gauze,999,,,,,,,,,,
TOOL_HOVER,567015,6/23/2023 9:50,e0b7bea0-1cf9-42a8-a02c-e8699a962779,Gauze,999,,,,,,,,,,
TOOL_HOVER,567032,6/23/2023 9:50,e0b7bea0-1cf9-42a8-a02c-e8699a962779,Gauze,999,,,,,,,,,,
TOOL_HOVER,567049,6/23/2023 9:50,e0b7bea0-1cf9-42a8-a02c-e8699a962779,Gauze,999,,,,,,,,,,
TOOL_HOVER,567065,6/23/2023 9:50,e0b7bea0-1cf9-42a8-a02c-e8699a962779,Gauze,999,,,,,,,,,,
TOOL_HOVER,567082,6/23/2023 9:50,e0b7bea0-1cf9-42a8-a02c-e8699a962779,Gauze,999,,,,,,,,,,
TOOL_HOVER,567098,6/23/2023 9:50,e0b7bea0-1cf9-42a8-a02c-e8699a962779,Gauze,999,,,,,,,,,,
TOOL_HOVER,567115,6/23/2023 9:50,e0b7bea0-1cf9-42a8-a02c-e8699a962779,Gauze,999,,,,,,,,,,
TOOL_HOVER,567131,6/23/2023 9:50,e0b7bea0-1cf9-42a8-a02c-e8699a962779,Gauze,999,,,,,,,,,,
TOOL_HOVER,567148,6/23/2023 9:50,e0b7bea0-1cf9-42a8-a02c-e8699a962779,Gauze,999,,,,,,,,,,
TOOL_HOVER,567164,6/23/2023 9:50,e0b7bea0-1cf9-42a8-a02c-e8699a962779,Gauze,999,,,,,,,,,,
TOOL_HOVER,567182,6/23/2023 9:50,e0b7bea0-1cf9-42a8-a02c-e8699a962779,Gauze,999,,,,,,,,,,
TOOL_HOVER,567198,6/23/2023 9:50,e0b7bea0-1cf9-42a8-a02c-e8699a962779,Gauze,999,,,,,,,,,,
TOOL_HOVER,567215,6/23/2023 9:50,e0b7bea0-1cf9-42a8-a02c-e8699a962779,Gauze,999,,,,,,,,,,
TOOL_HOVER,567232,6/23/2023 9:50,e0b7bea0-1cf9-42a8-a02c-e8699a962779,Gauze,999,,,,,,,,,,
TOOL_HOVER,567248,6/23/2023 9:50,e0b7bea0-1cf9-42a8-a02c-e8699a962779,Gauze,999,,,,,,,,,,
TOOL_HOVER,567265,6/23/2023 9:50,e0b7bea0-1cf9-42a8-a02c-e8699a962779,Gauze,999,,,,,,,,,,
TOOL_HOVER,567282,6/23/2023 9:50,e0b7bea0-1cf9-42a8-a02c-e8699a962779,Gauze,999,,,,,,,,,,
TOOL_HOVER,567298,6/23/2023 9:50,e0b7bea0-1cf9-42a8-a02c-e8699a962779,Gauze,999,,,,,,,,,,
TOOL_HOVER,567315,6/23/2023 9:50,e0b7bea0-1cf9-42a8-a02c-e8699a962779,Gauze,999,,,,,,,,,,
TOOL_HOVER,567332,6/23/2023 9:50,e0b7bea0-1cf9-42a8-a02c-e8699a962779,Gauze,999,,,,,,,,,,
TOOL_HOVER,567348,6/23/2023 9:50,e0b7bea0-1cf9-42a8-a02c-e8699a962779,Gauze,999,,,,,,,,,,
TOOL_HOVER,567365,6/23/2023 9:50,e0b7bea0-1cf9-42a8-a02c-e8699a962779,Gauze,999,,,,,,,,,,
TOOL_HOVER,567383,6/23/2023 9:50,e0b7bea0-1cf9-42a8-a02c-e8699a962779,Gauze,999,,,,,,,,,,
TOOL_HOVER,567398,6/23/2023 9:50,e0b7bea0-1cf9-42a8-a02c-e8699a962779,Gauze,999,,,,,,,,,,
TOOL_HOVER,567415,6/23/2023 9:50,e0b7bea0-1cf9-42a8-a02c-e8699a962779,Gauze,999,,,,,,,,,,
TOOL_HOVER,567431,6/23/2023 9:50,e0b7bea0-1cf9-42a8-a02c-e8699a962779,Gauze,999,,,,,,,,,,
TOOL_HOVER,567448,6/23/2023 9:50,e0b7bea0-1cf9-42a8-a02c-e8699a962779,Gauze,999,,,,,,,,,,
TOOL_HOVER,567465,6/23/2023 9:50,e0b7bea0-1cf9-42a8-a02c-e8699a962779,Gauze,999,,,,,,,,,,
TOOL_HOVER,567482,6/23/2023 9:50,e0b7bea0-1cf9-42a8-a02c-e8699a962779,Gauze,999,,,,,,,,,,
TOOL_HOVER,567498,6/23/2023 9:50,e0b7bea0-1cf9-42a8-a02c-e8699a962779,Gauze,999,,,,,,,,,,
TOOL_HOVER,567515,6/23/2023 9:50,e0b7bea0-1cf9-42a8-a02c-e8699a962779,Gauze,999,,,,,,,,,,
TOOL_HOVER,567531,6/23/2023 9:50,e0b7bea0-1cf9-42a8-a02c-e8699a962779,Gauze,999,,,,,,,,,,
TOOL_HOVER,567548,6/23/2023 9:50,e0b7bea0-1cf9-42a8-a02c-e8699a962779,Gauze,999,,,,,,,,,,
TOOL_HOVER,567565,6/23/2023 9:50,e0b7bea0-1cf9-42a8-a02c-e8699a962779,Gauze,999,,,,,,,,,,
TOOL_HOVER,567581,6/23/2023 9:50,e0b7bea0-1cf9-42a8-a02c-e8699a962779,Gauze,999,,,,,,,,,,
TOOL_HOVER,567598,6/23/2023 9:50,e0b7bea0-1cf9-42a8-a02c-e8699a962779,Gauze,999,,,,,,,,,,
TOOL_HOVER,567615,6/23/2023 9:50,e0b7bea0-1cf9-42a8-a02c-e8699a962779,Gauze,999,,,,,,,,,,
TOOL_HOVER,567632,6/23/2023 9:50,e0b7bea0-1cf9-42a8-a02c-e8699a962779,Gauze,999,,,,,,,,,,
TOOL_SELECTED,567633,6/23/2023 9:50,e0b7bea0-1cf9-42a8-a02c-e8699a962779,Gauze,998,,,,,,,,,,
PATIENT_ENGAGED,567965,6/23/2023 9:50,e0b7bea0-1cf9-42a8-a02c-e8699a962779,100,Infinity,Gloria_8 Root,"(4.3, 0.0, -4.4)","(0.0, 0.4, 0.0, -0.9)",MINIMAL,walker,normal,normal,normal,upset,sittingGround
TOOL_DISCARDED,568649,6/23/2023 9:50,e0b7bea0-1cf9-42a8-a02c-e8699a962779,Gauze,998,"(4.3, 0.4, -4.5)",,,,,,,,,
INJURY_TREATED,568649,6/23/2023 9:50,e0b7bea0-1cf9-42a8-a02c-e8699a962779,L Forearm Laceration,Gloria_8 Root,gauzePressure,low,leftArm,TRUE,FALSE,"(4.3, 0.4, -4.6)",,,,
TOOL_APPLIED,568649,6/23/2023 9:50,e0b7bea0-1cf9-42a8-a02c-e8699a962779,Gloria_8 Root,Gauze_Dressing,skinCollider_Body_LOD (UnityEngine.GameObject),null,null,AppliedDressingGauze,,,,,,
TAG_SELECTED,572935,6/23/2023 9:51,e0b7bea0-1cf9-42a8-a02c-e8699a962779,green,,,,,,,,,,,
TAG_APPLIED,574112,6/23/2023 9:51,e0b7bea0-1cf9-42a8-a02c-e8699a962779,Gloria_8 Root,green,,,,,,,,,,
BAG_CLOSED,575269,6/23/2023 9:51,e0b7bea0-1cf9-42a8-a02c-e8699a962779,"(4.2, 0.6, -4.4)",,,,,,,,,,,
VOICE_CAPTURE,581630,6/23/2023 9:51,e0b7bea0-1cf9-42a8-a02c-e8699a962779,Good,NA,,,,,,,,,,
TELEPORT,582134,6/23/2023 9:51,e0b7bea0-1cf9-42a8-a02c-e8699a962779,"(4.3, 0.0, -2.2)",,,,,,,,,,,
TELEPORT,583203,6/23/2023 9:51,e0b7bea0-1cf9-42a8-a02c-e8699a962779,"(4.3, 0.0, -2.2)",,,,,,,,,,,
VOICE_CAPTURE,586099,6/23/2023 9:51,e0b7bea0-1cf9-42a8-a02c-e8699a962779,I think so,NA,,,,,,,,,,
TELEPORT,590492,6/23/2023 9:51,e0b7bea0-1cf9-42a8-a02c-e8699a962779,"(2.6, 0.0, 4.0)",,,,,,,,,,,
SESSION_END,597676,6/23/2023 9:51,e0b7bea0-1cf9-42a8-a02c-e8699a962779,,,,,,,,,,,,
VOICE_CAPTURE,599347,6/23/2023 9:51,e0b7bea0-1cf9-42a8-a02c-e8699a962779,yeah looks good,NA,,,,,,,,,,
