VOICE_CAPTURE,3742,3/7/2023 12:15,a2a38d07-04c7-4b02-839e-83dc10e516ba,OK,NA,,,,,,,,,,
VOICE_CAPTURE,11146,3/7/2023 12:15,a2a38d07-04c7-4b02-839e-83dc10e516ba,OK,NA,,,,,,,,,,
VOICE_CAPTURE,17496,3/7/2023 12:15,a2a38d07-04c7-4b02-839e-83dc10e516ba,subway,NA,,,,,,,,,,
PATIENT_DEMOTED,18391,3/7/2023 12:15,a2a38d07-04c7-4b02-839e-83dc10e516ba,100,Infinity,Bob_0 Root,"(-1.4, 0.0, 5.6)","(0.0, 0.7, 0.0, 0.7)",EXPECTANT,still,faint,restricted,none,unresponsive,supine
PATIENT_DEMOTED,18592,3/7/2023 12:15,a2a38d07-04c7-4b02-839e-83dc10e516ba,100,Infinity,Bob_0 Root,"(-1.5, 0.0, 5.6)","(0.0, 0.7, 0.0, 0.7)",DEAD,still,none,none,none,dead,supine
PATIENT_DEMOTED,18723,3/7/2023 12:15,a2a38d07-04c7-4b02-839e-83dc10e516ba,100,Infinity,Gary_1 Root,"(1.7, 0.0, 7.4)","(0.0, 1.0, 0.0, 0.0)",EXPECTANT,still,faint,restricted,none,unresponsive,supine
VOICE_CAPTURE,19328,3/7/2023 12:15,a2a38d07-04c7-4b02-839e-83dc10e516ba,OK,NA,,,,,,,,,,
PATIENT_DEMOTED,19444,3/7/2023 12:15,a2a38d07-04c7-4b02-839e-83dc10e516ba,100,Infinity,Lily_2 Root,"(2.8, 0.0, 4.3)","(0.0, 1.0, 0.0, 0.0)",IMMEDIATE,waver,fast,fast,normal,agony,fetal
PATIENT_DEMOTED,20127,3/7/2023 12:15,a2a38d07-04c7-4b02-839e-83dc10e516ba,100,0,Gary_3 Root,"(0.3, 0.0, 1.6)","(0.0, 0.0, 0.0, 1.0)",IMMEDIATE,still,faint,collapsedRight,normal,unresponsive,supine
PATIENT_DEMOTED,20701,3/7/2023 12:15,a2a38d07-04c7-4b02-839e-83dc10e516ba,100,Infinity,Lily_4 Root,"(1.2, 0.0, 6.3)","(0.0, 1.0, 0.0, 0.0)",IMMEDIATE,waver,fast,normal,normal,upset,fetal
PATIENT_DEMOTED,21542,3/7/2023 12:15,a2a38d07-04c7-4b02-839e-83dc10e516ba,100,Infinity,Mike_5 Root,"(2.4, 0.0, 2.3)","(0.0, 1.0, 0.0, 0.0)",IMMEDIATE,waver,fast,normal,normal,upset,fetal
PATIENT_DEMOTED,22092,3/7/2023 12:15,a2a38d07-04c7-4b02-839e-83dc10e516ba,100,Infinity,Gloria_6 Root,"(-1.0, 0.0, 2.9)","(0.0, 0.4, 0.0, 0.9)",DELAYED,waver,fast,normal,normal,upset,fetal
VOICE_CAPTURE,22330,3/7/2023 12:15,a2a38d07-04c7-4b02-839e-83dc10e516ba,police have secured the scene,NA,,,,,,,,,,
PATIENT_DEMOTED,22801,3/7/2023 12:15,a2a38d07-04c7-4b02-839e-83dc10e516ba,100,Infinity,Mike_7 Root,"(1.7, 0.0, 3.9)","(0.0, 0.1, 0.0, 1.0)",IMMEDIATE,waver,fast,normal,normal,upset,sittingGround
PATIENT_DEMOTED,23178,3/7/2023 12:15,a2a38d07-04c7-4b02-839e-83dc10e516ba,100,Infinity,Mike_7 Root,"(1.0, 0.0, 3.7)","(0.0, 0.1, 0.0, 1.0)",DELAYED,waver,fast,normal,normal,upset,sittingGround
VOICE_CAPTURE,25027,3/7/2023 12:15,a2a38d07-04c7-4b02-839e-83dc10e516ba,medics are on their way but they're 15 minutes,NA,,,,,,,,,,
SESSION_START,27148,3/7/2023 12:15,a2a38d07-04c7-4b02-839e-83dc10e516ba,,,,,,,,,,,,
PATIENT_RECORD,27148,3/7/2023 12:15,a2a38d07-04c7-4b02-839e-83dc10e516ba,100,Infinity,Bob_0 Root,"(-1.7, 0.0, 5.7)","(0.0, 0.7, 0.0, 0.7)",DEAD,still,none,none,none,dead,supine
INJURY_RECORD,27148,3/7/2023 12:15,a2a38d07-04c7-4b02-839e-83dc10e516ba,Face Shrapnel,Bob_0 Root,airway,high,head,FALSE,FALSE,"(-1.8, 1.7, 5.6)",,,,
INJURY_RECORD,27149,3/7/2023 12:15,a2a38d07-04c7-4b02-839e-83dc10e516ba,L Wrist Amputation,Bob_0 Root,tourniquet,high,leftArm,FALSE,FALSE,"(-1.8, 1.4, 6.3)",,,,
INJURY_RECORD,27149,3/7/2023 12:15,a2a38d07-04c7-4b02-839e-83dc10e516ba,L Chest Collapse,Bob_0 Root,decompress,high,chest,FALSE,FALSE,"(0.0, 0.0, 0.0)",,,,
INJURY_RECORD,27149,3/7/2023 12:15,a2a38d07-04c7-4b02-839e-83dc10e516ba,L Stomach Puncture,Bob_0 Root,woundpack,high,abdomen,FALSE,FALSE,"(-1.6, 1.1, 5.7)",,,,
INJURY_RECORD,27149,3/7/2023 12:15,a2a38d07-04c7-4b02-839e-83dc10e516ba,R Shin Amputation,Bob_0 Root,tourniquet,high,rightLeg,FALSE,FALSE,"(-1.7, 0.4, 5.6)",,,,
INJURY_RECORD,27149,3/7/2023 12:15,a2a38d07-04c7-4b02-839e-83dc10e516ba,L Thigh Laceration,Bob_0 Root,tourniquet,medium,leftLeg,FALSE,FALSE,"(-1.6, 0.7, 5.8)",,,,
PATIENT_RECORD,27149,3/7/2023 12:15,a2a38d07-04c7-4b02-839e-83dc10e516ba,100,Infinity,Gary_1 Root,"(1.6, 0.0, 7.6)","(0.0, 1.0, 0.0, 0.0)",EXPECTANT,still,none,restricted,none,unresponsive,supine
INJURY_RECORD,27149,3/7/2023 12:15,a2a38d07-04c7-4b02-839e-83dc10e516ba,Face Shrapnel,Gary_1 Root,airway,high,head,FALSE,FALSE,"(1.6, 1.7, 7.7)",,,,
PATIENT_RECORD,27149,3/7/2023 12:15,a2a38d07-04c7-4b02-839e-83dc10e516ba,100,Infinity,Lily_2 Root,"(3.0, 0.0, 4.5)","(0.0, 1.0, 0.0, 0.0)",IMMEDIATE,waver,fast,fast,normal,agony,fetal
INJURY_RECORD,27149,3/7/2023 12:15,a2a38d07-04c7-4b02-839e-83dc10e516ba,R Shin Amputation,Lily_2 Root,tourniquet,high,rightLeg,FALSE,FALSE,"(2.9, 0.4, 4.5)",,,,
PATIENT_RECORD,27149,3/7/2023 12:15,a2a38d07-04c7-4b02-839e-83dc10e516ba,100,0,Gary_3 Root,"(0.4, 0.0, 1.7)","(0.0, 0.0, 0.0, 1.0)",IMMEDIATE,still,faint,collapsedRight,normal,unresponsive,supine
INJURY_RECORD,27149,3/7/2023 12:15,a2a38d07-04c7-4b02-839e-83dc10e516ba,R Chest Collapse,Gary_3 Root,decompress,high,chest,FALSE,FALSE,"(0.0, 0.0, 0.0)",,,,
PATIENT_RECORD,27149,3/7/2023 12:15,a2a38d07-04c7-4b02-839e-83dc10e516ba,100,Infinity,Lily_4 Root,"(1.2, 0.0, 6.2)","(0.0, 1.0, 0.0, 0.0)",IMMEDIATE,waver,fast,normal,normal,upset,fetal
INJURY_RECORD,27149,3/7/2023 12:15,a2a38d07-04c7-4b02-839e-83dc10e516ba,L Side Puncture,Lily_4 Root,woundpack,medium,abdomen,FALSE,FALSE,"(1.3, 1.0, 6.2)",,,,
PATIENT_RECORD,27149,3/7/2023 12:15,a2a38d07-04c7-4b02-839e-83dc10e516ba,100,Infinity,Mike_5 Root,"(2.7, 0.0, 2.3)","(0.0, 1.0, 0.0, 0.0)",IMMEDIATE,waver,fast,normal,normal,upset,fetal
INJURY_RECORD,27149,3/7/2023 12:15,a2a38d07-04c7-4b02-839e-83dc10e516ba,R Side Puncture,Mike_5 Root,woundpack,medium,abdomen,FALSE,FALSE,"(2.6, 1.1, 2.2)",,,,
INJURY_RECORD,27149,3/7/2023 12:15,a2a38d07-04c7-4b02-839e-83dc10e516ba,R Thigh Laceration,Mike_5 Root,tourniquet,medium,rightLeg,FALSE,FALSE,"(2.5, 0.6, 2.2)",,,,
PATIENT_RECORD,27149,3/7/2023 12:15,a2a38d07-04c7-4b02-839e-83dc10e516ba,100,Infinity,Gloria_6 Root,"(-1.2, 0.0, 3.1)","(0.0, 0.4, 0.0, 0.9)",DELAYED,waver,fast,normal,normal,upset,fetal
INJURY_RECORD,27149,3/7/2023 12:15,a2a38d07-04c7-4b02-839e-83dc10e516ba,R Calf Shrapnel,Gloria_6 Root,gauzePressure,medium,rightLeg,FALSE,FALSE,"(-1.1, 0.3, 3.0)",,,,
PATIENT_RECORD,27149,3/7/2023 12:15,a2a38d07-04c7-4b02-839e-83dc10e516ba,100,Infinity,Mike_7 Root,"(1.3, 0.0, 3.4)","(0.0, 0.1, 0.0, 1.0)",DELAYED,waver,fast,normal,normal,upset,sittingGround
INJURY_RECORD,27149,3/7/2023 12:15,a2a38d07-04c7-4b02-839e-83dc10e516ba,L Thigh Puncture,Mike_7 Root,tourniquet,medium,leftLeg,FALSE,FALSE,"(1.3, 0.6, 3.5)",,,,
INJURY_RECORD,27149,3/7/2023 12:15,a2a38d07-04c7-4b02-839e-83dc10e516ba,R Calf Laceration,Mike_7 Root,gauzePressure,low,rightLeg,FALSE,FALSE,"(1.4, 0.3, 3.4)",,,,
PATIENT_RECORD,27149,3/7/2023 12:15,a2a38d07-04c7-4b02-839e-83dc10e516ba,100,Infinity,Gloria_8 Root,"(3.7, 0.0, 6.0)","(0.0, 1.0, 0.0, 0.0)",MINIMAL,walker,normal,normal,normal,upset,sittingGround
INJURY_RECORD,27149,3/7/2023 12:15,a2a38d07-04c7-4b02-839e-83dc10e516ba,L Forearm Laceration,Gloria_8 Root,gauzePressure,low,leftArm,FALSE,FALSE,"(4.2, 1.3, 6.0)",,,,
PATIENT_RECORD,27149,3/7/2023 12:15,a2a38d07-04c7-4b02-839e-83dc10e516ba,100,0,Gary_9 Root,"(3.5, 0.0, 9.5)","(0.0, 1.0, 0.0, 0.0)",MINIMAL,walker,normal,normal,limited,calm,standing
INJURY_RECORD,27149,3/7/2023 12:15,a2a38d07-04c7-4b02-839e-83dc10e516ba,Ear Bleed,Gary_9 Root,none,low,head,FALSE,FALSE,"(0.0, 0.0, 0.0)",,,,
PATIENT_RECORD,27149,3/7/2023 12:15,a2a38d07-04c7-4b02-839e-83dc10e516ba,100,Infinity,Helga_10 Root,"(3.9, 0.0, 8.0)","(0.0, 1.0, 0.0, 0.0)",MINIMAL,walker,normal,normal,normal,calm,sittingGround
INJURY_RECORD,27149,3/7/2023 12:15,a2a38d07-04c7-4b02-839e-83dc10e516ba,Forehead Scrape,Helga_10 Root,none,low,head,FALSE,FALSE,"(4.0, 1.6, 7.9)",,,,
VOICE_CAPTURE,31880,3/7/2023 12:15,a2a38d07-04c7-4b02-839e-83dc10e516ba,OK,NA,,,,,,,,,,
VOICE_CAPTURE,39038,3/7/2023 12:15,a2a38d07-04c7-4b02-839e-83dc10e516ba,can i go ahead and OK can i get anybody to walk move over here,NA,,,,,,,,,,
VOICE_COMMAND,39038,3/7/2023 12:15,a2a38d07-04c7-4b02-839e-83dc10e516ba,walk to the safe area,can i go ahead and OK can i get anybody to walk move over here,,,,,,,,,,
VOICE_COMMAND,39038,3/7/2023 12:15,a2a38d07-04c7-4b02-839e-83dc10e516ba,walk to the safe area,can i go ahead and OK can i get anybody to walk move over here,,,,,,,,,,
S_A_L_T_WALK_IF_CAN,39057,3/7/2023 12:15,a2a38d07-04c7-4b02-839e-83dc10e516ba,"(3.0, 0.0, 4.5)",walkIfCan,Lily_2 Root,,,,,,,,,
S_A_L_T_WALK_IF_CAN,39057,3/7/2023 12:15,a2a38d07-04c7-4b02-839e-83dc10e516ba,"(1.2, 0.0, 6.2)",walkIfCan,Lily_4 Root,,,,,,,,,
S_A_L_T_WALK_IF_CAN,39057,3/7/2023 12:15,a2a38d07-04c7-4b02-839e-83dc10e516ba,"(2.7, 0.0, 2.3)",walkIfCan,Mike_5 Root,,,,,,,,,
S_A_L_T_WALK_IF_CAN,39057,3/7/2023 12:15,a2a38d07-04c7-4b02-839e-83dc10e516ba,"(-1.2, 0.0, 3.1)",walkIfCan,Gloria_6 Root,,,,,,,,,
S_A_L_T_WALK_IF_CAN,39057,3/7/2023 12:15,a2a38d07-04c7-4b02-839e-83dc10e516ba,"(1.3, 0.0, 3.4)",walkIfCan,Mike_7 Root,,,,,,,,,
S_A_L_T_WALK_IF_CAN,39057,3/7/2023 12:15,a2a38d07-04c7-4b02-839e-83dc10e516ba,"(3.7, 0.0, 6.0)",walkIfCan,Gloria_8 Root,,,,,,,,,
S_A_L_T_WALKED,39057,3/7/2023 12:15,a2a38d07-04c7-4b02-839e-83dc10e516ba,"(3.7, 0.0, 6.0)",walked,Gloria_8 Root,,,,,,,,,
S_A_L_T_WALK_IF_CAN,39058,3/7/2023 12:15,a2a38d07-04c7-4b02-839e-83dc10e516ba,"(3.9, 0.0, 8.0)",walkIfCan,Helga_10 Root,,,,,,,,,
S_A_L_T_WALKED,39058,3/7/2023 12:15,a2a38d07-04c7-4b02-839e-83dc10e516ba,"(3.9, 0.0, 8.0)",walked,Helga_10 Root,,,,,,,,,
VOICE_CAPTURE,41266,3/7/2023 12:15,a2a38d07-04c7-4b02-839e-83dc10e516ba,everybody walk it off,NA,,,,,,,,,,
VOICE_COMMAND,41266,3/7/2023 12:15,a2a38d07-04c7-4b02-839e-83dc10e516ba,walk to the safe area,everybody walk it off,,,,,,,,,,
PATIENT_ENGAGED,51835,3/7/2023 12:15,a2a38d07-04c7-4b02-839e-83dc10e516ba,100,Infinity,Helga_10 Root,"(1.6, 0.0, -3.2)","(0.0, 1.0, 0.0, -0.1)",MINIMAL,walker,normal,normal,normal,calm,standing
VOICE_CAPTURE,52836,3/7/2023 12:15,a2a38d07-04c7-4b02-839e-83dc10e516ba,thank you just go ahead and sit along the steps,NA,,,,,,,,,,
VOICE_COMMAND,52836,3/7/2023 12:15,a2a38d07-04c7-4b02-839e-83dc10e516ba,sit up/down,thank you just go ahead and sit along the steps,,,,,,,,,,
TELEPORT,56897,3/7/2023 12:15,a2a38d07-04c7-4b02-839e-83dc10e516ba,"(0.8, 0.0, -2.3)",,,,,,,,,,,
VOICE_CAPTURE,59992,3/7/2023 12:15,a2a38d07-04c7-4b02-839e-83dc10e516ba,OK you don't have anybody else back over there so we're gonna come over here,NA,,,,,,,,,,
PATIENT_ENGAGED,60925,3/7/2023 12:15,a2a38d07-04c7-4b02-839e-83dc10e516ba,100,0,Gary_3 Root,"(0.4, 0.0, 1.7)","(0.0, 0.0, 0.0, 1.0)",IMMEDIATE,still,faint,collapsedRight,normal,unresponsive,supine
TELEPORT,62659,3/7/2023 12:15,a2a38d07-04c7-4b02-839e-83dc10e516ba,"(0.8, 0.0, 0.1)",,,,,,,,,,,
PULSE_TAKEN,64595,3/7/2023 12:16,a2a38d07-04c7-4b02-839e-83dc10e516ba,pulse_faint,Gary_3 Root,,,,,,,,,,
VOICE_CAPTURE,67876,3/7/2023 12:16,a2a38d07-04c7-4b02-839e-83dc10e516ba,feel for a pulse,NA,,,,,,,,,,
VOICE_CAPTURE,72184,3/7/2023 12:16,a2a38d07-04c7-4b02-839e-83dc10e516ba,is it like the vibration supposed to be each pulse,NA,,,,,,,,,,
VOICE_CAPTURE,76407,3/7/2023 12:16,a2a38d07-04c7-4b02-839e-83dc10e516ba,OK would you help head tilt chin left,NA,,,,,,,,,,
PULSE_TAKEN,76474,3/7/2023 12:16,a2a38d07-04c7-4b02-839e-83dc10e516ba,pulse_faint,Gary_3 Root,,,,,,,,,,
TOOL_HOVER,78140,3/7/2023 12:16,a2a38d07-04c7-4b02-839e-83dc10e516ba,Tourniquet,999,,,,,,,,,,
TOOL_HOVER,78156,3/7/2023 12:16,a2a38d07-04c7-4b02-839e-83dc10e516ba,Tourniquet,999,,,,,,,,,,
TOOL_HOVER,78173,3/7/2023 12:16,a2a38d07-04c7-4b02-839e-83dc10e516ba,Tourniquet,999,,,,,,,,,,
TOOL_HOVER,78190,3/7/2023 12:16,a2a38d07-04c7-4b02-839e-83dc10e516ba,Tourniquet,999,,,,,,,,,,
TOOL_HOVER,78205,3/7/2023 12:16,a2a38d07-04c7-4b02-839e-83dc10e516ba,Tourniquet,999,,,,,,,,,,
TOOL_HOVER,78223,3/7/2023 12:16,a2a38d07-04c7-4b02-839e-83dc10e516ba,Tourniquet,999,,,,,,,,,,
TOOL_HOVER,78239,3/7/2023 12:16,a2a38d07-04c7-4b02-839e-83dc10e516ba,Tourniquet,999,,,,,,,,,,
TOOL_HOVER,78255,3/7/2023 12:16,a2a38d07-04c7-4b02-839e-83dc10e516ba,Tourniquet,999,,,,,,,,,,
TOOL_HOVER,78273,3/7/2023 12:16,a2a38d07-04c7-4b02-839e-83dc10e516ba,Tourniquet,999,,,,,,,,,,
TOOL_HOVER,78290,3/7/2023 12:16,a2a38d07-04c7-4b02-839e-83dc10e516ba,Tourniquet,999,,,,,,,,,,
TOOL_HOVER,78306,3/7/2023 12:16,a2a38d07-04c7-4b02-839e-83dc10e516ba,Tourniquet,999,,,,,,,,,,
TOOL_HOVER,78323,3/7/2023 12:16,a2a38d07-04c7-4b02-839e-83dc10e516ba,Tourniquet,999,,,,,,,,,,
TOOL_HOVER,78339,3/7/2023 12:16,a2a38d07-04c7-4b02-839e-83dc10e516ba,Tourniquet,999,,,,,,,,,,
TOOL_HOVER,78357,3/7/2023 12:16,a2a38d07-04c7-4b02-839e-83dc10e516ba,Tourniquet,999,,,,,,,,,,
TOOL_HOVER,78374,3/7/2023 12:16,a2a38d07-04c7-4b02-839e-83dc10e516ba,Tourniquet,999,,,,,,,,,,
TOOL_HOVER,78390,3/7/2023 12:16,a2a38d07-04c7-4b02-839e-83dc10e516ba,Tourniquet,999,,,,,,,,,,
TOOL_HOVER,78406,3/7/2023 12:16,a2a38d07-04c7-4b02-839e-83dc10e516ba,Tourniquet,999,,,,,,,,,,
TOOL_HOVER,78424,3/7/2023 12:16,a2a38d07-04c7-4b02-839e-83dc10e516ba,Tourniquet,999,,,,,,,,,,
TOOL_HOVER,78440,3/7/2023 12:16,a2a38d07-04c7-4b02-839e-83dc10e516ba,Gauze,999,,,,,,,,,,
TOOL_HOVER,78457,3/7/2023 12:16,a2a38d07-04c7-4b02-839e-83dc10e516ba,Gauze,999,,,,,,,,,,
TOOL_HOVER,78474,3/7/2023 12:16,a2a38d07-04c7-4b02-839e-83dc10e516ba,Gauze,999,,,,,,,,,,
TOOL_HOVER,78490,3/7/2023 12:16,a2a38d07-04c7-4b02-839e-83dc10e516ba,Gauze,999,,,,,,,,,,
TOOL_HOVER,78508,3/7/2023 12:16,a2a38d07-04c7-4b02-839e-83dc10e516ba,Gauze,999,,,,,,,,,,
TOOL_HOVER,78524,3/7/2023 12:16,a2a38d07-04c7-4b02-839e-83dc10e516ba,Gauze,999,,,,,,,,,,
VOICE_CAPTURE,78940,3/7/2023 12:16,a2a38d07-04c7-4b02-839e-83dc10e516ba,i'm gonna needle decompress,NA,,,,,,,,,,
BAG_ACCESS,79394,3/7/2023 12:16,a2a38d07-04c7-4b02-839e-83dc10e516ba,"(1.1, 0.4, 0.7)",,,,,,,,,,,
TOOL_HOVER,80096,3/7/2023 12:16,a2a38d07-04c7-4b02-839e-83dc10e516ba,Needle,999,,,,,,,,,,
TOOL_HOVER,80113,3/7/2023 12:16,a2a38d07-04c7-4b02-839e-83dc10e516ba,Needle,999,,,,,,,,,,
TOOL_HOVER,80130,3/7/2023 12:16,a2a38d07-04c7-4b02-839e-83dc10e516ba,Needle,999,,,,,,,,,,
TOOL_HOVER,80145,3/7/2023 12:16,a2a38d07-04c7-4b02-839e-83dc10e516ba,Needle,999,,,,,,,,,,
TOOL_HOVER,80163,3/7/2023 12:16,a2a38d07-04c7-4b02-839e-83dc10e516ba,Needle,999,,,,,,,,,,
TOOL_HOVER,80179,3/7/2023 12:16,a2a38d07-04c7-4b02-839e-83dc10e516ba,Needle,999,,,,,,,,,,
TOOL_HOVER,80196,3/7/2023 12:16,a2a38d07-04c7-4b02-839e-83dc10e516ba,Needle,999,,,,,,,,,,
TOOL_HOVER,80213,3/7/2023 12:16,a2a38d07-04c7-4b02-839e-83dc10e516ba,Needle,999,,,,,,,,,,
TOOL_HOVER,80230,3/7/2023 12:16,a2a38d07-04c7-4b02-839e-83dc10e516ba,Needle,999,,,,,,,,,,
TOOL_HOVER,80246,3/7/2023 12:16,a2a38d07-04c7-4b02-839e-83dc10e516ba,Needle,999,,,,,,,,,,
TOOL_HOVER,80263,3/7/2023 12:16,a2a38d07-04c7-4b02-839e-83dc10e516ba,Needle,999,,,,,,,,,,
TOOL_HOVER,80280,3/7/2023 12:16,a2a38d07-04c7-4b02-839e-83dc10e516ba,Needle,999,,,,,,,,,,
TOOL_HOVER,80297,3/7/2023 12:16,a2a38d07-04c7-4b02-839e-83dc10e516ba,Needle,999,,,,,,,,,,
TOOL_HOVER,80313,3/7/2023 12:16,a2a38d07-04c7-4b02-839e-83dc10e516ba,Needle,999,,,,,,,,,,
TOOL_HOVER,80329,3/7/2023 12:16,a2a38d07-04c7-4b02-839e-83dc10e516ba,Needle,999,,,,,,,,,,
TOOL_HOVER,80347,3/7/2023 12:16,a2a38d07-04c7-4b02-839e-83dc10e516ba,Needle,999,,,,,,,,,,
TOOL_SELECTED,80350,3/7/2023 12:16,a2a38d07-04c7-4b02-839e-83dc10e516ba,Needle,998,,,,,,,,,,
INJURY_TREATED,84393,3/7/2023 12:16,a2a38d07-04c7-4b02-839e-83dc10e516ba,R Chest Collapse,Gary_3 Root,decompress,high,chest,TRUE,FALSE,"(0.0, 0.0, 0.0)",,,,
TOOL_APPLIED,84393,3/7/2023 12:16,a2a38d07-04c7-4b02-839e-83dc10e516ba,Needle_Decomp(Clone),Needle,RChest_Breathe1 (UnityEngine.GameObject),cath_needle (UnityEngine.GameObject),right_chest,Needle_Decomp(Clone) (UnityEngine.GameObject),AppliedDecompNeedle,,,,,
TAG_SELECTED,86845,3/7/2023 12:16,a2a38d07-04c7-4b02-839e-83dc10e516ba,red,,,,,,,,,,,
TAG_APPLIED,88113,3/7/2023 12:16,a2a38d07-04c7-4b02-839e-83dc10e516ba,Gary_3 Root,red,,,,,,,,,,
BAG_CLOSED,93196,3/7/2023 12:16,a2a38d07-04c7-4b02-839e-83dc10e516ba,"(1.1, 0.4, 0.7)",,,,,,,,,,,
TELEPORT,93196,3/7/2023 12:16,a2a38d07-04c7-4b02-839e-83dc10e516ba,"(0.2, 0.0, -0.2)",,,,,,,,,,,
VOICE_CAPTURE,94453,3/7/2023 12:16,a2a38d07-04c7-4b02-839e-83dc10e516ba,right there do i give him a red tag,NA,,,,,,,,,,
VOICE_CAPTURE,94803,3/7/2023 12:16,a2a38d07-04c7-4b02-839e-83dc10e516ba,we're gonna go,NA,,,,,,,,,,
VOICE_CAPTURE,96011,3/7/2023 12:16,a2a38d07-04c7-4b02-839e-83dc10e516ba,over here,NA,,,,,,,,,,
VOICE_CAPTURE,98295,3/7/2023 12:16,a2a38d07-04c7-4b02-839e-83dc10e516ba,to this lady,NA,,,,,,,,,,
PATIENT_ENGAGED,98694,3/7/2023 12:16,a2a38d07-04c7-4b02-839e-83dc10e516ba,100,Infinity,Gloria_6 Root,"(-1.2, 0.0, 3.1)","(0.0, 0.4, 0.0, 0.9)",DELAYED,waver,fast,normal,normal,upset,fetal
VOICE_CAPTURE,104020,3/7/2023 12:16,a2a38d07-04c7-4b02-839e-83dc10e516ba,modbutton no,NA,,,,,,,,,,
VOICE_COMMAND,104020,3/7/2023 12:16,a2a38d07-04c7-4b02-839e-83dc10e516ba,modbutton no,modbutton no,,,,,,,,,,
VOICE_CAPTURE,105133,3/7/2023 12:16,a2a38d07-04c7-4b02-839e-83dc10e516ba,we got the shrapnel there ma'am are you hurting anywhere else besides your leg right here,NA,,,,,,,,,,
VOICE_COMMAND,105133,3/7/2023 12:16,a2a38d07-04c7-4b02-839e-83dc10e516ba,are you hurt,we got the shrapnel there ma'am are you hurting anywhere else besides your leg right here,,,,,,,,,,
VOICE_COMMAND,105133,3/7/2023 12:16,a2a38d07-04c7-4b02-839e-83dc10e516ba,anywhere else,we got the shrapnel there ma'am are you hurting anywhere else besides your leg right here,,,,,,,,,,
VOICE_CAPTURE,109883,3/7/2023 12:16,a2a38d07-04c7-4b02-839e-83dc10e516ba,i'm gonna try to roll her over on her back i don't know if that's,NA,,,,,,,,,,
TELEPORT,110966,3/7/2023 12:16,a2a38d07-04c7-4b02-839e-83dc10e516ba,"(-1.4, 0.0, 2.2)",,,,,,,,,,,
PULSE_TAKEN,111634,3/7/2023 12:16,a2a38d07-04c7-4b02-839e-83dc10e516ba,pulse_fast,Gloria_6 Root,,,,,,,,,,
PULSE_TAKEN,112816,3/7/2023 12:16,a2a38d07-04c7-4b02-839e-83dc10e516ba,pulse_fast,Gloria_6 Root,,,,,,,,,,
VOICE_CAPTURE,113732,3/7/2023 12:16,a2a38d07-04c7-4b02-839e-83dc10e516ba,a possibility,NA,,,,,,,,,,
PULSE_TAKEN,113916,3/7/2023 12:16,a2a38d07-04c7-4b02-839e-83dc10e516ba,pulse_fast,Gloria_6 Root,,,,,,,,,,
PULSE_TAKEN,114048,3/7/2023 12:16,a2a38d07-04c7-4b02-839e-83dc10e516ba,pulse_fast,Gloria_6 Root,,,,,,,,,,
PULSE_TAKEN,118134,3/7/2023 12:16,a2a38d07-04c7-4b02-839e-83dc10e516ba,pulse_fast,Gloria_6 Root,,,,,,,,,,
VOICE_CAPTURE,122288,3/7/2023 12:16,a2a38d07-04c7-4b02-839e-83dc10e516ba,right i got a pulse what we're gonna do it's not actively bleeding right now i would feel up underneath here to see,NA,,,,,,,,,,
TELEPORT,124055,3/7/2023 12:17,a2a38d07-04c7-4b02-839e-83dc10e516ba,"(-1.2, 0.0, 2.3)",,,,,,,,,,,
VOICE_CAPTURE,125376,3/7/2023 12:17,a2a38d07-04c7-4b02-839e-83dc10e516ba,run through,NA,,,,,,,,,,
VOICE_CAPTURE,127692,3/7/2023 12:17,a2a38d07-04c7-4b02-839e-83dc10e516ba,so if i get on the other side i can look,NA,,,,,,,,,,
TELEPORT,128195,3/7/2023 12:17,a2a38d07-04c7-4b02-839e-83dc10e516ba,"(-0.9, 0.0, 3.8)",,,,,,,,,,,
TELEPORT,131286,3/7/2023 12:17,a2a38d07-04c7-4b02-839e-83dc10e516ba,"(-0.9, 0.0, 3.4)",,,,,,,,,,,
VOICE_CAPTURE,134251,3/7/2023 12:17,a2a38d07-04c7-4b02-839e-83dc10e516ba,also she's not bleeding through and through,NA,,,,,,,,,,
VOICE_CAPTURE,136151,3/7/2023 12:17,a2a38d07-04c7-4b02-839e-83dc10e516ba,i'll give her a red,NA,,,,,,,,,,
TELEPORT,138940,3/7/2023 12:17,a2a38d07-04c7-4b02-839e-83dc10e516ba,"(-1.0, 0.0, 3.4)",,,,,,,,,,,
TELEPORT,139357,3/7/2023 12:17,a2a38d07-04c7-4b02-839e-83dc10e516ba,"(-1.1, 0.0, 3.5)",,,,,,,,,,,
TOOL_HOVER,141048,3/7/2023 12:17,a2a38d07-04c7-4b02-839e-83dc10e516ba,Gauze,999,,,,,,,,,,
TOOL_HOVER,141065,3/7/2023 12:17,a2a38d07-04c7-4b02-839e-83dc10e516ba,Gauze,999,,,,,,,,,,
TOOL_HOVER,141081,3/7/2023 12:17,a2a38d07-04c7-4b02-839e-83dc10e516ba,Gauze,999,,,,,,,,,,
TOOL_HOVER,141097,3/7/2023 12:17,a2a38d07-04c7-4b02-839e-83dc10e516ba,Gauze,999,,,,,,,,,,
TOOL_HOVER,141117,3/7/2023 12:17,a2a38d07-04c7-4b02-839e-83dc10e516ba,Gauze,999,,,,,,,,,,
TOOL_HOVER,141135,3/7/2023 12:17,a2a38d07-04c7-4b02-839e-83dc10e516ba,Gauze,999,,,,,,,,,,
VOICE_CAPTURE,141398,3/7/2023 12:17,a2a38d07-04c7-4b02-839e-83dc10e516ba,i'll give her a yellow tag right now,NA,,,,,,,,,,
BAG_ACCESS,141815,3/7/2023 12:17,a2a38d07-04c7-4b02-839e-83dc10e516ba,"(-1.0, 0.4, 3.8)",,,,,,,,,,,
TAG_SELECTED,142917,3/7/2023 12:17,a2a38d07-04c7-4b02-839e-83dc10e516ba,yellow,,,,,,,,,,,
BAG_CLOSED,143881,3/7/2023 12:17,a2a38d07-04c7-4b02-839e-83dc10e516ba,"(-1.0, 0.4, 3.8)",,,,,,,,,,,
TELEPORT,143881,3/7/2023 12:17,a2a38d07-04c7-4b02-839e-83dc10e516ba,"(-1.1, 0.0, 3.5)",,,,,,,,,,,
TAG_APPLIED,145348,3/7/2023 12:17,a2a38d07-04c7-4b02-839e-83dc10e516ba,Gloria_6 Root,yellow,,,,,,,,,,
TELEPORT,148115,3/7/2023 12:17,a2a38d07-04c7-4b02-839e-83dc10e516ba,"(-1.3, 0.0, 3.6)",,,,,,,,,,,
PATIENT_ENGAGED,148565,3/7/2023 12:17,a2a38d07-04c7-4b02-839e-83dc10e516ba,100,Infinity,Bob_0 Root,"(-1.7, 0.0, 5.7)","(0.0, 0.7, 0.0, 0.7)",DEAD,still,none,none,none,dead,supine
VOICE_CAPTURE,148614,3/7/2023 12:17,a2a38d07-04c7-4b02-839e-83dc10e516ba,that right there,NA,,,,,,,,,,
PULSE_TAKEN,151628,3/7/2023 12:17,a2a38d07-04c7-4b02-839e-83dc10e516ba,pulse_none,Bob_0 Root,,,,,,,,,,
VOICE_CAPTURE,151812,3/7/2023 12:17,a2a38d07-04c7-4b02-839e-83dc10e516ba,OK i'm gonna come over here to this dude,NA,,,,,,,,,,
PULSE_TAKEN,153346,3/7/2023 12:17,a2a38d07-04c7-4b02-839e-83dc10e516ba,pulse_none,Bob_0 Root,,,,,,,,,,
VOICE_CAPTURE,154203,3/7/2023 12:17,a2a38d07-04c7-4b02-839e-83dc10e516ba,feel for a pulse,NA,,,,,,,,,,
BAG_ACCESS,160444,3/7/2023 12:17,a2a38d07-04c7-4b02-839e-83dc10e516ba,"(-1.9, 0.4, 4.8)",,,,,,,,,,,
TAG_SELECTED,163111,3/7/2023 12:17,a2a38d07-04c7-4b02-839e-83dc10e516ba,black,,,,,,,,,,,
TAG_APPLIED,164412,3/7/2023 12:17,a2a38d07-04c7-4b02-839e-83dc10e516ba,Bob_0 Root,black,,,,,,,,,,
VOICE_CAPTURE,165277,3/7/2023 12:17,a2a38d07-04c7-4b02-839e-83dc10e516ba,in the two fingers i'm not feeling a pulse he's got this in his head,NA,,,,,,,,,,
VOICE_CAPTURE,165984,3/7/2023 12:17,a2a38d07-04c7-4b02-839e-83dc10e516ba,there's no pause,NA,,,,,,,,,,
VOICE_CAPTURE,167100,3/7/2023 12:17,a2a38d07-04c7-4b02-839e-83dc10e516ba,dead sorry dude,NA,,,,,,,,,,
BAG_CLOSED,167474,3/7/2023 12:17,a2a38d07-04c7-4b02-839e-83dc10e516ba,"(-1.9, 0.4, 4.8)",,,,,,,,,,,
TELEPORT,167474,3/7/2023 12:17,a2a38d07-04c7-4b02-839e-83dc10e516ba,"(-2.0, 0.0, 4.3)",,,,,,,,,,,
PATIENT_ENGAGED,169917,3/7/2023 12:17,a2a38d07-04c7-4b02-839e-83dc10e516ba,100,Infinity,Mike_7 Root,"(1.3, 0.0, 3.4)","(0.0, 0.1, 0.0, 1.0)",DELAYED,waver,fast,normal,normal,upset,sittingGround
BAG_ACCESS,173699,3/7/2023 12:17,a2a38d07-04c7-4b02-839e-83dc10e516ba,"(0.3, 0.5, 3.8)",,,,,,,,,,,
TOOL_HOVER,175786,3/7/2023 12:17,a2a38d07-04c7-4b02-839e-83dc10e516ba,Hemostatic Gauze,999,,,,,,,,,,
TOOL_HOVER,175803,3/7/2023 12:17,a2a38d07-04c7-4b02-839e-83dc10e516ba,Hemostatic Gauze,999,,,,,,,,,,
TOOL_HOVER,175820,3/7/2023 12:17,a2a38d07-04c7-4b02-839e-83dc10e516ba,Hemostatic Gauze,999,,,,,,,,,,
TOOL_HOVER,175837,3/7/2023 12:17,a2a38d07-04c7-4b02-839e-83dc10e516ba,Hemostatic Gauze,999,,,,,,,,,,
TOOL_HOVER,175853,3/7/2023 12:17,a2a38d07-04c7-4b02-839e-83dc10e516ba,Hemostatic Gauze,999,,,,,,,,,,
TOOL_HOVER,175870,3/7/2023 12:17,a2a38d07-04c7-4b02-839e-83dc10e516ba,Hemostatic Gauze,999,,,,,,,,,,
TOOL_HOVER,175887,3/7/2023 12:17,a2a38d07-04c7-4b02-839e-83dc10e516ba,Hemostatic Gauze,999,,,,,,,,,,
TOOL_SELECTED,175889,3/7/2023 12:17,a2a38d07-04c7-4b02-839e-83dc10e516ba,Hemostatic Gauze,998,,,,,,,,,,
VOICE_CAPTURE,176395,3/7/2023 12:17,a2a38d07-04c7-4b02-839e-83dc10e516ba,we're gonna go over here we're gonna come over here,NA,,,,,,,,,,
VOICE_CAPTURE,176944,3/7/2023 12:17,a2a38d07-04c7-4b02-839e-83dc10e516ba,is anywhere else hurting right now,NA,,,,,,,,,,
VOICE_COMMAND,176944,3/7/2023 12:17,a2a38d07-04c7-4b02-839e-83dc10e516ba,are you hurt,is anywhere else hurting right now,,,,,,,,,,
VOICE_COMMAND,176944,3/7/2023 12:17,a2a38d07-04c7-4b02-839e-83dc10e516ba,anywhere else,is anywhere else hurting right now,,,,,,,,,,
TOOL_DISCARDED,177136,3/7/2023 12:17,a2a38d07-04c7-4b02-839e-83dc10e516ba,Hemostatic Gauze,998,"(0.8, 0.1, 3.6)",,,,,,,,,
INJURY_TREATED,177138,3/7/2023 12:17,a2a38d07-04c7-4b02-839e-83dc10e516ba,L Thigh Puncture,Mike_7 Root,tourniquet,medium,leftLeg,FALSE,TRUE,"(0.7, 0.1, 3.5)",,,,
TOOL_APPLIED,177138,3/7/2023 12:17,a2a38d07-04c7-4b02-839e-83dc10e516ba,Mike_7 Root,Gauze_Pack,skinCollider_BodyCollideLOD (UnityEngine.GameObject),null,null,AppliedPackingGauze,,,,,,
VOICE_CAPTURE,178634,3/7/2023 12:17,a2a38d07-04c7-4b02-839e-83dc10e516ba,modbutton no,NA,,,,,,,,,,
VOICE_COMMAND,178634,3/7/2023 12:17,a2a38d07-04c7-4b02-839e-83dc10e516ba,modbutton no,modbutton no,,,,,,,,,,
TOOL_HOVER,179682,3/7/2023 12:17,a2a38d07-04c7-4b02-839e-83dc10e516ba,Tourniquet,999,,,,,,,,,,
TOOL_HOVER,179698,3/7/2023 12:17,a2a38d07-04c7-4b02-839e-83dc10e516ba,Tourniquet,999,,,,,,,,,,
TOOL_HOVER,179715,3/7/2023 12:17,a2a38d07-04c7-4b02-839e-83dc10e516ba,Tourniquet,999,,,,,,,,,,
TOOL_HOVER,179732,3/7/2023 12:17,a2a38d07-04c7-4b02-839e-83dc10e516ba,Tourniquet,999,,,,,,,,,,
TOOL_HOVER,179749,3/7/2023 12:17,a2a38d07-04c7-4b02-839e-83dc10e516ba,Tourniquet,999,,,,,,,,,,
TOOL_HOVER,179766,3/7/2023 12:17,a2a38d07-04c7-4b02-839e-83dc10e516ba,Tourniquet,999,,,,,,,,,,
TOOL_HOVER,179783,3/7/2023 12:17,a2a38d07-04c7-4b02-839e-83dc10e516ba,Tourniquet,999,,,,,,,,,,
TOOL_HOVER,179799,3/7/2023 12:17,a2a38d07-04c7-4b02-839e-83dc10e516ba,Tourniquet,999,,,,,,,,,,
TOOL_HOVER,179817,3/7/2023 12:17,a2a38d07-04c7-4b02-839e-83dc10e516ba,Tourniquet,999,,,,,,,,,,
TOOL_HOVER,179833,3/7/2023 12:17,a2a38d07-04c7-4b02-839e-83dc10e516ba,Tourniquet,999,,,,,,,,,,
TOOL_SELECTED,179835,3/7/2023 12:17,a2a38d07-04c7-4b02-839e-83dc10e516ba,Tourniquet,998,,,,,,,,,,
INJURY_TREATED,181391,3/7/2023 12:17,a2a38d07-04c7-4b02-839e-83dc10e516ba,L Thigh Puncture,Mike_7 Root,tourniquet,medium,leftLeg,TRUE,TRUE,"(0.7, 0.1, 3.5)",,,,
TOOL_APPLIED,181391,3/7/2023 12:17,a2a38d07-04c7-4b02-839e-83dc10e516ba,Mike_7 Root,Tourniquet,LeftUpLeg (UnityEngine.GameObject),tor_ring (1) (UnityEngine.GameObject),tourniquet(Clone) (UnityEngine.GameObject),AppliedTourniquet,,,,,,
PULSE_TAKEN,183424,3/7/2023 12:17,a2a38d07-04c7-4b02-839e-83dc10e516ba,pulse_fast,Mike_7 Root,,,,,,,,,,
VOICE_CAPTURE,185473,3/7/2023 12:18,a2a38d07-04c7-4b02-839e-83dc10e516ba,OK put that on there right there bleeding stopped,NA,,,,,,,,,,
PULSE_TAKEN,186089,3/7/2023 12:18,a2a38d07-04c7-4b02-839e-83dc10e516ba,pulse_fast,Mike_7 Root,,,,,,,,,,
VOICE_CAPTURE,190479,3/7/2023 12:18,a2a38d07-04c7-4b02-839e-83dc10e516ba,pulse you have a good pulse when you stay right here OK,NA,,,,,,,,,,
TAG_SELECTED,191971,3/7/2023 12:18,a2a38d07-04c7-4b02-839e-83dc10e516ba,red,,,,,,,,,,,
TAG_DISCARDED,194070,3/7/2023 12:18,a2a38d07-04c7-4b02-839e-83dc10e516ba,red,"(0.6, 0.4, 4.2)",,,,,,,,,,
TAG_SELECTED,194454,3/7/2023 12:18,a2a38d07-04c7-4b02-839e-83dc10e516ba,yellow,,,,,,,,,,,
TAG_APPLIED,196687,3/7/2023 12:18,a2a38d07-04c7-4b02-839e-83dc10e516ba,Mike_7 Root,yellow,,,,,,,,,,
BAG_CLOSED,198732,3/7/2023 12:18,a2a38d07-04c7-4b02-839e-83dc10e516ba,"(0.3, 0.5, 3.8)",,,,,,,,,,,
TELEPORT,198732,3/7/2023 12:18,a2a38d07-04c7-4b02-839e-83dc10e516ba,"(-0.1, 0.0, 3.9)",,,,,,,,,,,
PATIENT_ENGAGED,202061,3/7/2023 12:18,a2a38d07-04c7-4b02-839e-83dc10e516ba,100,Infinity,Lily_2 Root,"(3.0, 0.0, 4.5)","(0.0, 1.0, 0.0, 0.0)",IMMEDIATE,waver,fast,fast,normal,agony,fetal
VOICE_CAPTURE,202662,3/7/2023 12:18,a2a38d07-04c7-4b02-839e-83dc10e516ba,right there running over here to this lady,NA,,,,,,,,,,
TELEPORT,203377,3/7/2023 12:18,a2a38d07-04c7-4b02-839e-83dc10e516ba,"(2.0, 0.0, 4.2)",,,,,,,,,,,
BAG_ACCESS,204196,3/7/2023 12:18,a2a38d07-04c7-4b02-839e-83dc10e516ba,"(2.8, 0.5, 4.7)",,,,,,,,,,,
TOOL_HOVER,207495,3/7/2023 12:18,a2a38d07-04c7-4b02-839e-83dc10e516ba,Tourniquet,998,,,,,,,,,,
TOOL_HOVER,207512,3/7/2023 12:18,a2a38d07-04c7-4b02-839e-83dc10e516ba,Tourniquet,998,,,,,,,,,,
TOOL_HOVER,207529,3/7/2023 12:18,a2a38d07-04c7-4b02-839e-83dc10e516ba,Tourniquet,998,,,,,,,,,,
TOOL_HOVER,207546,3/7/2023 12:18,a2a38d07-04c7-4b02-839e-83dc10e516ba,Tourniquet,998,,,,,,,,,,
TOOL_HOVER,207562,3/7/2023 12:18,a2a38d07-04c7-4b02-839e-83dc10e516ba,Tourniquet,998,,,,,,,,,,
TOOL_HOVER,207578,3/7/2023 12:18,a2a38d07-04c7-4b02-839e-83dc10e516ba,Tourniquet,998,,,,,,,,,,
TOOL_HOVER,207595,3/7/2023 12:18,a2a38d07-04c7-4b02-839e-83dc10e516ba,Tourniquet,998,,,,,,,,,,
TOOL_HOVER,207613,3/7/2023 12:18,a2a38d07-04c7-4b02-839e-83dc10e516ba,Tourniquet,998,,,,,,,,,,
TOOL_HOVER,207629,3/7/2023 12:18,a2a38d07-04c7-4b02-839e-83dc10e516ba,Tourniquet,998,,,,,,,,,,
TOOL_HOVER,207647,3/7/2023 12:18,a2a38d07-04c7-4b02-839e-83dc10e516ba,Tourniquet,998,,,,,,,,,,
TOOL_HOVER,207665,3/7/2023 12:18,a2a38d07-04c7-4b02-839e-83dc10e516ba,Tourniquet,998,,,,,,,,,,
TOOL_HOVER,207685,3/7/2023 12:18,a2a38d07-04c7-4b02-839e-83dc10e516ba,Tourniquet,998,,,,,,,,,,
TOOL_SELECTED,207686,3/7/2023 12:18,a2a38d07-04c7-4b02-839e-83dc10e516ba,Tourniquet,997,,,,,,,,,,
INJURY_TREATED,209398,3/7/2023 12:18,a2a38d07-04c7-4b02-839e-83dc10e516ba,R Shin Amputation,Lily_2 Root,tourniquet,high,rightLeg,TRUE,FALSE,"(3.3, 0.1, 4.3)",,,,
TOOL_APPLIED,209398,3/7/2023 12:18,a2a38d07-04c7-4b02-839e-83dc10e516ba,Lily_2 Root,Tourniquet,RightUpLeg (UnityEngine.GameObject),tor_ring (1) (UnityEngine.GameObject),tourniquet(Clone) (UnityEngine.GameObject),AppliedTourniquet,,,,,,
BAG_CLOSED,210547,3/7/2023 12:18,a2a38d07-04c7-4b02-839e-83dc10e516ba,"(2.7, 0.5, 4.7)",,,,,,,,,,,
TELEPORT,210547,3/7/2023 12:18,a2a38d07-04c7-4b02-839e-83dc10e516ba,"(2.2, 0.0, 4.2)",,,,,,,,,,,
PULSE_TAKEN,211398,3/7/2023 12:18,a2a38d07-04c7-4b02-839e-83dc10e516ba,pulse_fast,Lily_2 Root,,,,,,,,,,
PULSE_TAKEN,211414,3/7/2023 12:18,a2a38d07-04c7-4b02-839e-83dc10e516ba,pulse_fast,Lily_2 Root,,,,,,,,,,
PULSE_TAKEN,212195,3/7/2023 12:18,a2a38d07-04c7-4b02-839e-83dc10e516ba,pulse_fast,Lily_2 Root,,,,,,,,,,
PULSE_TAKEN,213413,3/7/2023 12:18,a2a38d07-04c7-4b02-839e-83dc10e516ba,pulse_fast,Lily_2 Root,,,,,,,,,,
PULSE_TAKEN,213497,3/7/2023 12:18,a2a38d07-04c7-4b02-839e-83dc10e516ba,pulse_fast,Lily_2 Root,,,,,,,,,,
PULSE_TAKEN,213530,3/7/2023 12:18,a2a38d07-04c7-4b02-839e-83dc10e516ba,pulse_fast,Lily_2 Root,,,,,,,,,,
PULSE_TAKEN,214296,3/7/2023 12:18,a2a38d07-04c7-4b02-839e-83dc10e516ba,pulse_fast,Lily_2 Root,,,,,,,,,,
VOICE_CAPTURE,215260,3/7/2023 12:18,a2a38d07-04c7-4b02-839e-83dc10e516ba,put that right there OK feel for a pulse,NA,,,,,,,,,,
PULSE_TAKEN,215297,3/7/2023 12:18,a2a38d07-04c7-4b02-839e-83dc10e516ba,pulse_fast,Lily_2 Root,,,,,,,,,,
PULSE_TAKEN,216195,3/7/2023 12:18,a2a38d07-04c7-4b02-839e-83dc10e516ba,pulse_fast,Lily_2 Root,,,,,,,,,,
PULSE_TAKEN,216645,3/7/2023 12:18,a2a38d07-04c7-4b02-839e-83dc10e516ba,pulse_fast,Lily_2 Root,,,,,,,,,,
VOICE_CAPTURE,216661,3/7/2023 12:18,a2a38d07-04c7-4b02-839e-83dc10e516ba,maybe right here,NA,,,,,,,,,,
PULSE_TAKEN,217194,3/7/2023 12:18,a2a38d07-04c7-4b02-839e-83dc10e516ba,pulse_fast,Lily_2 Root,,,,,,,,,,
PULSE_TAKEN,217869,3/7/2023 12:18,a2a38d07-04c7-4b02-839e-83dc10e516ba,pulse_fast,Lily_2 Root,,,,,,,,,,
VOICE_CAPTURE,219820,3/7/2023 12:18,a2a38d07-04c7-4b02-839e-83dc10e516ba,she got a pulse,NA,,,,,,,,,,
VOICE_CAPTURE,223820,3/7/2023 12:18,a2a38d07-04c7-4b02-839e-83dc10e516ba,OK bleeding stop memory hurting anywhere else i need a kit,NA,,,,,,,,,,
VOICE_COMMAND,223820,3/7/2023 12:18,a2a38d07-04c7-4b02-839e-83dc10e516ba,are you hurt,OK bleeding stop memory hurting anywhere else i need a kit,,,,,,,,,,
VOICE_COMMAND,223820,3/7/2023 12:18,a2a38d07-04c7-4b02-839e-83dc10e516ba,anywhere else,OK bleeding stop memory hurting anywhere else i need a kit,,,,,,,,,,
BAG_ACCESS,224088,3/7/2023 12:18,a2a38d07-04c7-4b02-839e-83dc10e516ba,"(3.0, 0.5, 4.7)",,,,,,,,,,,
TAG_SELECTED,224723,3/7/2023 12:18,a2a38d07-04c7-4b02-839e-83dc10e516ba,red,,,,,,,,,,,
VOICE_CAPTURE,225404,3/7/2023 12:18,a2a38d07-04c7-4b02-839e-83dc10e516ba,modbutton groan,NA,,,,,,,,,,
VOICE_COMMAND,225404,3/7/2023 12:18,a2a38d07-04c7-4b02-839e-83dc10e516ba,modbutton groan,modbutton groan,,,,,,,,,,
TAG_APPLIED,226762,3/7/2023 12:18,a2a38d07-04c7-4b02-839e-83dc10e516ba,Lily_2 Root,red,,,,,,,,,,
VOICE_CAPTURE,227725,3/7/2023 12:18,a2a38d07-04c7-4b02-839e-83dc10e516ba,no,NA,,,,,,,,,,
BAG_CLOSED,229123,3/7/2023 12:18,a2a38d07-04c7-4b02-839e-83dc10e516ba,"(3.0, 0.5, 4.7)",,,,,,,,,,,
TELEPORT,229935,3/7/2023 12:18,a2a38d07-04c7-4b02-839e-83dc10e516ba,"(1.3, 0.0, 3.9)",,,,,,,,,,,
VOICE_CAPTURE,230368,3/7/2023 12:18,a2a38d07-04c7-4b02-839e-83dc10e516ba,yeah she got that,NA,,,,,,,,,,
PATIENT_ENGAGED,231944,3/7/2023 12:18,a2a38d07-04c7-4b02-839e-83dc10e516ba,100,Infinity,Lily_4 Root,"(1.2, 0.0, 6.2)","(0.0, 1.0, 0.0, 0.0)",IMMEDIATE,waver,fast,normal,normal,upset,fetal
PULSE_TAKEN,235290,3/7/2023 12:18,a2a38d07-04c7-4b02-839e-83dc10e516ba,pulse_fast,Lily_4 Root,,,,,,,,,,
VOICE_CAPTURE,235914,3/7/2023 12:18,a2a38d07-04c7-4b02-839e-83dc10e516ba,modbutton no,NA,,,,,,,,,,
VOICE_COMMAND,235914,3/7/2023 12:18,a2a38d07-04c7-4b02-839e-83dc10e516ba,modbutton no,modbutton no,,,,,,,,,,
VOICE_CAPTURE,236966,3/7/2023 12:18,a2a38d07-04c7-4b02-839e-83dc10e516ba,come over here ma'am are you having a hard time breathing at all,NA,,,,,,,,,,
BAG_ACCESS,240433,3/7/2023 12:18,a2a38d07-04c7-4b02-839e-83dc10e516ba,"(0.5, 0.4, 6.3)",,,,,,,,,,,
VOICE_CAPTURE,240849,3/7/2023 12:18,a2a38d07-04c7-4b02-839e-83dc10e516ba,no OK besides your hip anything else hurting,NA,,,,,,,,,,
VOICE_COMMAND,240849,3/7/2023 12:18,a2a38d07-04c7-4b02-839e-83dc10e516ba,are you hurt,no OK besides your hip anything else hurting,,,,,,,,,,
VOICE_CAPTURE,241097,3/7/2023 12:18,a2a38d07-04c7-4b02-839e-83dc10e516ba,modbutton no,NA,,,,,,,,,,
VOICE_COMMAND,241097,3/7/2023 12:18,a2a38d07-04c7-4b02-839e-83dc10e516ba,modbutton no,modbutton no,,,,,,,,,,
TOOL_HOVER,243087,3/7/2023 12:18,a2a38d07-04c7-4b02-839e-83dc10e516ba,Hemostatic Gauze,999,,,,,,,,,,
TOOL_HOVER,243105,3/7/2023 12:18,a2a38d07-04c7-4b02-839e-83dc10e516ba,Hemostatic Gauze,999,,,,,,,,,,
TOOL_SELECTED,243106,3/7/2023 12:18,a2a38d07-04c7-4b02-839e-83dc10e516ba,Hemostatic Gauze,998,,,,,,,,,,
VOICE_CAPTURE,243762,3/7/2023 12:19,a2a38d07-04c7-4b02-839e-83dc10e516ba,no,NA,,,,,,,,,,
TOOL_DISCARDED,244437,3/7/2023 12:19,a2a38d07-04c7-4b02-839e-83dc10e516ba,Hemostatic Gauze,998,"(0.9, 0.2, 6.5)",,,,,,,,,
INJURY_TREATED,244437,3/7/2023 12:19,a2a38d07-04c7-4b02-839e-83dc10e516ba,L Side Puncture,Lily_4 Root,woundpack,medium,abdomen,TRUE,FALSE,"(0.9, 0.2, 6.5)",,,,
TOOL_APPLIED,244437,3/7/2023 12:19,a2a38d07-04c7-4b02-839e-83dc10e516ba,Lily_4 Root,Gauze_Pack,skinCollider_BodyLOD (UnityEngine.GameObject),null,null,AppliedPackingGauze,,,,,,
