VOICE_CAPTURE,5092,4/21/2023 10:44,313259a4-162f-44f6-8479-92e4554a1464,Hi Max,NA,,,,,,,,,,
PATIENT_DEMOTED,11126,4/21/2023 10:45,313259a4-162f-44f6-8479-92e4554a1464,100,Infinity,Mike_1 Root,"(2.6, 0.0, 0.1)","(0.0, 0.7, 0.0, -0.7)",DELAYED,waver,normal,normal,normal,upset,recovery
PATIENT_DEMOTED,11782,4/21/2023 10:45,313259a4-162f-44f6-8479-92e4554a1464,100,Infinity,Mike_2 Root,"(2.6, 0.0, 2.4)","(0.0, 0.7, 0.0, -0.7)",IMMEDIATE,walker,fast,normal,normal,upset,sittingGround
VOICE_CAPTURE,11828,4/21/2023 10:45,313259a4-162f-44f6-8479-92e4554a1464,is he the only one,NA,,,,,,,,,,
PATIENT_DEMOTED,12443,4/21/2023 10:45,313259a4-162f-44f6-8479-92e4554a1464,100,128,Mike_3 Root,"(3.0, 0.0, 4.3)","(0.0, 0.7, 0.0, -0.7)",IMMEDIATE,still,faint,collapsedRight,normal,unresponsive,supine
SESSION_START,13852,4/21/2023 10:45,313259a4-162f-44f6-8479-92e4554a1464,,,,,,,,,,,,
PATIENT_RECORD,13852,4/21/2023 10:45,313259a4-162f-44f6-8479-92e4554a1464,100,Infinity,Mike_0 Root,"(2.6, 0.0, -1.4)","(0.0, 0.7, 0.0, -0.7)",MINIMAL,walker,normal,normal,normal,upset,sittingGround
INJURY_RECORD,13852,4/21/2023 10:45,313259a4-162f-44f6-8479-92e4554a1464,R Forearm Laceration,Mike_0 Root,gauzePressure,low,rightArm,FALSE,FALSE,"(2.7, 1.4, -0.9)",,,,
PATIENT_RECORD,13853,4/21/2023 10:45,313259a4-162f-44f6-8479-92e4554a1464,100,Infinity,Mike_1 Root,"(2.9, 0.0, 0.1)","(0.0, 0.7, 0.0, -0.7)",DELAYED,waver,normal,normal,normal,upset,recovery
INJURY_RECORD,13853,4/21/2023 10:45,313259a4-162f-44f6-8479-92e4554a1464,L Thigh Laceration,Mike_1 Root,tourniquet,medium,leftLeg,FALSE,FALSE,"(2.8, 0.7, -0.1)",,,,
PATIENT_RECORD,13853,4/21/2023 10:45,313259a4-162f-44f6-8479-92e4554a1464,100,Infinity,Mike_2 Root,"(3.1, 0.0, 2.2)","(0.0, 0.7, 0.0, -0.7)",IMMEDIATE,walker,fast,normal,normal,upset,sittingGround
INJURY_RECORD,13853,4/21/2023 10:45,313259a4-162f-44f6-8479-92e4554a1464,L Shoulder Puncture,Mike_2 Root,woundpack,medium,chest,FALSE,FALSE,"(3.1, 1.5, 2.1)",,,,
PATIENT_RECORD,13853,4/21/2023 10:45,313259a4-162f-44f6-8479-92e4554a1464,100,128,Mike_3 Root,"(3.2, 0.0, 4.3)","(0.0, 0.7, 0.0, -0.7)",IMMEDIATE,still,faint,collapsedRight,normal,unresponsive,supine
INJURY_RECORD,13853,4/21/2023 10:45,313259a4-162f-44f6-8479-92e4554a1464,R Chest Collapse,Mike_3 Root,decompress,high,chest,FALSE,FALSE,"(0.0, 0.0, 0.0)",,,,
VOICE_CAPTURE,15246,4/21/2023 10:45,313259a4-162f-44f6-8479-92e4554a1464,oh OK he's gotta go OK he's still going,NA,,,,,,,,,,
VOICE_CAPTURE,20360,4/21/2023 10:45,313259a4-162f-44f6-8479-92e4554a1464,walk,NA,,,,,,,,,,
VOICE_COMMAND,20360,4/21/2023 10:45,313259a4-162f-44f6-8479-92e4554a1464,walk to the safe area,walk,,,,,,,,,,
S_A_L_T_WALK_IF_CAN,20362,4/21/2023 10:45,313259a4-162f-44f6-8479-92e4554a1464,"(2.6, 0.0, -1.4)",walkIfCan,Mike_0 Root,,,,,,,,,
S_A_L_T_WALKED,20362,4/21/2023 10:45,313259a4-162f-44f6-8479-92e4554a1464,"(2.6, 0.0, -1.4)",walked,Mike_0 Root,,,,,,,,,
S_A_L_T_WALK_IF_CAN,20362,4/21/2023 10:45,313259a4-162f-44f6-8479-92e4554a1464,"(2.9, 0.0, 0.1)",walkIfCan,Mike_1 Root,,,,,,,,,
S_A_L_T_WALK_IF_CAN,20362,4/21/2023 10:45,313259a4-162f-44f6-8479-92e4554a1464,"(3.1, 0.0, 2.2)",walkIfCan,Mike_2 Root,,,,,,,,,
S_A_L_T_WALKED,20362,4/21/2023 10:45,313259a4-162f-44f6-8479-92e4554a1464,"(3.1, 0.0, 2.2)",walked,Mike_2 Root,,,,,,,,,
VOICE_CAPTURE,22314,4/21/2023 10:45,313259a4-162f-44f6-8479-92e4554a1464,what's up anybody that can walk go to the safe zone,NA,,,,,,,,,,
VOICE_COMMAND,22314,4/21/2023 10:45,313259a4-162f-44f6-8479-92e4554a1464,walk to the safe area,what's up anybody that can walk go to the safe zone,,,,,,,,,,
VOICE_COMMAND,22314,4/21/2023 10:45,313259a4-162f-44f6-8479-92e4554a1464,walk to the safe area,what's up anybody that can walk go to the safe zone,,,,,,,,,,
VOICE_CAPTURE,26106,4/21/2023 10:45,313259a4-162f-44f6-8479-92e4554a1464,who can wave at me,NA,,,,,,,,,,
VOICE_COMMAND,26106,4/21/2023 10:45,313259a4-162f-44f6-8479-92e4554a1464,wave if you can,who can wave at me,,,,,,,,,,
S_A_L_T_WAVE_IF_CAN,26107,4/21/2023 10:45,313259a4-162f-44f6-8479-92e4554a1464,"(4.7, 0.0, -3.2)",waveIfCan,Mike_0 Root,,,,,,,,,
S_A_L_T_WAVED,26107,4/21/2023 10:45,313259a4-162f-44f6-8479-92e4554a1464,"(4.7, 0.0, -3.2)",waved,Mike_0 Root,,,,,,,,,
S_A_L_T_WAVE_IF_CAN,26107,4/21/2023 10:45,313259a4-162f-44f6-8479-92e4554a1464,"(2.9, 0.0, 0.1)",waveIfCan,Mike_1 Root,,,,,,,,,
S_A_L_T_WAVED,26107,4/21/2023 10:45,313259a4-162f-44f6-8479-92e4554a1464,"(2.9, 0.0, 0.1)",waved,Mike_1 Root,,,,,,,,,
S_A_L_T_WAVE_IF_CAN,26107,4/21/2023 10:45,313259a4-162f-44f6-8479-92e4554a1464,"(4.1, 0.0, -1.2)",waveIfCan,Mike_2 Root,,,,,,,,,
S_A_L_T_WALK_IF_CAN,26124,4/21/2023 10:45,313259a4-162f-44f6-8479-92e4554a1464,"(4.7, 0.0, -3.2)",walkIfCan,Mike_0 Root,,,,,,,,,
S_A_L_T_WALKED,26125,4/21/2023 10:45,313259a4-162f-44f6-8479-92e4554a1464,"(4.7, 0.0, -3.2)",walked,Mike_0 Root,,,,,,,,,
S_A_L_T_WALK_IF_CAN,26125,4/21/2023 10:45,313259a4-162f-44f6-8479-92e4554a1464,"(2.9, 0.0, 0.1)",walkIfCan,Mike_1 Root,,,,,,,,,
S_A_L_T_WALK_IF_CAN,26125,4/21/2023 10:45,313259a4-162f-44f6-8479-92e4554a1464,"(4.1, 0.0, -1.2)",walkIfCan,Mike_2 Root,,,,,,,,,
S_A_L_T_WALKED,26125,4/21/2023 10:45,313259a4-162f-44f6-8479-92e4554a1464,"(4.1, 0.0, -1.2)",walked,Mike_2 Root,,,,,,,,,
VOICE_CAPTURE,27125,4/21/2023 10:45,313259a4-162f-44f6-8479-92e4554a1464,wave,NA,,,,,,,,,,
VOICE_COMMAND,27125,4/21/2023 10:45,313259a4-162f-44f6-8479-92e4554a1464,wave if you can,wave,,,,,,,,,,
S_A_L_T_WAVE_IF_CAN,27126,4/21/2023 10:45,313259a4-162f-44f6-8479-92e4554a1464,"(3.8, 0.0, -2.3)",waveIfCan,Mike_2 Root,,,,,,,,,
S_A_L_T_WALK_IF_CAN,27142,4/21/2023 10:45,313259a4-162f-44f6-8479-92e4554a1464,"(4.6, 0.0, -3.3)",walkIfCan,Mike_0 Root,,,,,,,,,
S_A_L_T_WALKED,27142,4/21/2023 10:45,313259a4-162f-44f6-8479-92e4554a1464,"(4.6, 0.0, -3.3)",walked,Mike_0 Root,,,,,,,,,
S_A_L_T_WALK_IF_CAN,27142,4/21/2023 10:45,313259a4-162f-44f6-8479-92e4554a1464,"(2.9, 0.0, 0.1)",walkIfCan,Mike_1 Root,,,,,,,,,
S_A_L_T_WALK_IF_CAN,27142,4/21/2023 10:45,313259a4-162f-44f6-8479-92e4554a1464,"(3.8, 0.0, -2.3)",walkIfCan,Mike_2 Root,,,,,,,,,
S_A_L_T_WALKED,27142,4/21/2023 10:45,313259a4-162f-44f6-8479-92e4554a1464,"(3.8, 0.0, -2.3)",walked,Mike_2 Root,,,,,,,,,
TELEPORT,29497,4/21/2023 10:45,313259a4-162f-44f6-8479-92e4554a1464,"(0.8, 0.0, -3.4)",,,,,,,,,,,
VOICE_CAPTURE,32920,4/21/2023 10:45,313259a4-162f-44f6-8479-92e4554a1464,OK,NA,,,,,,,,,,
TELEPORT,32937,4/21/2023 10:45,313259a4-162f-44f6-8479-92e4554a1464,"(3.1, 0.0, 2.6)",,,,,,,,,,,
TELEPORT,34356,4/21/2023 10:45,313259a4-162f-44f6-8479-92e4554a1464,"(4.8, 0.0, 2.7)",,,,,,,,,,,
TELEPORT,34540,4/21/2023 10:45,313259a4-162f-44f6-8479-92e4554a1464,"(4.8, 0.0, 2.7)",,,,,,,,,,,
TELEPORT,34974,4/21/2023 10:45,313259a4-162f-44f6-8479-92e4554a1464,"(1.4, 0.0, 11.0)",,,,,,,,,,,
TELEPORT,36228,4/21/2023 10:45,313259a4-162f-44f6-8479-92e4554a1464,"(1.1, 0.0, 13.7)",,,,,,,,,,,
VOICE_CAPTURE,36545,4/21/2023 10:45,313259a4-162f-44f6-8479-92e4554a1464,I'll be right with you in a minute,NA,,,,,,,,,,
VOICE_CAPTURE,39289,4/21/2023 10:45,313259a4-162f-44f6-8479-92e4554a1464,oh boy oh I gotta hold it,NA,,,,,,,,,,
PATIENT_ENGAGED,40555,4/21/2023 10:45,313259a4-162f-44f6-8479-92e4554a1464,100,128,Mike_3 Root,"(3.2, 0.0, 4.3)","(0.0, 0.7, 0.0, -0.7)",IMMEDIATE,still,faint,collapsedRight,normal,unresponsive,supine
PULSE_TAKEN,42543,4/21/2023 10:45,313259a4-162f-44f6-8479-92e4554a1464,pulse_faint,Mike_3 Root,,,,,,,,,,
PULSE_TAKEN,44999,4/21/2023 10:45,313259a4-162f-44f6-8479-92e4554a1464,pulse_faint,Mike_3 Root,,,,,,,,,,
PULSE_TAKEN,45883,4/21/2023 10:45,313259a4-162f-44f6-8479-92e4554a1464,pulse_faint,Mike_3 Root,,,,,,,,,,
PULSE_TAKEN,47421,4/21/2023 10:45,313259a4-162f-44f6-8479-92e4554a1464,pulse_faint,Mike_3 Root,,,,,,,,,,
PULSE_TAKEN,48658,4/21/2023 10:45,313259a4-162f-44f6-8479-92e4554a1464,pulse_faint,Mike_3 Root,,,,,,,,,,
VOICE_CAPTURE,50780,4/21/2023 10:45,313259a4-162f-44f6-8479-92e4554a1464,hold anything,NA,,,,,,,,,,
VOICE_CAPTURE,53937,4/21/2023 10:45,313259a4-162f-44f6-8479-92e4554a1464,alright good,NA,,,,,,,,,,
BAG_ACCESS,54606,4/21/2023 10:45,313259a4-162f-44f6-8479-92e4554a1464,"(3.2, 0.4, 4.9)",,,,,,,,,,,
TOOL_HOVER,55576,4/21/2023 10:45,313259a4-162f-44f6-8479-92e4554a1464,Needle,999,,,,,,,,,,
TOOL_HOVER,55591,4/21/2023 10:45,313259a4-162f-44f6-8479-92e4554a1464,Needle,999,,,,,,,,,,
TOOL_HOVER,55608,4/21/2023 10:45,313259a4-162f-44f6-8479-92e4554a1464,Needle,999,,,,,,,,,,
TOOL_HOVER,55625,4/21/2023 10:45,313259a4-162f-44f6-8479-92e4554a1464,Needle,999,,,,,,,,,,
TOOL_HOVER,55643,4/21/2023 10:45,313259a4-162f-44f6-8479-92e4554a1464,Needle,999,,,,,,,,,,
TOOL_HOVER,55658,4/21/2023 10:45,313259a4-162f-44f6-8479-92e4554a1464,Needle,999,,,,,,,,,,
TOOL_SELECTED,55662,4/21/2023 10:45,313259a4-162f-44f6-8479-92e4554a1464,Needle,998,,,,,,,,,,
VOICE_CAPTURE,59149,4/21/2023 10:45,313259a4-162f-44f6-8479-92e4554a1464,OK,NA,,,,,,,,,,
INJURY_TREATED,59854,4/21/2023 10:45,313259a4-162f-44f6-8479-92e4554a1464,R Chest Collapse,Mike_3 Root,decompress,high,chest,TRUE,FALSE,"(0.0, 0.0, 0.0)",,,,
TOOL_APPLIED,59854,4/21/2023 10:45,313259a4-162f-44f6-8479-92e4554a1464,Needle_Decomp(Clone),Needle,RChest_Breathe1 (UnityEngine.GameObject),cath_needle (UnityEngine.GameObject),right_chest,Needle_Decomp(Clone) (UnityEngine.GameObject),AppliedDecompNeedle,,,,,
TAG_SELECTED,68206,4/21/2023 10:45,313259a4-162f-44f6-8479-92e4554a1464,red,,,,,,,,,,,
TAG_APPLIED,69525,4/21/2023 10:46,313259a4-162f-44f6-8479-92e4554a1464,Mike_3 Root,red,,,,,,,,,,
VOICE_CAPTURE,71061,4/21/2023 10:46,313259a4-162f-44f6-8479-92e4554a1464,we're gonna give him this guy,NA,,,,,,,,,,
VOICE_CAPTURE,73484,4/21/2023 10:46,313259a4-162f-44f6-8479-92e4554a1464,OK,NA,,,,,,,,,,
BAG_CLOSED,75524,4/21/2023 10:46,313259a4-162f-44f6-8479-92e4554a1464,"(3.3, 0.0, 6.6)",,,,,,,,,,,
TELEPORT,75524,4/21/2023 10:46,313259a4-162f-44f6-8479-92e4554a1464,"(3.3, 0.0, 6.6)",,,,,,,,,,,
TELEPORT,75908,4/21/2023 10:46,313259a4-162f-44f6-8479-92e4554a1464,"(3.3, 0.0, 6.6)",,,,,,,,,,,
TELEPORT,77159,4/21/2023 10:46,313259a4-162f-44f6-8479-92e4554a1464,"(3.3, 0.0, 6.6)",,,,,,,,,,,
BAG_ACCESS,77596,4/21/2023 10:46,313259a4-162f-44f6-8479-92e4554a1464,"(2.8, 0.9, 5.0)",,,,,,,,,,,
TELEPORT,78012,4/21/2023 10:46,313259a4-162f-44f6-8479-92e4554a1464,"(3.3, 0.0, 6.6)",,,,,,,,,,,
BAG_CLOSED,78680,4/21/2023 10:46,313259a4-162f-44f6-8479-92e4554a1464,"(2.7, 0.9, 5.0)",,,,,,,,,,,
TELEPORT,78680,4/21/2023 10:46,313259a4-162f-44f6-8479-92e4554a1464,"(3.3, 0.0, 6.6)",,,,,,,,,,,
PATIENT_ENGAGED,81519,4/21/2023 10:46,313259a4-162f-44f6-8479-92e4554a1464,100,Infinity,Mike_1 Root,"(2.9, 0.0, 0.1)","(0.0, 0.7, 0.0, -0.7)",DELAYED,waver,normal,normal,normal,upset,recovery
VOICE_CAPTURE,85221,4/21/2023 10:46,313259a4-162f-44f6-8479-92e4554a1464,are you hurt,NA,,,,,,,,,,
VOICE_COMMAND,85221,4/21/2023 10:46,313259a4-162f-44f6-8479-92e4554a1464,are you hurt,are you hurt,,,,,,,,,,
PULSE_TAKEN,85836,4/21/2023 10:46,313259a4-162f-44f6-8479-92e4554a1464,pulse_normal,Mike_1 Root,,,,,,,,,,
VOICE_CAPTURE,89257,4/21/2023 10:46,313259a4-162f-44f6-8479-92e4554a1464,are you hurt,NA,,,,,,,,,,
VOICE_COMMAND,89257,4/21/2023 10:46,313259a4-162f-44f6-8479-92e4554a1464,are you hurt,are you hurt,,,,,,,,,,
PULSE_TAKEN,89472,4/21/2023 10:46,313259a4-162f-44f6-8479-92e4554a1464,pulse_normal,Mike_1 Root,,,,,,,,,,
PULSE_TAKEN,89908,4/21/2023 10:46,313259a4-162f-44f6-8479-92e4554a1464,pulse_normal,Mike_1 Root,,,,,,,,,,
VOICE_CAPTURE,90592,4/21/2023 10:46,313259a4-162f-44f6-8479-92e4554a1464,where are you heard at,NA,,,,,,,,,,
VOICE_COMMAND,90592,4/21/2023 10:46,313259a4-162f-44f6-8479-92e4554a1464,where are you,where are you heard at,,,,,,,,,,
TELEPORT,91629,4/21/2023 10:46,313259a4-162f-44f6-8479-92e4554a1464,"(3.5, 0.0, 2.9)",,,,,,,,,,,
BAG_ACCESS,92647,4/21/2023 10:46,313259a4-162f-44f6-8479-92e4554a1464,"(3.1, 0.5, 1.1)",,,,,,,,,,,
VOICE_CAPTURE,93549,4/21/2023 10:46,313259a4-162f-44f6-8479-92e4554a1464,oh right there,NA,,,,,,,,,,
TOOL_HOVER,95775,4/21/2023 10:46,313259a4-162f-44f6-8479-92e4554a1464,Tourniquet,999,,,,,,,,,,
TOOL_SELECTED,95776,4/21/2023 10:46,313259a4-162f-44f6-8479-92e4554a1464,Tourniquet,998,,,,,,,,,,
PULSE_TAKEN,97476,4/21/2023 10:46,313259a4-162f-44f6-8479-92e4554a1464,pulse_normal,Mike_1 Root,,,,,,,,,,
INJURY_TREATED,97994,4/21/2023 10:46,313259a4-162f-44f6-8479-92e4554a1464,L Thigh Laceration,Mike_1 Root,tourniquet,medium,leftLeg,TRUE,FALSE,"(2.8, 0.3, 0.4)",,,,
TOOL_APPLIED,97995,4/21/2023 10:46,313259a4-162f-44f6-8479-92e4554a1464,Mike_1 Root,Tourniquet,LeftUpLeg (UnityEngine.GameObject),tor_ring (1) (UnityEngine.GameObject),tourniquet(Clone) (UnityEngine.GameObject),AppliedTourniquet,,,,,,
TAG_SELECTED,102956,4/21/2023 10:46,313259a4-162f-44f6-8479-92e4554a1464,red,,,,,,,,,,,
TAG_DISCARDED,103757,4/21/2023 10:46,313259a4-162f-44f6-8479-92e4554a1464,red,"(3.1, 0.8, 0.5)",,,,,,,,,,
VOICE_CAPTURE,105328,4/21/2023 10:46,313259a4-162f-44f6-8479-92e4554a1464,perfect,NA,,,,,,,,,,
TAG_SELECTED,108887,4/21/2023 10:46,313259a4-162f-44f6-8479-92e4554a1464,yellow,,,,,,,,,,,
TAG_APPLIED,110431,4/21/2023 10:46,313259a4-162f-44f6-8479-92e4554a1464,Mike_1 Root,yellow,,,,,,,,,,
VOICE_CAPTURE,112001,4/21/2023 10:46,313259a4-162f-44f6-8479-92e4554a1464,he's gonna need to get that looked at with yellow,NA,,,,,,,,,,
VOICE_CAPTURE,116178,4/21/2023 10:46,313259a4-162f-44f6-8479-92e4554a1464,back,NA,,,,,,,,,,
BAG_CLOSED,116497,4/21/2023 10:46,313259a4-162f-44f6-8479-92e4554a1464,"(3.1, 0.6, 1.1)",,,,,,,,,,,
TELEPORT,116497,4/21/2023 10:46,313259a4-162f-44f6-8479-92e4554a1464,"(3.5, 0.0, 2.9)",,,,,,,,,,,
TELEPORT,117131,4/21/2023 10:46,313259a4-162f-44f6-8479-92e4554a1464,"(3.6, 0.0, 2.8)",,,,,,,,,,,
TELEPORT,117431,4/21/2023 10:46,313259a4-162f-44f6-8479-92e4554a1464,"(3.6, 0.0, 2.6)",,,,,,,,,,,
TELEPORT,119285,4/21/2023 10:46,313259a4-162f-44f6-8479-92e4554a1464,"(3.8, 0.0, 2.0)",,,,,,,,,,,
VOICE_CAPTURE,121892,4/21/2023 10:46,313259a4-162f-44f6-8479-92e4554a1464,alright we're gonna go alright we're just gonna go like that,NA,,,,,,,,,,
TELEPORT,123596,4/21/2023 10:46,313259a4-162f-44f6-8479-92e4554a1464,"(4.8, 0.0, -1.8)",,,,,,,,,,,
VOICE_CAPTURE,126036,4/21/2023 10:46,313259a4-162f-44f6-8479-92e4554a1464,are you hurt,NA,,,,,,,,,,
VOICE_COMMAND,126036,4/21/2023 10:46,313259a4-162f-44f6-8479-92e4554a1464,are you hurt,are you hurt,,,,,,,,,,
VOICE_CAPTURE,127540,4/21/2023 10:46,313259a4-162f-44f6-8479-92e4554a1464,are you hurt,NA,,,,,,,,,,
VOICE_COMMAND,127540,4/21/2023 10:46,313259a4-162f-44f6-8479-92e4554a1464,are you hurt,are you hurt,,,,,,,,,,
VOICE_CAPTURE,127957,4/21/2023 10:46,313259a4-162f-44f6-8479-92e4554a1464,What's up,NA,,,,,,,,,,
PATIENT_ENGAGED,129528,4/21/2023 10:47,313259a4-162f-44f6-8479-92e4554a1464,100,Infinity,Mike_2 Root,"(3.0, 0.0, -5.1)","(0.0, -0.3, 0.0, -1.0)",IMMEDIATE,walker,fast,normal,normal,upset,standing
VOICE_CAPTURE,129829,4/21/2023 10:47,313259a4-162f-44f6-8479-92e4554a1464,are you hurt,NA,,,,,,,,,,
VOICE_COMMAND,129829,4/21/2023 10:47,313259a4-162f-44f6-8479-92e4554a1464,are you hurt,are you hurt,,,,,,,,,,
VOICE_CAPTURE,130965,4/21/2023 10:47,313259a4-162f-44f6-8479-92e4554a1464,are you hurt,NA,,,,,,,,,,
VOICE_COMMAND,130965,4/21/2023 10:47,313259a4-162f-44f6-8479-92e4554a1464,are you hurt,are you hurt,,,,,,,,,,
PULSE_TAKEN,131014,4/21/2023 10:47,313259a4-162f-44f6-8479-92e4554a1464,pulse_fast,Mike_2 Root,,,,,,,,,,
VOICE_CAPTURE,132102,4/21/2023 10:47,313259a4-162f-44f6-8479-92e4554a1464,are you hurt,NA,,,,,,,,,,
VOICE_COMMAND,132102,4/21/2023 10:47,313259a4-162f-44f6-8479-92e4554a1464,are you hurt,are you hurt,,,,,,,,,,
BAG_ACCESS,132786,4/21/2023 10:47,313259a4-162f-44f6-8479-92e4554a1464,"(3.5, 0.8, -4.4)",,,,,,,,,,,
TOOL_HOVER,135375,4/21/2023 10:47,313259a4-162f-44f6-8479-92e4554a1464,Hemostatic Gauze,999,,,,,,,,,,
TOOL_HOVER,135392,4/21/2023 10:47,313259a4-162f-44f6-8479-92e4554a1464,Hemostatic Gauze,999,,,,,,,,,,
TOOL_HOVER,135409,4/21/2023 10:47,313259a4-162f-44f6-8479-92e4554a1464,Hemostatic Gauze,999,,,,,,,,,,
TOOL_HOVER,135425,4/21/2023 10:47,313259a4-162f-44f6-8479-92e4554a1464,Hemostatic Gauze,999,,,,,,,,,,
TOOL_HOVER,135442,4/21/2023 10:47,313259a4-162f-44f6-8479-92e4554a1464,Hemostatic Gauze,999,,,,,,,,,,
TOOL_HOVER,135459,4/21/2023 10:47,313259a4-162f-44f6-8479-92e4554a1464,Hemostatic Gauze,999,,,,,,,,,,
TOOL_SELECTED,135460,4/21/2023 10:47,313259a4-162f-44f6-8479-92e4554a1464,Hemostatic Gauze,998,,,,,,,,,,
VOICE_CAPTURE,138800,4/21/2023 10:47,313259a4-162f-44f6-8479-92e4554a1464,where's that there it is,NA,,,,,,,,,,
TOOL_DISCARDED,138885,4/21/2023 10:47,313259a4-162f-44f6-8479-92e4554a1464,Hemostatic Gauze,998,"(3.0, 1.4, -4.9)",,,,,,,,,
INJURY_TREATED,138886,4/21/2023 10:47,313259a4-162f-44f6-8479-92e4554a1464,L Shoulder Puncture,Mike_2 Root,woundpack,medium,chest,TRUE,FALSE,"(3.0, 1.4, -4.9)",,,,
TOOL_APPLIED,138886,4/21/2023 10:47,313259a4-162f-44f6-8479-92e4554a1464,Mike_2 Root,Gauze_Pack,skinCollider_BodyCollideLOD (UnityEngine.GameObject),null,null,AppliedPackingGauze,,,,,,
VOICE_CAPTURE,144297,4/21/2023 10:47,313259a4-162f-44f6-8479-92e4554a1464,OK,NA,,,,,,,,,,
TAG_SELECTED,145309,4/21/2023 10:47,313259a4-162f-44f6-8479-92e4554a1464,red,,,,,,,,,,,
TAG_APPLIED,146936,4/21/2023 10:47,313259a4-162f-44f6-8479-92e4554a1464,Mike_2 Root,red,,,,,,,,,,
VOICE_CAPTURE,147136,4/21/2023 10:47,313259a4-162f-44f6-8479-92e4554a1464,right,NA,,,,,,,,,,
PATIENT_ENGAGED,151998,4/21/2023 10:47,313259a4-162f-44f6-8479-92e4554a1464,100,Infinity,Mike_0 Root,"(4.7, 0.0, -3.3)","(0.0, 0.9, 0.0, -0.5)",MINIMAL,walker,normal,normal,normal,upset,standing
VOICE_CAPTURE,154562,4/21/2023 10:47,313259a4-162f-44f6-8479-92e4554a1464,are you hurt,NA,,,,,,,,,,
VOICE_COMMAND,154564,4/21/2023 10:47,313259a4-162f-44f6-8479-92e4554a1464,are you hurt,are you hurt,,,,,,,,,,
VOICE_CAPTURE,154713,4/21/2023 10:47,313259a4-162f-44f6-8479-92e4554a1464,alright,NA,,,,,,,,,,
VOICE_CAPTURE,156366,4/21/2023 10:47,313259a4-162f-44f6-8479-92e4554a1464,what about you,NA,,,,,,,,,,
VOICE_CAPTURE,159990,4/21/2023 10:47,313259a4-162f-44f6-8479-92e4554a1464,your arm is bleeding,NA,,,,,,,,,,
TOOL_HOVER,160376,4/21/2023 10:47,313259a4-162f-44f6-8479-92e4554a1464,Gauze,999,,,,,,,,,,
TOOL_HOVER,160394,4/21/2023 10:47,313259a4-162f-44f6-8479-92e4554a1464,Gauze,999,,,,,,,,,,
TOOL_HOVER,160412,4/21/2023 10:47,313259a4-162f-44f6-8479-92e4554a1464,Gauze,999,,,,,,,,,,
TOOL_HOVER,160428,4/21/2023 10:47,313259a4-162f-44f6-8479-92e4554a1464,Gauze,999,,,,,,,,,,
TOOL_HOVER,160445,4/21/2023 10:47,313259a4-162f-44f6-8479-92e4554a1464,Gauze,999,,,,,,,,,,
TOOL_HOVER,160460,4/21/2023 10:47,313259a4-162f-44f6-8479-92e4554a1464,Gauze,999,,,,,,,,,,
TOOL_HOVER,160478,4/21/2023 10:47,313259a4-162f-44f6-8479-92e4554a1464,Gauze,999,,,,,,,,,,
TOOL_SELECTED,160479,4/21/2023 10:47,313259a4-162f-44f6-8479-92e4554a1464,Gauze,998,,,,,,,,,,
TOOL_DISCARDED,161514,4/21/2023 10:47,313259a4-162f-44f6-8479-92e4554a1464,Gauze,998,"(4.5, 1.0, -3.2)",,,,,,,,,
INJURY_TREATED,161514,4/21/2023 10:47,313259a4-162f-44f6-8479-92e4554a1464,R Forearm Laceration,Mike_0 Root,gauzePressure,low,rightArm,TRUE,FALSE,"(4.5, 1.0, -3.2)",,,,
TOOL_APPLIED,161514,4/21/2023 10:47,313259a4-162f-44f6-8479-92e4554a1464,Mike_0 Root,Gauze_Dressing,skinCollider_BodyCollideLOD (UnityEngine.GameObject),null,null,AppliedDressingGauze,,,,,,
VOICE_CAPTURE,162748,4/21/2023 10:47,313259a4-162f-44f6-8479-92e4554a1464,alright,NA,,,,,,,,,,
VOICE_CAPTURE,165656,4/21/2023 10:47,313259a4-162f-44f6-8479-92e4554a1464,modbutton no,NA,,,,,,,,,,
VOICE_COMMAND,165656,4/21/2023 10:47,313259a4-162f-44f6-8479-92e4554a1464,modbutton no,modbutton no,,,,,,,,,,
VOICE_CAPTURE,165925,4/21/2023 10:47,313259a4-162f-44f6-8479-92e4554a1464,you're hurting anywhere else,NA,,,,,,,,,,
VOICE_COMMAND,165925,4/21/2023 10:47,313259a4-162f-44f6-8479-92e4554a1464,are you hurt,you're hurting anywhere else,,,,,,,,,,
VOICE_COMMAND,165925,4/21/2023 10:47,313259a4-162f-44f6-8479-92e4554a1464,anywhere else,you're hurting anywhere else,,,,,,,,,,
TAG_SELECTED,168679,4/21/2023 10:47,313259a4-162f-44f6-8479-92e4554a1464,green,,,,,,,,,,,
TAG_DISCARDED,169365,4/21/2023 10:47,313259a4-162f-44f6-8479-92e4554a1464,green,"(4.0, 1.1, -3.7)",,,,,,,,,,
TAG_SELECTED,171838,4/21/2023 10:47,313259a4-162f-44f6-8479-92e4554a1464,green,,,,,,,,,,,
VOICE_CAPTURE,172489,4/21/2023 10:47,313259a4-162f-44f6-8479-92e4554a1464,Nope alright we're gonna go with the,NA,,,,,,,,,,
TAG_APPLIED,173407,4/21/2023 10:47,313259a4-162f-44f6-8479-92e4554a1464,Mike_0 Root,green,,,,,,,,,,
VOICE_CAPTURE,175661,4/21/2023 10:47,313259a4-162f-44f6-8479-92e4554a1464,yeah you get a green one,NA,,,,,,,,,,
VOICE_CAPTURE,178403,4/21/2023 10:47,313259a4-162f-44f6-8479-92e4554a1464,good luck,NA,,,,,,,,,,
SESSION_END,178506,4/21/2023 10:47,313259a4-162f-44f6-8479-92e4554a1464,,,,,,,,,,,,
VOICE_CAPTURE,180741,4/21/2023 10:47,313259a4-162f-44f6-8479-92e4554a1464,sure,NA,,,,,,,,,,
BAG_CLOSED,184617,4/21/2023 10:47,313259a4-162f-44f6-8479-92e4554a1464,"(3.5, 0.8, -4.4)",,,,,,,,,,,
VOICE_CAPTURE,185854,4/21/2023 10:47,313259a4-162f-44f6-8479-92e4554a1464,two steps backwards,NA,,,,,,,,,,
PATIENT_DEMOTED,187338,4/21/2023 10:47,313259a4-162f-44f6-8479-92e4554a1464,100,Infinity,Bob_0 Root,"(-1.4, 0.0, 5.6)","(0.0, 0.7, 0.0, 0.7)",EXPECTANT,still,faint,restricted,none,unresponsive,supine
PATIENT_DEMOTED,187546,4/21/2023 10:47,313259a4-162f-44f6-8479-92e4554a1464,100,Infinity,Bob_0 Root,"(-1.5, 0.0, 5.6)","(0.0, 0.7, 0.0, 0.7)",DEAD,still,none,none,none,dead,supine
PATIENT_DEMOTED,187678,4/21/2023 10:47,313259a4-162f-44f6-8479-92e4554a1464,100,Infinity,Gary_1 Root,"(1.7, 0.0, 7.4)","(0.0, 1.0, 0.0, 0.0)",EXPECTANT,still,faint,restricted,none,unresponsive,supine
PATIENT_DEMOTED,188386,4/21/2023 10:47,313259a4-162f-44f6-8479-92e4554a1464,100,Infinity,Lily_2 Root,"(2.8, 0.0, 4.3)","(0.0, 1.0, 0.0, 0.0)",IMMEDIATE,waver,fast,fast,normal,agony,fetal
PATIENT_DEMOTED,189075,4/21/2023 10:48,313259a4-162f-44f6-8479-92e4554a1464,100,0,Gary_3 Root,"(0.3, 0.0, 1.6)","(0.0, 0.0, 0.0, 1.0)",IMMEDIATE,still,faint,collapsedRight,normal,unresponsive,supine
PATIENT_DEMOTED,189660,4/21/2023 10:48,313259a4-162f-44f6-8479-92e4554a1464,100,Infinity,Lily_4 Root,"(1.2, 0.0, 6.3)","(0.0, 1.0, 0.0, 0.0)",IMMEDIATE,waver,fast,normal,normal,upset,fetal
PATIENT_DEMOTED,190476,4/21/2023 10:48,313259a4-162f-44f6-8479-92e4554a1464,100,Infinity,Mike_5 Root,"(2.4, 0.0, 2.3)","(0.0, 1.0, 0.0, 0.0)",IMMEDIATE,waver,fast,normal,normal,upset,fetal
PATIENT_DEMOTED,191046,4/21/2023 10:48,313259a4-162f-44f6-8479-92e4554a1464,100,Infinity,Gloria_6 Root,"(-1.0, 0.0, 2.9)","(0.0, 0.4, 0.0, 0.9)",DELAYED,waver,fast,normal,normal,upset,fetal
PATIENT_DEMOTED,191746,4/21/2023 10:48,313259a4-162f-44f6-8479-92e4554a1464,100,Infinity,Mike_7 Root,"(1.7, 0.0, 3.9)","(0.0, 0.1, 0.0, 1.0)",IMMEDIATE,waver,fast,normal,normal,upset,sittingGround
PATIENT_DEMOTED,192129,4/21/2023 10:48,313259a4-162f-44f6-8479-92e4554a1464,100,Infinity,Mike_7 Root,"(1.0, 0.0, 3.7)","(0.0, 0.1, 0.0, 1.0)",DELAYED,waver,fast,normal,normal,upset,sittingGround
SESSION_START,195116,4/21/2023 10:48,313259a4-162f-44f6-8479-92e4554a1464,,,,,,,,,,,,
PATIENT_RECORD,195116,4/21/2023 10:48,313259a4-162f-44f6-8479-92e4554a1464,100,Infinity,Bob_0 Root,"(-1.7, 0.0, 5.7)","(0.0, 0.7, 0.0, 0.7)",DEAD,still,none,none,none,dead,supine
INJURY_RECORD,195116,4/21/2023 10:48,313259a4-162f-44f6-8479-92e4554a1464,Face Shrapnel,Bob_0 Root,airway,high,head,FALSE,FALSE,"(-1.6, 1.7, 5.6)",,,,
INJURY_RECORD,195116,4/21/2023 10:48,313259a4-162f-44f6-8479-92e4554a1464,L Wrist Amputation,Bob_0 Root,tourniquet,high,leftArm,FALSE,FALSE,"(-1.8, 1.4, 6.3)",,,,
INJURY_RECORD,195116,4/21/2023 10:48,313259a4-162f-44f6-8479-92e4554a1464,L Chest Collapse,Bob_0 Root,decompress,high,chest,FALSE,FALSE,"(0.0, 0.0, 0.0)",,,,
INJURY_RECORD,195116,4/21/2023 10:48,313259a4-162f-44f6-8479-92e4554a1464,L Stomach Puncture,Bob_0 Root,woundpack,high,abdomen,FALSE,FALSE,"(-1.6, 1.1, 5.7)",,,,
INJURY_RECORD,195116,4/21/2023 10:48,313259a4-162f-44f6-8479-92e4554a1464,R Shin Amputation,Bob_0 Root,tourniquet,high,rightLeg,FALSE,FALSE,"(-1.7, 0.4, 5.6)",,,,
INJURY_RECORD,195116,4/21/2023 10:48,313259a4-162f-44f6-8479-92e4554a1464,L Thigh Laceration,Bob_0 Root,tourniquet,medium,leftLeg,FALSE,FALSE,"(-1.6, 0.7, 5.8)",,,,
PATIENT_RECORD,195116,4/21/2023 10:48,313259a4-162f-44f6-8479-92e4554a1464,100,Infinity,Gary_1 Root,"(1.6, 0.0, 7.6)","(0.0, 1.0, 0.0, 0.0)",EXPECTANT,still,none,restricted,none,unresponsive,supine
INJURY_RECORD,195116,4/21/2023 10:48,313259a4-162f-44f6-8479-92e4554a1464,Face Shrapnel,Gary_1 Root,airway,high,head,FALSE,FALSE,"(1.6, 1.7, 7.6)",,,,
PATIENT_RECORD,195116,4/21/2023 10:48,313259a4-162f-44f6-8479-92e4554a1464,100,Infinity,Lily_2 Root,"(3.0, 0.0, 4.5)","(0.0, 1.0, 0.0, 0.0)",IMMEDIATE,waver,fast,fast,normal,agony,fetal
INJURY_RECORD,195116,4/21/2023 10:48,313259a4-162f-44f6-8479-92e4554a1464,R Shin Amputation,Lily_2 Root,tourniquet,high,rightLeg,FALSE,FALSE,"(2.9, 0.4, 4.5)",,,,
PATIENT_RECORD,195116,4/21/2023 10:48,313259a4-162f-44f6-8479-92e4554a1464,100,0,Gary_3 Root,"(0.4, 0.0, 1.7)","(0.0, 0.0, 0.0, 1.0)",IMMEDIATE,still,faint,collapsedRight,normal,unresponsive,supine
INJURY_RECORD,195116,4/21/2023 10:48,313259a4-162f-44f6-8479-92e4554a1464,R Chest Collapse,Gary_3 Root,decompress,high,chest,FALSE,FALSE,"(0.0, 0.0, 0.0)",,,,
PATIENT_RECORD,195116,4/21/2023 10:48,313259a4-162f-44f6-8479-92e4554a1464,100,Infinity,Lily_4 Root,"(1.2, 0.0, 6.2)","(0.0, 1.0, 0.0, 0.0)",IMMEDIATE,waver,fast,normal,normal,upset,fetal
INJURY_RECORD,195116,4/21/2023 10:48,313259a4-162f-44f6-8479-92e4554a1464,L Side Puncture,Lily_4 Root,woundpack,medium,abdomen,FALSE,FALSE,"(1.3, 1.0, 6.2)",,,,
PATIENT_RECORD,195116,4/21/2023 10:48,313259a4-162f-44f6-8479-92e4554a1464,100,Infinity,Mike_5 Root,"(2.7, 0.0, 2.3)","(0.0, 1.0, 0.0, 0.0)",IMMEDIATE,waver,fast,normal,normal,upset,fetal
INJURY_RECORD,195116,4/21/2023 10:48,313259a4-162f-44f6-8479-92e4554a1464,R Side Puncture,Mike_5 Root,woundpack,medium,abdomen,FALSE,FALSE,"(2.6, 1.1, 2.2)",,,,
INJURY_RECORD,195116,4/21/2023 10:48,313259a4-162f-44f6-8479-92e4554a1464,R Thigh Laceration,Mike_5 Root,tourniquet,medium,rightLeg,FALSE,FALSE,"(2.5, 0.6, 2.3)",,,,
PATIENT_RECORD,195116,4/21/2023 10:48,313259a4-162f-44f6-8479-92e4554a1464,100,Infinity,Gloria_6 Root,"(-1.2, 0.0, 3.1)","(0.0, 0.4, 0.0, 0.9)",DELAYED,waver,fast,normal,normal,upset,fetal
INJURY_RECORD,195116,4/21/2023 10:48,313259a4-162f-44f6-8479-92e4554a1464,R Calf Shrapnel,Gloria_6 Root,gauzePressure,medium,rightLeg,FALSE,FALSE,"(-1.1, 0.3, 3.0)",,,,
PATIENT_RECORD,195116,4/21/2023 10:48,313259a4-162f-44f6-8479-92e4554a1464,100,Infinity,Mike_7 Root,"(1.3, 0.0, 3.4)","(0.0, 0.1, 0.0, 1.0)",DELAYED,waver,fast,normal,normal,upset,sittingGround
INJURY_RECORD,195116,4/21/2023 10:48,313259a4-162f-44f6-8479-92e4554a1464,L Thigh Puncture,Mike_7 Root,tourniquet,medium,leftLeg,FALSE,FALSE,"(1.3, 0.6, 3.5)",,,,
INJURY_RECORD,195116,4/21/2023 10:48,313259a4-162f-44f6-8479-92e4554a1464,R Calf Laceration,Mike_7 Root,gauzePressure,low,rightLeg,FALSE,FALSE,"(1.4, 0.3, 3.4)",,,,
PATIENT_RECORD,195116,4/21/2023 10:48,313259a4-162f-44f6-8479-92e4554a1464,100,Infinity,Gloria_8 Root,"(3.7, 0.0, 6.0)","(0.0, 1.0, 0.0, 0.0)",MINIMAL,walker,normal,normal,normal,upset,sittingGround
INJURY_RECORD,195116,4/21/2023 10:48,313259a4-162f-44f6-8479-92e4554a1464,L Forearm Laceration,Gloria_8 Root,gauzePressure,low,leftArm,FALSE,FALSE,"(4.2, 1.3, 6.0)",,,,
PATIENT_RECORD,195116,4/21/2023 10:48,313259a4-162f-44f6-8479-92e4554a1464,100,0,Gary_9 Root,"(2.9, 0.0, 9.0)","(0.0, 1.0, 0.0, 0.0)",MINIMAL,walker,normal,normal,limited,calm,standing
INJURY_RECORD,195116,4/21/2023 10:48,313259a4-162f-44f6-8479-92e4554a1464,Ear Bleed,Gary_9 Root,none,low,head,FALSE,FALSE,"(0.0, 0.0, 0.0)",,,,
PATIENT_RECORD,195116,4/21/2023 10:48,313259a4-162f-44f6-8479-92e4554a1464,100,Infinity,Helga_10 Root,"(3.9, 0.0, 8.0)","(0.0, 1.0, 0.0, 0.0)",MINIMAL,walker,normal,normal,normal,calm,sittingGround
INJURY_RECORD,195116,4/21/2023 10:48,313259a4-162f-44f6-8479-92e4554a1464,Forehead Scrape,Helga_10 Root,none,low,head,FALSE,FALSE,"(4.0, 1.5, 7.9)",,,,
VOICE_CAPTURE,202396,4/21/2023 10:48,313259a4-162f-44f6-8479-92e4554a1464,is there any cops anybody cleared this area,NA,,,,,,,,,,
VOICE_CAPTURE,207225,4/21/2023 10:48,313259a4-162f-44f6-8479-92e4554a1464,good anybody that can walk go to the safe area,NA,,,,,,,,,,
VOICE_COMMAND,207225,4/21/2023 10:48,313259a4-162f-44f6-8479-92e4554a1464,walk to the safe area,good anybody that can walk go to the safe area,,,,,,,,,,
VOICE_COMMAND,207225,4/21/2023 10:48,313259a4-162f-44f6-8479-92e4554a1464,walk to the safe area,good anybody that can walk go to the safe area,,,,,,,,,,
S_A_L_T_WALK_IF_CAN,207226,4/21/2023 10:48,313259a4-162f-44f6-8479-92e4554a1464,"(3.0, 0.0, 4.5)",walkIfCan,Lily_2 Root,,,,,,,,,
S_A_L_T_WALK_IF_CAN,207226,4/21/2023 10:48,313259a4-162f-44f6-8479-92e4554a1464,"(1.2, 0.0, 6.2)",walkIfCan,Lily_4 Root,,,,,,,,,
S_A_L_T_WALK_IF_CAN,207226,4/21/2023 10:48,313259a4-162f-44f6-8479-92e4554a1464,"(2.7, 0.0, 2.3)",walkIfCan,Mike_5 Root,,,,,,,,,
S_A_L_T_WALK_IF_CAN,207226,4/21/2023 10:48,313259a4-162f-44f6-8479-92e4554a1464,"(-1.2, 0.0, 3.1)",walkIfCan,Gloria_6 Root,,,,,,,,,
S_A_L_T_WALK_IF_CAN,207226,4/21/2023 10:48,313259a4-162f-44f6-8479-92e4554a1464,"(1.3, 0.0, 3.4)",walkIfCan,Mike_7 Root,,,,,,,,,
S_A_L_T_WALK_IF_CAN,207226,4/21/2023 10:48,313259a4-162f-44f6-8479-92e4554a1464,"(3.7, 0.0, 6.0)",walkIfCan,Gloria_8 Root,,,,,,,,,
S_A_L_T_WALKED,207226,4/21/2023 10:48,313259a4-162f-44f6-8479-92e4554a1464,"(3.7, 0.0, 6.0)",walked,Gloria_8 Root,,,,,,,,,
S_A_L_T_WALK_IF_CAN,207226,4/21/2023 10:48,313259a4-162f-44f6-8479-92e4554a1464,"(3.9, 0.0, 8.0)",walkIfCan,Helga_10 Root,,,,,,,,,
S_A_L_T_WALKED,207226,4/21/2023 10:48,313259a4-162f-44f6-8479-92e4554a1464,"(3.9, 0.0, 8.0)",walked,Helga_10 Root,,,,,,,,,
TELEPORT,213857,4/21/2023 10:48,313259a4-162f-44f6-8479-92e4554a1464,"(0.8, 0.0, -2.3)",,,,,,,,,,,
TELEPORT,216330,4/21/2023 10:48,313259a4-162f-44f6-8479-92e4554a1464,"(0.7, 0.0, -2.2)",,,,,,,,,,,
VOICE_CAPTURE,218919,4/21/2023 10:48,313259a4-162f-44f6-8479-92e4554a1464,alright anybody that can wave wave at me,NA,,,,,,,,,,
VOICE_COMMAND,218919,4/21/2023 10:48,313259a4-162f-44f6-8479-92e4554a1464,wave if you can,alright anybody that can wave wave at me,,,,,,,,,,
S_A_L_T_WAVE_IF_CAN,218920,4/21/2023 10:48,313259a4-162f-44f6-8479-92e4554a1464,"(3.0, 0.0, 4.5)",waveIfCan,Lily_2 Root,,,,,,,,,
S_A_L_T_WAVED,218920,4/21/2023 10:48,313259a4-162f-44f6-8479-92e4554a1464,"(3.0, 0.0, 4.5)",waved,Lily_2 Root,,,,,,,,,
S_A_L_T_WAVE_IF_CAN,218920,4/21/2023 10:48,313259a4-162f-44f6-8479-92e4554a1464,"(1.2, 0.0, 6.2)",waveIfCan,Lily_4 Root,,,,,,,,,
S_A_L_T_WAVED,218920,4/21/2023 10:48,313259a4-162f-44f6-8479-92e4554a1464,"(1.2, 0.0, 6.2)",waved,Lily_4 Root,,,,,,,,,
S_A_L_T_WAVE_IF_CAN,218920,4/21/2023 10:48,313259a4-162f-44f6-8479-92e4554a1464,"(2.7, 0.0, 2.3)",waveIfCan,Mike_5 Root,,,,,,,,,
S_A_L_T_WAVED,218921,4/21/2023 10:48,313259a4-162f-44f6-8479-92e4554a1464,"(2.7, 0.0, 2.3)",waved,Mike_5 Root,,,,,,,,,
S_A_L_T_WAVE_IF_CAN,218921,4/21/2023 10:48,313259a4-162f-44f6-8479-92e4554a1464,"(-1.2, 0.0, 3.1)",waveIfCan,Gloria_6 Root,,,,,,,,,
S_A_L_T_WAVED,218921,4/21/2023 10:48,313259a4-162f-44f6-8479-92e4554a1464,"(-1.2, 0.0, 3.1)",waved,Gloria_6 Root,,,,,,,,,
S_A_L_T_WAVE_IF_CAN,218921,4/21/2023 10:48,313259a4-162f-44f6-8479-92e4554a1464,"(1.3, 0.0, 3.4)",waveIfCan,Mike_7 Root,,,,,,,,,
S_A_L_T_WAVED,218921,4/21/2023 10:48,313259a4-162f-44f6-8479-92e4554a1464,"(1.3, 0.0, 3.4)",waved,Mike_7 Root,,,,,,,,,
S_A_L_T_WAVE_IF_CAN,218921,4/21/2023 10:48,313259a4-162f-44f6-8479-92e4554a1464,"(3.9, 0.0, -3.9)",waveIfCan,Gloria_8 Root,,,,,,,,,
S_A_L_T_WAVE_IF_CAN,218921,4/21/2023 10:48,313259a4-162f-44f6-8479-92e4554a1464,"(3.8, 0.0, -1.3)",waveIfCan,Helga_10 Root,,,,,,,,,
S_A_L_T_WALK_IF_CAN,218938,4/21/2023 10:48,313259a4-162f-44f6-8479-92e4554a1464,"(3.9, 0.0, -3.9)",walkIfCan,Gloria_8 Root,,,,,,,,,
S_A_L_T_WALKED,218938,4/21/2023 10:48,313259a4-162f-44f6-8479-92e4554a1464,"(3.9, 0.0, -3.9)",walked,Gloria_8 Root,,,,,,,,,
S_A_L_T_WALK_IF_CAN,218938,4/21/2023 10:48,313259a4-162f-44f6-8479-92e4554a1464,"(3.8, 0.0, -1.3)",walkIfCan,Helga_10 Root,,,,,,,,,
S_A_L_T_WALKED,218938,4/21/2023 10:48,313259a4-162f-44f6-8479-92e4554a1464,"(3.8, 0.0, -1.3)",walked,Helga_10 Root,,,,,,,,,
TELEPORT,222829,4/21/2023 10:48,313259a4-162f-44f6-8479-92e4554a1464,"(1.6, 0.0, -1.7)",,,,,,,,,,,
TELEPORT,225435,4/21/2023 10:48,313259a4-162f-44f6-8479-92e4554a1464,"(1.1, 0.0, -0.7)",,,,,,,,,,,
TELEPORT,225636,4/21/2023 10:48,313259a4-162f-44f6-8479-92e4554a1464,"(1.1, 0.0, -0.6)",,,,,,,,,,,
VOICE_CAPTURE,226535,4/21/2023 10:48,313259a4-162f-44f6-8479-92e4554a1464,alright so that guy that guy that guy why is that guy standing there,NA,,,,,,,,,,
VOICE_COMMAND,226535,4/21/2023 10:48,313259a4-162f-44f6-8479-92e4554a1464,stand up,alright so that guy that guy that guy why is that guy standing there,,,,,,,,,,
PATIENT_ENGAGED,227588,4/21/2023 10:48,313259a4-162f-44f6-8479-92e4554a1464,100,0,Gary_3 Root,"(0.4, 0.0, 1.7)","(0.0, 0.0, 0.0, 1.0)",IMMEDIATE,still,faint,collapsedRight,normal,unresponsive,supine
VOICE_CAPTURE,229499,4/21/2023 10:48,313259a4-162f-44f6-8479-92e4554a1464,is he deaf,NA,,,,,,,,,,
BAG_ACCESS,232374,4/21/2023 10:48,313259a4-162f-44f6-8479-92e4554a1464,"(0.8, 0.5, 0.8)",,,,,,,,,,,
VOICE_CAPTURE,233494,4/21/2023 10:48,313259a4-162f-44f6-8479-92e4554a1464,Oh yeah you're dead,NA,,,,,,,,,,
PULSE_TAKEN,233847,4/21/2023 10:48,313259a4-162f-44f6-8479-92e4554a1464,pulse_faint,Gary_3 Root,,,,,,,,,,
VOICE_CAPTURE,238541,4/21/2023 10:48,313259a4-162f-44f6-8479-92e4554a1464,they're big,NA,,,,,,,,,,
VOICE_CAPTURE,243822,4/21/2023 10:48,313259a4-162f-44f6-8479-92e4554a1464,oh boy alright,NA,,,,,,,,,,
VOICE_CAPTURE,250401,4/21/2023 10:49,313259a4-162f-44f6-8479-92e4554a1464,Can't listen there that doesn't look good though,NA,,,,,,,,,,
VOICE_CAPTURE,251796,4/21/2023 10:49,313259a4-162f-44f6-8479-92e4554a1464,no,NA,,,,,,,,,,
TOOL_HOVER,252416,4/21/2023 10:49,313259a4-162f-44f6-8479-92e4554a1464,Hemostatic Gauze,999,,,,,,,,,,
TOOL_HOVER,252439,4/21/2023 10:49,313259a4-162f-44f6-8479-92e4554a1464,Hemostatic Gauze,999,,,,,,,,,,
TOOL_HOVER,252448,4/21/2023 10:49,313259a4-162f-44f6-8479-92e4554a1464,Hemostatic Gauze,999,,,,,,,,,,
TOOL_HOVER,252464,4/21/2023 10:49,313259a4-162f-44f6-8479-92e4554a1464,Hemostatic Gauze,999,,,,,,,,,,
TOOL_HOVER,252482,4/21/2023 10:49,313259a4-162f-44f6-8479-92e4554a1464,Hemostatic Gauze,999,,,,,,,,,,
TOOL_HOVER,252498,4/21/2023 10:49,313259a4-162f-44f6-8479-92e4554a1464,Hemostatic Gauze,999,,,,,,,,,,
TOOL_HOVER,252514,4/21/2023 10:49,313259a4-162f-44f6-8479-92e4554a1464,Hemostatic Gauze,999,,,,,,,,,,
TOOL_HOVER,252531,4/21/2023 10:49,313259a4-162f-44f6-8479-92e4554a1464,Hemostatic Gauze,999,,,,,,,,,,
TOOL_HOVER,252548,4/21/2023 10:49,313259a4-162f-44f6-8479-92e4554a1464,Hemostatic Gauze,999,,,,,,,,,,
TOOL_HOVER,252566,4/21/2023 10:49,313259a4-162f-44f6-8479-92e4554a1464,Hemostatic Gauze,999,,,,,,,,,,
TOOL_HOVER,252582,4/21/2023 10:49,313259a4-162f-44f6-8479-92e4554a1464,Hemostatic Gauze,999,,,,,,,,,,
TOOL_HOVER,252598,4/21/2023 10:49,313259a4-162f-44f6-8479-92e4554a1464,Hemostatic Gauze,999,,,,,,,,,,
TOOL_HOVER,252615,4/21/2023 10:49,313259a4-162f-44f6-8479-92e4554a1464,Hemostatic Gauze,999,,,,,,,,,,
TOOL_HOVER,252631,4/21/2023 10:49,313259a4-162f-44f6-8479-92e4554a1464,Hemostatic Gauze,999,,,,,,,,,,
TOOL_HOVER,252648,4/21/2023 10:49,313259a4-162f-44f6-8479-92e4554a1464,Hemostatic Gauze,999,,,,,,,,,,
TOOL_HOVER,252664,4/21/2023 10:49,313259a4-162f-44f6-8479-92e4554a1464,Hemostatic Gauze,999,,,,,,,,,,
TOOL_HOVER,252682,4/21/2023 10:49,313259a4-162f-44f6-8479-92e4554a1464,Hemostatic Gauze,999,,,,,,,,,,
TOOL_HOVER,252698,4/21/2023 10:49,313259a4-162f-44f6-8479-92e4554a1464,Hemostatic Gauze,999,,,,,,,,,,
VOICE_CAPTURE,255454,4/21/2023 10:49,313259a4-162f-44f6-8479-92e4554a1464,bulky dressing,NA,,,,,,,,,,
TOOL_HOVER,258631,4/21/2023 10:49,313259a4-162f-44f6-8479-92e4554a1464,Needle,998,,,,,,,,,,
TOOL_HOVER,258646,4/21/2023 10:49,313259a4-162f-44f6-8479-92e4554a1464,Needle,998,,,,,,,,,,
TOOL_HOVER,258663,4/21/2023 10:49,313259a4-162f-44f6-8479-92e4554a1464,Needle,998,,,,,,,,,,
TOOL_HOVER,258682,4/21/2023 10:49,313259a4-162f-44f6-8479-92e4554a1464,Needle,998,,,,,,,,,,
TOOL_SELECTED,258682,4/21/2023 10:49,313259a4-162f-44f6-8479-92e4554a1464,Needle,997,,,,,,,,,,
VOICE_CAPTURE,260283,4/21/2023 10:49,313259a4-162f-44f6-8479-92e4554a1464,well like I was just gonna well I guess it's not really there I don't know,NA,,,,,,,,,,
INJURY_TREATED,261852,4/21/2023 10:49,313259a4-162f-44f6-8479-92e4554a1464,R Chest Collapse,Gary_3 Root,decompress,high,chest,TRUE,FALSE,"(0.0, 0.0, 0.0)",,,,
TOOL_APPLIED,261852,4/21/2023 10:49,313259a4-162f-44f6-8479-92e4554a1464,Needle_Decomp(Clone),Needle,RChest_Breathe1 (UnityEngine.GameObject),cath_needle (UnityEngine.GameObject),right_chest,Needle_Decomp(Clone) (UnityEngine.GameObject),AppliedDecompNeedle,,,,,
VOICE_CAPTURE,262820,4/21/2023 10:49,313259a4-162f-44f6-8479-92e4554a1464,what is go this,NA,,,,,,,,,,
VOICE_CAPTURE,264827,4/21/2023 10:49,313259a4-162f-44f6-8479-92e4554a1464,oh there we go,NA,,,,,,,,,,
PULSE_TAKEN,267368,4/21/2023 10:49,313259a4-162f-44f6-8479-92e4554a1464,pulse_faint,Gary_3 Root,,,,,,,,,,
VOICE_CAPTURE,272001,4/21/2023 10:49,313259a4-162f-44f6-8479-92e4554a1464,he's breathing,NA,,,,,,,,,,
TAG_SELECTED,272339,4/21/2023 10:49,313259a4-162f-44f6-8479-92e4554a1464,red,,,,,,,,,,,
TAG_APPLIED,273425,4/21/2023 10:49,313259a4-162f-44f6-8479-92e4554a1464,Gary_3 Root,red,,,,,,,,,,
VOICE_CAPTURE,274527,4/21/2023 10:49,313259a4-162f-44f6-8479-92e4554a1464,alright we'll give you this guy,NA,,,,,,,,,,
BAG_CLOSED,276465,4/21/2023 10:49,313259a4-162f-44f6-8479-92e4554a1464,"(0.9, 0.0, 2.2)",,,,,,,,,,,
TELEPORT,276465,4/21/2023 10:49,313259a4-162f-44f6-8479-92e4554a1464,"(0.9, 0.0, 2.2)",,,,,,,,,,,
TELEPORT,277268,4/21/2023 10:49,313259a4-162f-44f6-8479-92e4554a1464,"(0.9, 0.0, 2.3)",,,,,,,,,,,
VOICE_CAPTURE,277784,4/21/2023 10:49,313259a4-162f-44f6-8479-92e4554a1464,alright come with me,NA,,,,,,,,,,
TELEPORT,278185,4/21/2023 10:49,313259a4-162f-44f6-8479-92e4554a1464,"(0.9, 0.0, 2.3)",,,,,,,,,,,
VOICE_CAPTURE,280058,4/21/2023 10:49,313259a4-162f-44f6-8479-92e4554a1464,over that guy's dead,NA,,,,,,,,,,
BAG_ACCESS,280493,4/21/2023 10:49,313259a4-162f-44f6-8479-92e4554a1464,"(0.7, 0.9, 0.6)",,,,,,,,,,,
BAG_ACCESS,280612,4/21/2023 10:49,313259a4-162f-44f6-8479-92e4554a1464,"(0.7, 0.9, 0.6)",,,,,,,,,,,
TELEPORT,280959,4/21/2023 10:49,313259a4-162f-44f6-8479-92e4554a1464,"(0.9, 0.0, 2.3)",,,,,,,,,,,
BAG_CLOSED,281660,4/21/2023 10:49,313259a4-162f-44f6-8479-92e4554a1464,"(0.7, 0.9, 0.6)",,,,,,,,,,,
TELEPORT,281660,4/21/2023 10:49,313259a4-162f-44f6-8479-92e4554a1464,"(0.9, 0.0, 2.3)",,,,,,,,,,,
VOICE_CAPTURE,282310,4/21/2023 10:49,313259a4-162f-44f6-8479-92e4554a1464,I'm gonna go over that guy first,NA,,,,,,,,,,
TELEPORT,282462,4/21/2023 10:49,313259a4-162f-44f6-8479-92e4554a1464,"(0.9, 0.0, 2.4)",,,,,,,,,,,
PATIENT_ENGAGED,285988,4/21/2023 10:49,313259a4-162f-44f6-8479-92e4554a1464,100,Infinity,Gary_1 Root,"(1.6, 0.0, 7.6)","(0.0, 1.0, 0.0, 0.0)",EXPECTANT,still,none,restricted,none,unresponsive,supine
PULSE_TAKEN,287950,4/21/2023 10:49,313259a4-162f-44f6-8479-92e4554a1464,pulse_none,Gary_1 Root,,,,,,,,,,
PULSE_TAKEN,290139,4/21/2023 10:49,313259a4-162f-44f6-8479-92e4554a1464,pulse_none,Gary_1 Root,,,,,,,,,,
PULSE_TAKEN,293779,4/21/2023 10:49,313259a4-162f-44f6-8479-92e4554a1464,pulse_none,Gary_1 Root,,,,,,,,,,
PULSE_TAKEN,294698,4/21/2023 10:49,313259a4-162f-44f6-8479-92e4554a1464,pulse_none,Gary_1 Root,,,,,,,,,,
VOICE_CAPTURE,297323,4/21/2023 10:49,313259a4-162f-44f6-8479-92e4554a1464,supposed to be feeling,NA,,,,,,,,,,
PULSE_TAKEN,297623,4/21/2023 10:49,313259a4-162f-44f6-8479-92e4554a1464,pulse_none,Gary_1 Root,,,,,,,,,,
BAG_ACCESS,299930,4/21/2023 10:49,313259a4-162f-44f6-8479-92e4554a1464,"(1.0, 0.5, 7.6)",,,,,,,,,,,
TAG_SELECTED,301117,4/21/2023 10:49,313259a4-162f-44f6-8479-92e4554a1464,black,,,,,,,,,,,
TAG_APPLIED,302351,4/21/2023 10:49,313259a4-162f-44f6-8479-92e4554a1464,Gary_1 Root,black,,,,,,,,,,
PULSE_TAKEN,306377,4/21/2023 10:49,313259a4-162f-44f6-8479-92e4554a1464,pulse_none,Gary_1 Root,,,,,,,,,,
PULSE_TAKEN,307196,4/21/2023 10:49,313259a4-162f-44f6-8479-92e4554a1464,pulse_none,Gary_1 Root,,,,,,,,,,
PULSE_TAKEN,307296,4/21/2023 10:49,313259a4-162f-44f6-8479-92e4554a1464,pulse_none,Gary_1 Root,,,,,,,,,,
VOICE_CAPTURE,310570,4/21/2023 10:50,313259a4-162f-44f6-8479-92e4554a1464,stop breathing though oh,NA,,,,,,,,,,
VOICE_CAPTURE,310652,4/21/2023 10:50,313259a4-162f-44f6-8479-92e4554a1464,that,NA,,,,,,,,,,
TAG_SELECTED,310738,4/21/2023 10:50,313259a4-162f-44f6-8479-92e4554a1464,gray,,,,,,,,,,,
TAG_APPLIED,311891,4/21/2023 10:50,313259a4-162f-44f6-8479-92e4554a1464,Gary_1 Root,gray,,,,,,,,,,
VOICE_CAPTURE,312141,4/21/2023 10:50,313259a4-162f-44f6-8479-92e4554a1464,I'm changing that,NA,,,,,,,,,,
VOICE_CAPTURE,314698,4/21/2023 10:50,313259a4-162f-44f6-8479-92e4554a1464,I'm getting that one,NA,,,,,,,,,,
BAG_CLOSED,317088,4/21/2023 10:50,313259a4-162f-44f6-8479-92e4554a1464,"(1.0, 0.5, 7.6)",,,,,,,,,,,
TELEPORT,317088,4/21/2023 10:50,313259a4-162f-44f6-8479-92e4554a1464,"(1.7, 0.0, 8.6)",,,,,,,,,,,
VOICE_CAPTURE,320971,4/21/2023 10:50,313259a4-162f-44f6-8479-92e4554a1464,I can't go over there,NA,,,,,,,,,,
VOICE_COMMAND,320971,4/21/2023 10:50,313259a4-162f-44f6-8479-92e4554a1464,walk to the safe area,I can't go over there,,,,,,,,,,
S_A_L_T_WALK_IF_CAN,320972,4/21/2023 10:50,313259a4-162f-44f6-8479-92e4554a1464,"(3.0, 0.0, 4.5)",walkIfCan,Lily_2 Root,,,,,,,,,
S_A_L_T_WALK_IF_CAN,320972,4/21/2023 10:50,313259a4-162f-44f6-8479-92e4554a1464,"(1.2, 0.0, 6.2)",walkIfCan,Lily_4 Root,,,,,,,,,
S_A_L_T_WALK_IF_CAN,320972,4/21/2023 10:50,313259a4-162f-44f6-8479-92e4554a1464,"(2.7, 0.0, 2.3)",walkIfCan,Mike_5 Root,,,,,,,,,
S_A_L_T_WALK_IF_CAN,320972,4/21/2023 10:50,313259a4-162f-44f6-8479-92e4554a1464,"(-1.2, 0.0, 3.1)",walkIfCan,Gloria_6 Root,,,,,,,,,
S_A_L_T_WALK_IF_CAN,320972,4/21/2023 10:50,313259a4-162f-44f6-8479-92e4554a1464,"(1.3, 0.0, 3.4)",walkIfCan,Mike_7 Root,,,,,,,,,
S_A_L_T_WALK_IF_CAN,320972,4/21/2023 10:50,313259a4-162f-44f6-8479-92e4554a1464,"(4.3, 0.0, -2.3)",walkIfCan,Helga_10 Root,,,,,,,,,
S_A_L_T_WALKED,320972,4/21/2023 10:50,313259a4-162f-44f6-8479-92e4554a1464,"(4.3, 0.0, -2.3)",walked,Helga_10 Root,,,,,,,,,
TELEPORT,321807,4/21/2023 10:50,313259a4-162f-44f6-8479-92e4554a1464,"(1.7, 0.0, 8.6)",,,,,,,,,,,
VOICE_CAPTURE,322457,4/21/2023 10:50,313259a4-162f-44f6-8479-92e4554a1464,there it goes,NA,,,,,,,,,,
PATIENT_ENGAGED,324229,4/21/2023 10:50,313259a4-162f-44f6-8479-92e4554a1464,100,Infinity,Bob_0 Root,"(-1.7, 0.0, 5.7)","(0.0, 0.7, 0.0, 0.7)",DEAD,still,none,none,none,dead,supine
PULSE_TAKEN,325698,4/21/2023 10:50,313259a4-162f-44f6-8479-92e4554a1464,pulse_none,Bob_0 Root,,,,,,,,,,
BAG_ACCESS,329074,4/21/2023 10:50,313259a4-162f-44f6-8479-92e4554a1464,"(-1.4, 0.5, 5.3)",,,,,,,,,,,
TAG_SELECTED,330078,4/21/2023 10:50,313259a4-162f-44f6-8479-92e4554a1464,black,,,,,,,,,,,
VOICE_CAPTURE,330312,4/21/2023 10:50,313259a4-162f-44f6-8479-92e4554a1464,now that guy's dead,NA,,,,,,,,,,
TAG_APPLIED,331364,4/21/2023 10:50,313259a4-162f-44f6-8479-92e4554a1464,Bob_0 Root,black,,,,,,,,,,
VOICE_CAPTURE,337496,4/21/2023 10:50,313259a4-162f-44f6-8479-92e4554a1464,wave,NA,,,,,,,,,,
VOICE_COMMAND,337496,4/21/2023 10:50,313259a4-162f-44f6-8479-92e4554a1464,wave if you can,wave,,,,,,,,,,
S_A_L_T_WAVE_IF_CAN,337496,4/21/2023 10:50,313259a4-162f-44f6-8479-92e4554a1464,"(3.0, 0.0, 4.5)",waveIfCan,Lily_2 Root,,,,,,,,,
S_A_L_T_WAVED,337496,4/21/2023 10:50,313259a4-162f-44f6-8479-92e4554a1464,"(3.0, 0.0, 4.5)",waved,Lily_2 Root,,,,,,,,,
S_A_L_T_WAVE_IF_CAN,337496,4/21/2023 10:50,313259a4-162f-44f6-8479-92e4554a1464,"(1.2, 0.0, 6.2)",waveIfCan,Lily_4 Root,,,,,,,,,
S_A_L_T_WAVED,337496,4/21/2023 10:50,313259a4-162f-44f6-8479-92e4554a1464,"(1.2, 0.0, 6.2)",waved,Lily_4 Root,,,,,,,,,
S_A_L_T_WAVE_IF_CAN,337496,4/21/2023 10:50,313259a4-162f-44f6-8479-92e4554a1464,"(2.7, 0.0, 2.3)",waveIfCan,Mike_5 Root,,,,,,,,,
S_A_L_T_WAVED,337496,4/21/2023 10:50,313259a4-162f-44f6-8479-92e4554a1464,"(2.7, 0.0, 2.3)",waved,Mike_5 Root,,,,,,,,,
S_A_L_T_WAVE_IF_CAN,337496,4/21/2023 10:50,313259a4-162f-44f6-8479-92e4554a1464,"(-1.2, 0.0, 3.1)",waveIfCan,Gloria_6 Root,,,,,,,,,
S_A_L_T_WAVED,337496,4/21/2023 10:50,313259a4-162f-44f6-8479-92e4554a1464,"(-1.2, 0.0, 3.1)",waved,Gloria_6 Root,,,,,,,,,
S_A_L_T_WAVE_IF_CAN,337496,4/21/2023 10:50,313259a4-162f-44f6-8479-92e4554a1464,"(1.3, 0.0, 3.4)",waveIfCan,Mike_7 Root,,,,,,,,,
S_A_L_T_WAVED,337496,4/21/2023 10:50,313259a4-162f-44f6-8479-92e4554a1464,"(1.3, 0.0, 3.4)",waved,Mike_7 Root,,,,,,,,,
S_A_L_T_WAVE_IF_CAN,337496,4/21/2023 10:50,313259a4-162f-44f6-8479-92e4554a1464,"(3.8, 0.0, -4.4)",waveIfCan,Gloria_8 Root,,,,,,,,,
S_A_L_T_WAVE_IF_CAN,337496,4/21/2023 10:50,313259a4-162f-44f6-8479-92e4554a1464,"(4.6, 0.0, -2.3)",waveIfCan,Helga_10 Root,,,,,,,,,
S_A_L_T_WAVED,337496,4/21/2023 10:50,313259a4-162f-44f6-8479-92e4554a1464,"(4.6, 0.0, -2.3)",waved,Helga_10 Root,,,,,,,,,
S_A_L_T_WALK_IF_CAN,337511,4/21/2023 10:50,313259a4-162f-44f6-8479-92e4554a1464,"(3.8, 0.0, -4.4)",walkIfCan,Gloria_8 Root,,,,,,,,,
S_A_L_T_WALKED,337512,4/21/2023 10:50,313259a4-162f-44f6-8479-92e4554a1464,"(3.8, 0.0, -4.4)",walked,Gloria_8 Root,,,,,,,,,
VOICE_CAPTURE,337612,4/21/2023 10:50,313259a4-162f-44f6-8479-92e4554a1464,alright who can wave at me,NA,,,,,,,,,,
VOICE_COMMAND,337612,4/21/2023 10:50,313259a4-162f-44f6-8479-92e4554a1464,wave if you can,alright who can wave at me,,,,,,,,,,
S_A_L_T_WAVE_IF_CAN,337614,4/21/2023 10:50,313259a4-162f-44f6-8479-92e4554a1464,"(3.8, 0.0, -4.4)",waveIfCan,Gloria_8 Root,,,,,,,,,
S_A_L_T_WALK_IF_CAN,337629,4/21/2023 10:50,313259a4-162f-44f6-8479-92e4554a1464,"(3.8, 0.0, -4.4)",walkIfCan,Gloria_8 Root,,,,,,,,,
S_A_L_T_WALKED,337630,4/21/2023 10:50,313259a4-162f-44f6-8479-92e4554a1464,"(3.8, 0.0, -4.4)",walked,Gloria_8 Root,,,,,,,,,
BAG_CLOSED,341607,4/21/2023 10:50,313259a4-162f-44f6-8479-92e4554a1464,"(-1.4, 0.5, 5.3)",,,,,,,,,,,
TELEPORT,341607,4/21/2023 10:50,313259a4-162f-44f6-8479-92e4554a1464,"(-0.4, 0.0, 6.7)",,,,,,,,,,,
VOICE_CAPTURE,345715,4/21/2023 10:50,313259a4-162f-44f6-8479-92e4554a1464,alright he's gonna he's fine for now,NA,,,,,,,,,,
TELEPORT,348655,4/21/2023 10:50,313259a4-162f-44f6-8479-92e4554a1464,"(-0.3, 0.0, 7.0)",,,,,,,,,,,
VOICE_CAPTURE,349523,4/21/2023 10:50,313259a4-162f-44f6-8479-92e4554a1464,alright let's go over there,NA,,,,,,,,,,
VOICE_COMMAND,349523,4/21/2023 10:50,313259a4-162f-44f6-8479-92e4554a1464,walk to the safe area,alright let's go over there,,,,,,,,,,
S_A_L_T_WALK_IF_CAN,349525,4/21/2023 10:50,313259a4-162f-44f6-8479-92e4554a1464,"(3.0, 0.0, 4.5)",walkIfCan,Lily_2 Root,,,,,,,,,
S_A_L_T_WALK_IF_CAN,349525,4/21/2023 10:50,313259a4-162f-44f6-8479-92e4554a1464,"(1.2, 0.0, 6.2)",walkIfCan,Lily_4 Root,,,,,,,,,
S_A_L_T_WALK_IF_CAN,349525,4/21/2023 10:50,313259a4-162f-44f6-8479-92e4554a1464,"(2.7, 0.0, 2.3)",walkIfCan,Mike_5 Root,,,,,,,,,
S_A_L_T_WALK_IF_CAN,349525,4/21/2023 10:50,313259a4-162f-44f6-8479-92e4554a1464,"(-1.2, 0.0, 3.1)",walkIfCan,Gloria_6 Root,,,,,,,,,
S_A_L_T_WALK_IF_CAN,349525,4/21/2023 10:50,313259a4-162f-44f6-8479-92e4554a1464,"(1.3, 0.0, 3.4)",walkIfCan,Mike_7 Root,,,,,,,,,
S_A_L_T_WALK_IF_CAN,349525,4/21/2023 10:50,313259a4-162f-44f6-8479-92e4554a1464,"(4.6, 0.0, -2.3)",walkIfCan,Helga_10 Root,,,,,,,,,
S_A_L_T_WALKED,349525,4/21/2023 10:50,313259a4-162f-44f6-8479-92e4554a1464,"(4.6, 0.0, -2.3)",walked,Helga_10 Root,,,,,,,,,
PATIENT_ENGAGED,350861,4/21/2023 10:50,313259a4-162f-44f6-8479-92e4554a1464,100,Infinity,Lily_2 Root,"(3.0, 0.0, 4.5)","(0.0, 1.0, 0.0, 0.0)",IMMEDIATE,waver,fast,fast,normal,agony,fetal
PULSE_TAKEN,351628,4/21/2023 10:50,313259a4-162f-44f6-8479-92e4554a1464,pulse_fast,Lily_2 Root,,,,,,,,,,
PULSE_TAKEN,351863,4/21/2023 10:50,313259a4-162f-44f6-8479-92e4554a1464,pulse_fast,Lily_2 Root,,,,,,,,,,
VOICE_CAPTURE,353031,4/21/2023 10:50,313259a4-162f-44f6-8479-92e4554a1464,hi,NA,,,,,,,,,,
BAG_ACCESS,353968,4/21/2023 10:50,313259a4-162f-44f6-8479-92e4554a1464,"(3.1, 0.5, 4.6)",,,,,,,,,,,
TOOL_HOVER,354627,4/21/2023 10:50,313259a4-162f-44f6-8479-92e4554a1464,Tourniquet,998,,,,,,,,,,
TOOL_HOVER,354644,4/21/2023 10:50,313259a4-162f-44f6-8479-92e4554a1464,Tourniquet,998,,,,,,,,,,
TOOL_HOVER,354660,4/21/2023 10:50,313259a4-162f-44f6-8479-92e4554a1464,Tourniquet,998,,,,,,,,,,
TOOL_HOVER,354678,4/21/2023 10:50,313259a4-162f-44f6-8479-92e4554a1464,Tourniquet,998,,,,,,,,,,
TOOL_HOVER,354694,4/21/2023 10:50,313259a4-162f-44f6-8479-92e4554a1464,Tourniquet,998,,,,,,,,,,
TOOL_HOVER,354711,4/21/2023 10:50,313259a4-162f-44f6-8479-92e4554a1464,Tourniquet,998,,,,,,,,,,
TOOL_SELECTED,354713,4/21/2023 10:50,313259a4-162f-44f6-8479-92e4554a1464,Tourniquet,997,,,,,,,,,,
INJURY_TREATED,355799,4/21/2023 10:50,313259a4-162f-44f6-8479-92e4554a1464,R Shin Amputation,Lily_2 Root,tourniquet,high,rightLeg,TRUE,FALSE,"(3.3, 0.1, 4.2)",,,,
TOOL_APPLIED,355799,4/21/2023 10:50,313259a4-162f-44f6-8479-92e4554a1464,Lily_2 Root,Tourniquet,RightUpLeg (UnityEngine.GameObject),tor_ring (1) (UnityEngine.GameObject),tourniquet(Clone) (UnityEngine.GameObject),AppliedTourniquet,,,,,,
VOICE_CAPTURE,356981,4/21/2023 10:50,313259a4-162f-44f6-8479-92e4554a1464,trying to get that,NA,,,,,,,,,,
TAG_SELECTED,357938,4/21/2023 10:50,313259a4-162f-44f6-8479-92e4554a1464,red,,,,,,,,,,,
TAG_APPLIED,358854,4/21/2023 10:50,313259a4-162f-44f6-8479-92e4554a1464,Lily_2 Root,red,,,,,,,,,,
VOICE_CAPTURE,359721,4/21/2023 10:50,313259a4-162f-44f6-8479-92e4554a1464,and red,NA,,,,,,,,,,
VOICE_CAPTURE,363656,4/21/2023 10:50,313259a4-162f-44f6-8479-92e4554a1464,any other issues,NA,,,,,,,,,,
VOICE_CAPTURE,364743,4/21/2023 10:50,313259a4-162f-44f6-8479-92e4554a1464,modbutton yes,NA,,,,,,,,,,
VOICE_COMMAND,364743,4/21/2023 10:50,313259a4-162f-44f6-8479-92e4554a1464,modbutton yes,modbutton yes,,,,,,,,,,
VOICE_CAPTURE,367718,4/21/2023 10:50,313259a4-162f-44f6-8479-92e4554a1464,are you hurt,NA,,,,,,,,,,
VOICE_COMMAND,367718,4/21/2023 10:50,313259a4-162f-44f6-8479-92e4554a1464,are you hurt,are you hurt,,,,,,,,,,
VOICE_CAPTURE,368969,4/21/2023 10:51,313259a4-162f-44f6-8479-92e4554a1464,What else,NA,,,,,,,,,,
VOICE_CAPTURE,370156,4/21/2023 10:51,313259a4-162f-44f6-8479-92e4554a1464,are you hurt,NA,,,,,,,,,,
VOICE_COMMAND,370156,4/21/2023 10:51,313259a4-162f-44f6-8479-92e4554a1464,are you hurt,are you hurt,,,,,,,,,,
VOICE_CAPTURE,375813,4/21/2023 10:51,313259a4-162f-44f6-8479-92e4554a1464,anything no,NA,,,,,,,,,,
VOICE_CAPTURE,376898,4/21/2023 10:51,313259a4-162f-44f6-8479-92e4554a1464,modbutton groan,NA,,,,,,,,,,
VOICE_COMMAND,376898,4/21/2023 10:51,313259a4-162f-44f6-8479-92e4554a1464,modbutton groan,modbutton groan,,,,,,,,,,
VOICE_CAPTURE,378420,4/21/2023 10:51,313259a4-162f-44f6-8479-92e4554a1464,modbutton groan,NA,,,,,,,,,,
VOICE_COMMAND,378420,4/21/2023 10:51,313259a4-162f-44f6-8479-92e4554a1464,modbutton groan,modbutton groan,,,,,,,,,,
VOICE_CAPTURE,378651,4/21/2023 10:51,313259a4-162f-44f6-8479-92e4554a1464,alright,NA,,,,,,,,,,
VOICE_CAPTURE,382476,4/21/2023 10:51,313259a4-162f-44f6-8479-92e4554a1464,what else hurts,NA,,,,,,,,,,
VOICE_COMMAND,382476,4/21/2023 10:51,313259a4-162f-44f6-8479-92e4554a1464,are you hurt,what else hurts,,,,,,,,,,
VOICE_CAPTURE,382660,4/21/2023 10:51,313259a4-162f-44f6-8479-92e4554a1464,are you hurt,NA,,,,,,,,,,
VOICE_COMMAND,382660,4/21/2023 10:51,313259a4-162f-44f6-8479-92e4554a1464,are you hurt,are you hurt,,,,,,,,,,
VOICE_CAPTURE,388629,4/21/2023 10:51,313259a4-162f-44f6-8479-92e4554a1464,oh you can only do yes or no questions can you,NA,,,,,,,,,,
VOICE_CAPTURE,393019,4/21/2023 10:51,313259a4-162f-44f6-8479-92e4554a1464,hey I mean,NA,,,,,,,,,,
VOICE_CAPTURE,395057,4/21/2023 10:51,313259a4-162f-44f6-8479-92e4554a1464,and she's good for now,NA,,,,,,,,,,
PULSE_TAKEN,395859,4/21/2023 10:51,313259a4-162f-44f6-8479-92e4554a1464,pulse_fast,Lily_2 Root,,,,,,,,,,
PULSE_TAKEN,396880,4/21/2023 10:51,313259a4-162f-44f6-8479-92e4554a1464,pulse_fast,Lily_2 Root,,,,,,,,,,
VOICE_CAPTURE,397629,4/21/2023 10:51,313259a4-162f-44f6-8479-92e4554a1464,oh posture,NA,,,,,,,,,,
PULSE_TAKEN,397730,4/21/2023 10:51,313259a4-162f-44f6-8479-92e4554a1464,pulse_fast,Lily_2 Root,,,,,,,,,,
PULSE_TAKEN,397881,4/21/2023 10:51,313259a4-162f-44f6-8479-92e4554a1464,pulse_fast,Lily_2 Root,,,,,,,,,,
PULSE_TAKEN,400924,4/21/2023 10:51,313259a4-162f-44f6-8479-92e4554a1464,pulse_fast,Lily_2 Root,,,,,,,,,,
PULSE_TAKEN,401424,4/21/2023 10:51,313259a4-162f-44f6-8479-92e4554a1464,pulse_fast,Lily_2 Root,,,,,,,,,,
BAG_CLOSED,402777,4/21/2023 10:51,313259a4-162f-44f6-8479-92e4554a1464,"(3.1, 0.5, 4.6)",,,,,,,,,,,
TELEPORT,402777,4/21/2023 10:51,313259a4-162f-44f6-8479-92e4554a1464,"(3.3, 0.0, 5.9)",,,,,,,,,,,
VOICE_CAPTURE,403062,4/21/2023 10:51,313259a4-162f-44f6-8479-92e4554a1464,OK,NA,,,,,,,,,,
TELEPORT,404165,4/21/2023 10:51,313259a4-162f-44f6-8479-92e4554a1464,"(4.4, 0.0, 2.9)",,,,,,,,,,,
PATIENT_ENGAGED,406069,4/21/2023 10:51,313259a4-162f-44f6-8479-92e4554a1464,100,Infinity,Mike_5 Root,"(2.7, 0.0, 2.3)","(0.0, 1.0, 0.0, 0.0)",IMMEDIATE,waver,fast,normal,normal,upset,fetal
VOICE_CAPTURE,406085,4/21/2023 10:51,313259a4-162f-44f6-8479-92e4554a1464,oh boy,NA,,,,,,,,,,
BAG_ACCESS,408608,4/21/2023 10:51,313259a4-162f-44f6-8479-92e4554a1464,"(3.4, 0.5, 2.4)",,,,,,,,,,,
TOOL_HOVER,409627,4/21/2023 10:51,313259a4-162f-44f6-8479-92e4554a1464,Hemostatic Gauze,999,,,,,,,,,,
TOOL_HOVER,409643,4/21/2023 10:51,313259a4-162f-44f6-8479-92e4554a1464,Hemostatic Gauze,999,,,,,,,,,,
TOOL_SELECTED,409644,4/21/2023 10:51,313259a4-162f-44f6-8479-92e4554a1464,Hemostatic Gauze,998,,,,,,,,,,
VOICE_CAPTURE,409979,4/21/2023 10:51,313259a4-162f-44f6-8479-92e4554a1464,are you hurt,NA,,,,,,,,,,
VOICE_COMMAND,409979,4/21/2023 10:51,313259a4-162f-44f6-8479-92e4554a1464,are you hurt,are you hurt,,,,,,,,,,
VOICE_CAPTURE,410430,4/21/2023 10:51,313259a4-162f-44f6-8479-92e4554a1464,where are you hurting at,NA,,,,,,,,,,
VOICE_COMMAND,410431,4/21/2023 10:51,313259a4-162f-44f6-8479-92e4554a1464,are you hurt,where are you hurting at,,,,,,,,,,
VOICE_COMMAND,410431,4/21/2023 10:51,313259a4-162f-44f6-8479-92e4554a1464,where are you,where are you hurting at,,,,,,,,,,
TOOL_DISCARDED,411149,4/21/2023 10:51,313259a4-162f-44f6-8479-92e4554a1464,Hemostatic Gauze,998,"(3.0, 0.3, 2.5)",,,,,,,,,
INJURY_TREATED,411150,4/21/2023 10:51,313259a4-162f-44f6-8479-92e4554a1464,R Side Puncture,Mike_5 Root,woundpack,medium,abdomen,TRUE,FALSE,"(3.1, 0.3, 2.5)",,,,
TOOL_APPLIED,411150,4/21/2023 10:51,313259a4-162f-44f6-8479-92e4554a1464,Mike_5 Root,Gauze_Pack,skinCollider_BodyCollideLOD (UnityEngine.GameObject),null,null,AppliedPackingGauze,,,,,,
TOOL_HOVER,412519,4/21/2023 10:51,313259a4-162f-44f6-8479-92e4554a1464,Gauze,999,,,,,,,,,,
TOOL_HOVER,412533,4/21/2023 10:51,313259a4-162f-44f6-8479-92e4554a1464,Gauze,999,,,,,,,,,,
TOOL_HOVER,412551,4/21/2023 10:51,313259a4-162f-44f6-8479-92e4554a1464,Gauze,999,,,,,,,,,,
TOOL_HOVER,412569,4/21/2023 10:51,313259a4-162f-44f6-8479-92e4554a1464,Gauze,999,,,,,,,,,,
TOOL_HOVER,412584,4/21/2023 10:51,313259a4-162f-44f6-8479-92e4554a1464,Gauze,999,,,,,,,,,,
TOOL_HOVER,412601,4/21/2023 10:51,313259a4-162f-44f6-8479-92e4554a1464,Gauze,999,,,,,,,,,,
TOOL_HOVER,412618,4/21/2023 10:51,313259a4-162f-44f6-8479-92e4554a1464,Tourniquet,997,,,,,,,,,,
TOOL_HOVER,412634,4/21/2023 10:51,313259a4-162f-44f6-8479-92e4554a1464,Tourniquet,997,,,,,,,,,,
TOOL_HOVER,412651,4/21/2023 10:51,313259a4-162f-44f6-8479-92e4554a1464,Tourniquet,997,,,,,,,,,,
TOOL_HOVER,412667,4/21/2023 10:51,313259a4-162f-44f6-8479-92e4554a1464,Tourniquet,997,,,,,,,,,,
TOOL_HOVER,412684,4/21/2023 10:51,313259a4-162f-44f6-8479-92e4554a1464,Tourniquet,997,,,,,,,,,,
TOOL_HOVER,412701,4/21/2023 10:51,313259a4-162f-44f6-8479-92e4554a1464,Tourniquet,997,,,,,,,,,,
TOOL_HOVER,412718,4/21/2023 10:51,313259a4-162f-44f6-8479-92e4554a1464,Tourniquet,997,,,,,,,,,,
TOOL_HOVER,412734,4/21/2023 10:51,313259a4-162f-44f6-8479-92e4554a1464,Tourniquet,997,,,,,,,,,,
TOOL_HOVER,412751,4/21/2023 10:51,313259a4-162f-44f6-8479-92e4554a1464,Tourniquet,997,,,,,,,,,,
TOOL_HOVER,412767,4/21/2023 10:51,313259a4-162f-44f6-8479-92e4554a1464,Tourniquet,997,,,,,,,,,,
TOOL_HOVER,412785,4/21/2023 10:51,313259a4-162f-44f6-8479-92e4554a1464,Tourniquet,997,,,,,,,,,,
TOOL_HOVER,412801,4/21/2023 10:51,313259a4-162f-44f6-8479-92e4554a1464,Tourniquet,997,,,,,,,,,,
TOOL_HOVER,412818,4/21/2023 10:51,313259a4-162f-44f6-8479-92e4554a1464,Tourniquet,997,,,,,,,,,,
TOOL_HOVER,412834,4/21/2023 10:51,313259a4-162f-44f6-8479-92e4554a1464,Tourniquet,997,,,,,,,,,,
TOOL_HOVER,412851,4/21/2023 10:51,313259a4-162f-44f6-8479-92e4554a1464,Tourniquet,997,,,,,,,,,,
TOOL_HOVER,412868,4/21/2023 10:51,313259a4-162f-44f6-8479-92e4554a1464,Tourniquet,997,,,,,,,,,,
TOOL_HOVER,412884,4/21/2023 10:51,313259a4-162f-44f6-8479-92e4554a1464,Tourniquet,997,,,,,,,,,,
TOOL_HOVER,412901,4/21/2023 10:51,313259a4-162f-44f6-8479-92e4554a1464,Tourniquet,997,,,,,,,,,,
TOOL_SELECTED,412902,4/21/2023 10:51,313259a4-162f-44f6-8479-92e4554a1464,Tourniquet,996,,,,,,,,,,
INJURY_TREATED,413920,4/21/2023 10:51,313259a4-162f-44f6-8479-92e4554a1464,R Thigh Laceration,Mike_5 Root,tourniquet,medium,rightLeg,TRUE,FALSE,"(3.0, 0.3, 2.2)",,,,
TOOL_APPLIED,413920,4/21/2023 10:51,313259a4-162f-44f6-8479-92e4554a1464,Mike_5 Root,Tourniquet,RightUpLeg (UnityEngine.GameObject),tor_ring (1) (UnityEngine.GameObject),tourniquet(Clone) (UnityEngine.GameObject),AppliedTourniquet,,,,,,
TAG_SELECTED,415624,4/21/2023 10:51,313259a4-162f-44f6-8479-92e4554a1464,red,,,,,,,,,,,
TAG_APPLIED,416668,4/21/2023 10:51,313259a4-162f-44f6-8479-92e4554a1464,Mike_5 Root,red,,,,,,,,,,
VOICE_CAPTURE,419898,4/21/2023 10:51,313259a4-162f-44f6-8479-92e4554a1464,OK,NA,,,,,,,,,,
BAG_CLOSED,420898,4/21/2023 10:51,313259a4-162f-44f6-8479-92e4554a1464,"(4.0, 0.0, 3.3)",,,,,,,,,,,
TELEPORT,420898,4/21/2023 10:51,313259a4-162f-44f6-8479-92e4554a1464,"(4.0, 0.0, 3.3)",,,,,,,,,,,
BAG_ACCESS,421865,4/21/2023 10:51,313259a4-162f-44f6-8479-92e4554a1464,"(3.5, 0.9, 2.3)",,,,,,,,,,,
TELEPORT,422182,4/21/2023 10:51,313259a4-162f-44f6-8479-92e4554a1464,"(4.0, 0.0, 3.3)",,,,,,,,,,,
PATIENT_ENGAGED,423951,4/21/2023 10:51,313259a4-162f-44f6-8479-92e4554a1464,100,Infinity,Lily_4 Root,"(1.2, 0.0, 6.2)","(0.0, 1.0, 0.0, 0.0)",IMMEDIATE,waver,fast,normal,normal,upset,fetal
VOICE_CAPTURE,424253,4/21/2023 10:51,313259a4-162f-44f6-8479-92e4554a1464,now we're gonna go over there to that girl,NA,,,,,,,,,,
VOICE_COMMAND,424253,4/21/2023 10:51,313259a4-162f-44f6-8479-92e4554a1464,walk to the safe area,now we're gonna go over there to that girl,,,,,,,,,,
S_A_L_T_WALK_IF_CAN,424254,4/21/2023 10:51,313259a4-162f-44f6-8479-92e4554a1464,"(3.0, 0.0, 4.5)",walkIfCan,Lily_2 Root,,,,,,,,,
S_A_L_T_WALK_IF_CAN,424254,4/21/2023 10:51,313259a4-162f-44f6-8479-92e4554a1464,"(1.2, 0.0, 6.2)",walkIfCan,Lily_4 Root,,,,,,,,,
S_A_L_T_WALK_IF_CAN,424254,4/21/2023 10:51,313259a4-162f-44f6-8479-92e4554a1464,"(2.7, 0.0, 2.3)",walkIfCan,Mike_5 Root,,,,,,,,,
S_A_L_T_WALK_IF_CAN,424254,4/21/2023 10:51,313259a4-162f-44f6-8479-92e4554a1464,"(-1.2, 0.0, 3.1)",walkIfCan,Gloria_6 Root,,,,,,,,,
S_A_L_T_WALK_IF_CAN,424254,4/21/2023 10:51,313259a4-162f-44f6-8479-92e4554a1464,"(1.3, 0.0, 3.4)",walkIfCan,Mike_7 Root,,,,,,,,,
S_A_L_T_WALK_IF_CAN,424254,4/21/2023 10:51,313259a4-162f-44f6-8479-92e4554a1464,"(4.6, 0.0, -2.4)",walkIfCan,Helga_10 Root,,,,,,,,,
S_A_L_T_WALKED,424254,4/21/2023 10:51,313259a4-162f-44f6-8479-92e4554a1464,"(4.6, 0.0, -2.4)",walked,Helga_10 Root,,,,,,,,,
PATIENT_ENGAGED,426509,4/21/2023 10:51,313259a4-162f-44f6-8479-92e4554a1464,100,Infinity,Gary_1 Root,"(1.6, 0.0, 7.6)","(0.0, 1.0, 0.0, 0.0)",EXPECTANT,still,none,restricted,none,unresponsive,supine
TOOL_HOVER,427128,4/21/2023 10:51,313259a4-162f-44f6-8479-92e4554a1464,Hemostatic Gauze,999,,,,,,,,,,
TOOL_HOVER,427144,4/21/2023 10:51,313259a4-162f-44f6-8479-92e4554a1464,Hemostatic Gauze,999,,,,,,,,,,
TOOL_HOVER,427162,4/21/2023 10:51,313259a4-162f-44f6-8479-92e4554a1464,Hemostatic Gauze,999,,,,,,,,,,
TOOL_HOVER,427178,4/21/2023 10:51,313259a4-162f-44f6-8479-92e4554a1464,Hemostatic Gauze,999,,,,,,,,,,
TOOL_HOVER,427196,4/21/2023 10:51,313259a4-162f-44f6-8479-92e4554a1464,Hemostatic Gauze,999,,,,,,,,,,
TOOL_HOVER,427210,4/21/2023 10:51,313259a4-162f-44f6-8479-92e4554a1464,Hemostatic Gauze,999,,,,,,,,,,
TOOL_HOVER,427228,4/21/2023 10:51,313259a4-162f-44f6-8479-92e4554a1464,Hemostatic Gauze,999,,,,,,,,,,
TOOL_HOVER,427244,4/21/2023 10:51,313259a4-162f-44f6-8479-92e4554a1464,Hemostatic Gauze,999,,,,,,,,,,
TOOL_HOVER,427262,4/21/2023 10:51,313259a4-162f-44f6-8479-92e4554a1464,Hemostatic Gauze,999,,,,,,,,,,
TOOL_HOVER,427278,4/21/2023 10:51,313259a4-162f-44f6-8479-92e4554a1464,Hemostatic Gauze,999,,,,,,,,,,
TOOL_SELECTED,427279,4/21/2023 10:51,313259a4-162f-44f6-8479-92e4554a1464,Hemostatic Gauze,998,,,,,,,,,,
PATIENT_ENGAGED,427629,4/21/2023 10:51,313259a4-162f-44f6-8479-92e4554a1464,100,Infinity,Lily_4 Root,"(1.2, 0.0, 6.2)","(0.0, 1.0, 0.0, 0.0)",IMMEDIATE,waver,fast,normal,normal,upset,fetal
TOOL_DISCARDED,428542,4/21/2023 10:51,313259a4-162f-44f6-8479-92e4554a1464,Hemostatic Gauze,998,"(0.9, 0.2, 6.5)",,,,,,,,,
INJURY_TREATED,428542,4/21/2023 10:51,313259a4-162f-44f6-8479-92e4554a1464,L Side Puncture,Lily_4 Root,woundpack,medium,abdomen,TRUE,FALSE,"(0.9, 0.2, 6.5)",,,,
TOOL_APPLIED,428542,4/21/2023 10:51,313259a4-162f-44f6-8479-92e4554a1464,Lily_4 Root,Gauze_Pack,skinCollider_BodyLOD (UnityEngine.GameObject),null,null,AppliedPackingGauze,,,,,,
PULSE_TAKEN,431263,4/21/2023 10:52,313259a4-162f-44f6-8479-92e4554a1464,pulse_fast,Lily_4 Root,,,,,,,,,,
VOICE_CAPTURE,433987,4/21/2023 10:52,313259a4-162f-44f6-8479-92e4554a1464,modbutton no,NA,,,,,,,,,,
VOICE_COMMAND,433987,4/21/2023 10:52,313259a4-162f-44f6-8479-92e4554a1464,modbutton no,modbutton no,,,,,,,,,,
VOICE_CAPTURE,435221,4/21/2023 10:52,313259a4-162f-44f6-8479-92e4554a1464,alright any other issue are you bleeding anywhere else,NA,,,,,,,,,,
VOICE_COMMAND,435221,4/21/2023 10:52,313259a4-162f-44f6-8479-92e4554a1464,anywhere else,alright any other issue are you bleeding anywhere else,,,,,,,,,,
PATIENT_ENGAGED,435472,4/21/2023 10:52,313259a4-162f-44f6-8479-92e4554a1464,100,Infinity,Gary_1 Root,"(1.6, 0.0, 7.6)","(0.0, 1.0, 0.0, 0.0)",EXPECTANT,still,none,restricted,none,unresponsive,supine
VOICE_CAPTURE,436157,4/21/2023 10:52,313259a4-162f-44f6-8479-92e4554a1464,here,NA,,,,,,,,,,
PATIENT_ENGAGED,438046,4/21/2023 10:52,313259a4-162f-44f6-8479-92e4554a1464,100,Infinity,Lily_4 Root,"(1.2, 0.0, 6.2)","(0.0, 1.0, 0.0, 0.0)",IMMEDIATE,waver,fast,normal,normal,upset,fetal
VOICE_CAPTURE,438179,4/21/2023 10:52,313259a4-162f-44f6-8479-92e4554a1464,no alright,NA,,,,,,,,,,
TAG_SELECTED,439098,4/21/2023 10:52,313259a4-162f-44f6-8479-92e4554a1464,red,,,,,,,,,,,
TAG_APPLIED,440268,4/21/2023 10:52,313259a4-162f-44f6-8479-92e4554a1464,Lily_4 Root,red,,,,,,,,,,
BAG_CLOSED,441587,4/21/2023 10:52,313259a4-162f-44f6-8479-92e4554a1464,"(0.8, 0.5, 6.2)",,,,,,,,,,,
TELEPORT,441587,4/21/2023 10:52,313259a4-162f-44f6-8479-92e4554a1464,"(1.5, 0.0, 6.9)",,,,,,,,,,,
VOICE_CAPTURE,442353,4/21/2023 10:52,313259a4-162f-44f6-8479-92e4554a1464,you're gonna get red,NA,,,,,,,,,,
PATIENT_ENGAGED,445629,4/21/2023 10:52,313259a4-162f-44f6-8479-92e4554a1464,100,Infinity,Mike_7 Root,"(1.3, 0.0, 3.4)","(0.0, 0.1, 0.0, 1.0)",DELAYED,waver,fast,normal,normal,upset,sittingGround
BAG_ACCESS,447250,4/21/2023 10:52,313259a4-162f-44f6-8479-92e4554a1464,"(0.6, 0.5, 3.7)",,,,,,,,,,,
TOOL_HOVER,447718,4/21/2023 10:52,313259a4-162f-44f6-8479-92e4554a1464,Tourniquet,996,,,,,,,,,,
TOOL_HOVER,447736,4/21/2023 10:52,313259a4-162f-44f6-8479-92e4554a1464,Tourniquet,996,,,,,,,,,,
TOOL_HOVER,447752,4/21/2023 10:52,313259a4-162f-44f6-8479-92e4554a1464,Tourniquet,996,,,,,,,,,,
TOOL_HOVER,447770,4/21/2023 10:52,313259a4-162f-44f6-8479-92e4554a1464,Tourniquet,996,,,,,,,,,,
TOOL_HOVER,447787,4/21/2023 10:52,313259a4-162f-44f6-8479-92e4554a1464,Tourniquet,996,,,,,,,,,,
TOOL_HOVER,447802,4/21/2023 10:52,313259a4-162f-44f6-8479-92e4554a1464,Tourniquet,996,,,,,,,,,,
TOOL_HOVER,447819,4/21/2023 10:52,313259a4-162f-44f6-8479-92e4554a1464,Tourniquet,996,,,,,,,,,,
TOOL_HOVER,447836,4/21/2023 10:52,313259a4-162f-44f6-8479-92e4554a1464,Tourniquet,996,,,,,,,,,,
TOOL_HOVER,447852,4/21/2023 10:52,313259a4-162f-44f6-8479-92e4554a1464,Tourniquet,996,,,,,,,,,,
TOOL_SELECTED,447853,4/21/2023 10:52,313259a4-162f-44f6-8479-92e4554a1464,Tourniquet,995,,,,,,,,,,
TOOL_DISCARDED,448787,4/21/2023 10:52,313259a4-162f-44f6-8479-92e4554a1464,Tourniquet,995,"(0.9, 0.2, 3.4)",,,,,,,,,
TOOL_HOVER,449825,4/21/2023 10:52,313259a4-162f-44f6-8479-92e4554a1464,Gauze,999,,,,,,,,,,
TOOL_HOVER,449841,4/21/2023 10:52,313259a4-162f-44f6-8479-92e4554a1464,Gauze,999,,,,,,,,,,
TOOL_HOVER,449857,4/21/2023 10:52,313259a4-162f-44f6-8479-92e4554a1464,Gauze,999,,,,,,,,,,
TOOL_HOVER,449875,4/21/2023 10:52,313259a4-162f-44f6-8479-92e4554a1464,Gauze,999,,,,,,,,,,
TOOL_HOVER,449890,4/21/2023 10:52,313259a4-162f-44f6-8479-92e4554a1464,Gauze,999,,,,,,,,,,
TOOL_HOVER,449908,4/21/2023 10:52,313259a4-162f-44f6-8479-92e4554a1464,Gauze,999,,,,,,,,,,
TOOL_HOVER,449925,4/21/2023 10:52,313259a4-162f-44f6-8479-92e4554a1464,Tourniquet,996,,,,,,,,,,
TOOL_HOVER,449942,4/21/2023 10:52,313259a4-162f-44f6-8479-92e4554a1464,Tourniquet,996,,,,,,,,,,
TOOL_HOVER,449958,4/21/2023 10:52,313259a4-162f-44f6-8479-92e4554a1464,Tourniquet,996,,,,,,,,,,
TOOL_HOVER,449974,4/21/2023 10:52,313259a4-162f-44f6-8479-92e4554a1464,Tourniquet,996,,,,,,,,,,
TOOL_HOVER,449991,4/21/2023 10:52,313259a4-162f-44f6-8479-92e4554a1464,Tourniquet,996,,,,,,,,,,
TOOL_HOVER,450008,4/21/2023 10:52,313259a4-162f-44f6-8479-92e4554a1464,Tourniquet,996,,,,,,,,,,
TOOL_HOVER,450026,4/21/2023 10:52,313259a4-162f-44f6-8479-92e4554a1464,Tourniquet,996,,,,,,,,,,
TOOL_HOVER,450042,4/21/2023 10:52,313259a4-162f-44f6-8479-92e4554a1464,Tourniquet,996,,,,,,,,,,
TOOL_HOVER,450058,4/21/2023 10:52,313259a4-162f-44f6-8479-92e4554a1464,Tourniquet,996,,,,,,,,,,
TOOL_SELECTED,450060,4/21/2023 10:52,313259a4-162f-44f6-8479-92e4554a1464,Tourniquet,995,,,,,,,,,,
INJURY_TREATED,451177,4/21/2023 10:52,313259a4-162f-44f6-8479-92e4554a1464,L Thigh Puncture,Mike_7 Root,tourniquet,medium,leftLeg,TRUE,FALSE,"(0.7, 0.1, 3.5)",,,,
TOOL_APPLIED,451177,4/21/2023 10:52,313259a4-162f-44f6-8479-92e4554a1464,Mike_7 Root,Tourniquet,LeftUpLeg (UnityEngine.GameObject),tor_ring (1) (UnityEngine.GameObject),tourniquet(Clone) (UnityEngine.GameObject),AppliedTourniquet,,,,,,
VOICE_CAPTURE,452446,4/21/2023 10:52,313259a4-162f-44f6-8479-92e4554a1464,oh it didn't go,NA,,,,,,,,,,
TOOL_HOVER,455830,4/21/2023 10:52,313259a4-162f-44f6-8479-92e4554a1464,Gauze,999,,,,,,,,,,
TOOL_HOVER,455847,4/21/2023 10:52,313259a4-162f-44f6-8479-92e4554a1464,Gauze,999,,,,,,,,,,
TOOL_HOVER,455863,4/21/2023 10:52,313259a4-162f-44f6-8479-92e4554a1464,Gauze,999,,,,,,,,,,
TOOL_SELECTED,455865,4/21/2023 10:52,313259a4-162f-44f6-8479-92e4554a1464,Gauze,998,,,,,,,,,,
VOICE_CAPTURE,456930,4/21/2023 10:52,313259a4-162f-44f6-8479-92e4554a1464,are you bleeding anywhere else you got some there,NA,,,,,,,,,,
VOICE_COMMAND,456932,4/21/2023 10:52,313259a4-162f-44f6-8479-92e4554a1464,anywhere else,are you bleeding anywhere else you got some there,,,,,,,,,,
TOOL_DISCARDED,457332,4/21/2023 10:52,313259a4-162f-44f6-8479-92e4554a1464,Gauze,998,"(1.3, 0.2, 3.8)",,,,,,,,,
INJURY_TREATED,457332,4/21/2023 10:52,313259a4-162f-44f6-8479-92e4554a1464,R Calf Laceration,Mike_7 Root,gauzePressure,low,rightLeg,TRUE,FALSE,"(1.3, 0.2, 3.8)",,,,
TOOL_APPLIED,457332,4/21/2023 10:52,313259a4-162f-44f6-8479-92e4554a1464,Mike_7 Root,Gauze_Dressing,skinCollider_BodyCollideLOD (UnityEngine.GameObject),null,null,AppliedDressingGauze,,,,,,
TAG_SELECTED,461427,4/21/2023 10:52,313259a4-162f-44f6-8479-92e4554a1464,red,,,,,,,,,,,
VOICE_CAPTURE,462368,4/21/2023 10:52,313259a4-162f-44f6-8479-92e4554a1464,OK,NA,,,,,,,,,,
TAG_DISCARDED,462621,4/21/2023 10:52,313259a4-162f-44f6-8479-92e4554a1464,red,"(0.5, 0.3, 3.6)",,,,,,,,,,
TAG_SELECTED,462972,4/21/2023 10:52,313259a4-162f-44f6-8479-92e4554a1464,red,,,,,,,,,,,
TAG_DISCARDED,464342,4/21/2023 10:52,313259a4-162f-44f6-8479-92e4554a1464,red,"(0.5, 0.4, 3.6)",,,,,,,,,,
TAG_SELECTED,464960,4/21/2023 10:52,313259a4-162f-44f6-8479-92e4554a1464,yellow,,,,,,,,,,,
VOICE_CAPTURE,465527,4/21/2023 10:52,313259a4-162f-44f6-8479-92e4554a1464,oh here you go,NA,,,,,,,,,,
TAG_APPLIED,465912,4/21/2023 10:52,313259a4-162f-44f6-8479-92e4554a1464,Mike_7 Root,yellow,,,,,,,,,,
VOICE_CAPTURE,467415,4/21/2023 10:52,313259a4-162f-44f6-8479-92e4554a1464,yellow,NA,,,,,,,,,,
BAG_CLOSED,468006,4/21/2023 10:52,313259a4-162f-44f6-8479-92e4554a1464,"(0.6, 0.5, 3.7)",,,,,,,,,,,
VOICE_CAPTURE,472117,4/21/2023 10:52,313259a4-162f-44f6-8479-92e4554a1464,hi guys good luck guys good those two are good,NA,,,,,,,,,,
TELEPORT,473139,4/21/2023 10:52,313259a4-162f-44f6-8479-92e4554a1464,"(1.2, 0.0, 5.0)",,,,,,,,,,,
TELEPORT,474508,4/21/2023 10:52,313259a4-162f-44f6-8479-92e4554a1464,"(1.2, 0.0, 5.0)",,,,,,,,,,,
VOICE_CAPTURE,474742,4/21/2023 10:52,313259a4-162f-44f6-8479-92e4554a1464,where,NA,,,,,,,,,,
TELEPORT,477115,4/21/2023 10:52,313259a4-162f-44f6-8479-92e4554a1464,"(1.2, 0.0, 5.0)",,,,,,,,,,,
PATIENT_ENGAGED,479672,4/21/2023 10:52,313259a4-162f-44f6-8479-92e4554a1464,100,Infinity,Gloria_6 Root,"(-1.2, 0.0, 3.1)","(0.0, 0.4, 0.0, 0.9)",DELAYED,waver,fast,normal,normal,upset,fetal
TELEPORT,482976,4/21/2023 10:52,313259a4-162f-44f6-8479-92e4554a1464,"(1.2, 0.0, 5.0)",,,,,,,,,,,
TELEPORT,483982,4/21/2023 10:52,313259a4-162f-44f6-8479-92e4554a1464,"(1.2, 0.0, 5.0)",,,,,,,,,,,
VOICE_CAPTURE,484164,4/21/2023 10:52,313259a4-162f-44f6-8479-92e4554a1464,oh boy,NA,,,,,,,,,,
BAG_ACCESS,486068,4/21/2023 10:52,313259a4-162f-44f6-8479-92e4554a1464,"(-1.1, 0.5, 3.8)",,,,,,,,,,,
VOICE_CAPTURE,491967,4/21/2023 10:53,313259a4-162f-44f6-8479-92e4554a1464,Alright well what's up,NA,,,,,,,,,,
VOICE_CAPTURE,494055,4/21/2023 10:53,313259a4-162f-44f6-8479-92e4554a1464,where are you bleeding just here,NA,,,,,,,,,,
VOICE_COMMAND,494055,4/21/2023 10:53,313259a4-162f-44f6-8479-92e4554a1464,where are you,where are you bleeding just here,,,,,,,,,,
VOICE_CAPTURE,494423,4/21/2023 10:53,313259a4-162f-44f6-8479-92e4554a1464,modbutton yes,NA,,,,,,,,,,
VOICE_COMMAND,494423,4/21/2023 10:53,313259a4-162f-44f6-8479-92e4554a1464,modbutton yes,modbutton yes,,,,,,,,,,
TAG_SELECTED,497314,4/21/2023 10:53,313259a4-162f-44f6-8479-92e4554a1464,yellow,,,,,,,,,,,
TAG_APPLIED,498833,4/21/2023 10:53,313259a4-162f-44f6-8479-92e4554a1464,Gloria_6 Root,yellow,,,,,,,,,,
VOICE_CAPTURE,500052,4/21/2023 10:53,313259a4-162f-44f6-8479-92e4554a1464,alright well we'll give you the late,NA,,,,,,,,,,
VOICE_CAPTURE,503059,4/21/2023 10:53,313259a4-162f-44f6-8479-92e4554a1464,stop bleeding,NA,,,,,,,,,,
TOOL_HOVER,503828,4/21/2023 10:53,313259a4-162f-44f6-8479-92e4554a1464,Tourniquet,995,,,,,,,,,,
TOOL_HOVER,503845,4/21/2023 10:53,313259a4-162f-44f6-8479-92e4554a1464,Tourniquet,995,,,,,,,,,,
TOOL_HOVER,503862,4/21/2023 10:53,313259a4-162f-44f6-8479-92e4554a1464,Tourniquet,995,,,,,,,,,,
TOOL_HOVER,503879,4/21/2023 10:53,313259a4-162f-44f6-8479-92e4554a1464,Tourniquet,995,,,,,,,,,,
TOOL_HOVER,503895,4/21/2023 10:53,313259a4-162f-44f6-8479-92e4554a1464,Tourniquet,995,,,,,,,,,,
TOOL_HOVER,503911,4/21/2023 10:53,313259a4-162f-44f6-8479-92e4554a1464,Tourniquet,995,,,,,,,,,,
TOOL_HOVER,503929,4/21/2023 10:53,313259a4-162f-44f6-8479-92e4554a1464,Tourniquet,995,,,,,,,,,,
TOOL_HOVER,503944,4/21/2023 10:53,313259a4-162f-44f6-8479-92e4554a1464,Tourniquet,995,,,,,,,,,,
TOOL_HOVER,503963,4/21/2023 10:53,313259a4-162f-44f6-8479-92e4554a1464,Tourniquet,995,,,,,,,,,,
TOOL_HOVER,503979,4/21/2023 10:53,313259a4-162f-44f6-8479-92e4554a1464,Tourniquet,995,,,,,,,,,,
TOOL_HOVER,503995,4/21/2023 10:53,313259a4-162f-44f6-8479-92e4554a1464,Tourniquet,995,,,,,,,,,,
TOOL_HOVER,504012,4/21/2023 10:53,313259a4-162f-44f6-8479-92e4554a1464,Tourniquet,995,,,,,,,,,,
TOOL_HOVER,504030,4/21/2023 10:53,313259a4-162f-44f6-8479-92e4554a1464,Tourniquet,995,,,,,,,,,,
TOOL_HOVER,504046,4/21/2023 10:53,313259a4-162f-44f6-8479-92e4554a1464,Tourniquet,995,,,,,,,,,,
TOOL_HOVER,504062,4/21/2023 10:53,313259a4-162f-44f6-8479-92e4554a1464,Tourniquet,995,,,,,,,,,,
TOOL_HOVER,504080,4/21/2023 10:53,313259a4-162f-44f6-8479-92e4554a1464,Tourniquet,995,,,,,,,,,,
TOOL_HOVER,504097,4/21/2023 10:53,313259a4-162f-44f6-8479-92e4554a1464,Tourniquet,995,,,,,,,,,,
TOOL_HOVER,504114,4/21/2023 10:53,313259a4-162f-44f6-8479-92e4554a1464,Tourniquet,995,,,,,,,,,,
TOOL_HOVER,504130,4/21/2023 10:53,313259a4-162f-44f6-8479-92e4554a1464,Tourniquet,995,,,,,,,,,,
TOOL_HOVER,504146,4/21/2023 10:53,313259a4-162f-44f6-8479-92e4554a1464,Tourniquet,995,,,,,,,,,,
TOOL_HOVER,504162,4/21/2023 10:53,313259a4-162f-44f6-8479-92e4554a1464,Tourniquet,995,,,,,,,,,,
TOOL_HOVER,504179,4/21/2023 10:53,313259a4-162f-44f6-8479-92e4554a1464,Tourniquet,995,,,,,,,,,,
TOOL_SELECTED,504180,4/21/2023 10:53,313259a4-162f-44f6-8479-92e4554a1464,Tourniquet,994,,,,,,,,,,
TOOL_APPLIED,505459,4/21/2023 10:53,313259a4-162f-44f6-8479-92e4554a1464,Gloria_6 Root,Tourniquet,RightUpLeg (UnityEngine.GameObject),tor_ring (1) (UnityEngine.GameObject),tourniquet(Clone) (UnityEngine.GameObject),AppliedTourniquet,,,,,,
VOICE_CAPTURE,507461,4/21/2023 10:53,313259a4-162f-44f6-8479-92e4554a1464,we'll just go ahead and do this just for safety,NA,,,,,,,,,,
VOICE_CAPTURE,511654,4/21/2023 10:53,313259a4-162f-44f6-8479-92e4554a1464,so did you don't need to do it,NA,,,,,,,,,,
BAG_CLOSED,516455,4/21/2023 10:53,313259a4-162f-44f6-8479-92e4554a1464,"(-1.1, 0.5, 3.8)",,,,,,,,,,,
TELEPORT,516768,4/21/2023 10:53,313259a4-162f-44f6-8479-92e4554a1464,"(1.2, 0.0, 5.0)",,,,,,,,,,,
VOICE_CAPTURE,517719,4/21/2023 10:53,313259a4-162f-44f6-8479-92e4554a1464,OK OK OK because I didn't know if maybe if that comes out right you're good,NA,,,,,,,,,,
PATIENT_ENGAGED,521231,4/21/2023 10:53,313259a4-162f-44f6-8479-92e4554a1464,100,0,Gary_9 Root,"(2.9, 0.0, 9.1)","(0.0, 0.9, 0.0, -0.4)",MINIMAL,walker,normal,normal,limited,calm,standing
VOICE_CAPTURE,523601,4/21/2023 10:53,313259a4-162f-44f6-8479-92e4554a1464,over here hi,NA,,,,,,,,,,
VOICE_CAPTURE,525071,4/21/2023 10:53,313259a4-162f-44f6-8479-92e4554a1464,stop,NA,,,,,,,,,,
VOICE_CAPTURE,526542,4/21/2023 10:53,313259a4-162f-44f6-8479-92e4554a1464,are you hurt,NA,,,,,,,,,,
VOICE_COMMAND,526542,4/21/2023 10:53,313259a4-162f-44f6-8479-92e4554a1464,are you hurt,are you hurt,,,,,,,,,,
PULSE_TAKEN,527126,4/21/2023 10:53,313259a4-162f-44f6-8479-92e4554a1464,pulse_normal,Gary_9 Root,,,,,,,,,,
TELEPORT,527326,4/21/2023 10:53,313259a4-162f-44f6-8479-92e4554a1464,"(4.2, 0.0, 9.2)",,,,,,,,,,,
VOICE_CAPTURE,527704,4/21/2023 10:53,313259a4-162f-44f6-8479-92e4554a1464,come with me,NA,,,,,,,,,,
PULSE_TAKEN,529394,4/21/2023 10:53,313259a4-162f-44f6-8479-92e4554a1464,pulse_normal,Gary_9 Root,,,,,,,,,,
VOICE_CAPTURE,530411,4/21/2023 10:53,313259a4-162f-44f6-8479-92e4554a1464,are you hurt,NA,,,,,,,,,,
VOICE_COMMAND,530411,4/21/2023 10:53,313259a4-162f-44f6-8479-92e4554a1464,are you hurt,are you hurt,,,,,,,,,,
VOICE_CAPTURE,532129,4/21/2023 10:53,313259a4-162f-44f6-8479-92e4554a1464,come this way,NA,,,,,,,,,,
VOICE_CAPTURE,535539,4/21/2023 10:53,313259a4-162f-44f6-8479-92e4554a1464,are you hurt,NA,,,,,,,,,,
VOICE_COMMAND,535539,4/21/2023 10:53,313259a4-162f-44f6-8479-92e4554a1464,are you hurt,are you hurt,,,,,,,,,,
BAG_ACCESS,540435,4/21/2023 10:53,313259a4-162f-44f6-8479-92e4554a1464,"(2.6, 0.8, 8.5)",,,,,,,,,,,
VOICE_CAPTURE,541418,4/21/2023 10:53,313259a4-162f-44f6-8479-92e4554a1464,oh boy alright,NA,,,,,,,,,,
PULSE_TAKEN,542221,4/21/2023 10:53,313259a4-162f-44f6-8479-92e4554a1464,pulse_normal,Gary_9 Root,,,,,,,,,,
TAG_SELECTED,545547,4/21/2023 10:53,313259a4-162f-44f6-8479-92e4554a1464,green,,,,,,,,,,,
TAG_APPLIED,546799,4/21/2023 10:53,313259a4-162f-44f6-8479-92e4554a1464,Gary_9 Root,green,,,,,,,,,,
BAG_CLOSED,555456,4/21/2023 10:54,313259a4-162f-44f6-8479-92e4554a1464,"(2.6, 0.8, 8.5)",,,,,,,,,,,
TELEPORT,555456,4/21/2023 10:54,313259a4-162f-44f6-8479-92e4554a1464,"(4.3, 0.0, 9.2)",,,,,,,,,,,
VOICE_CAPTURE,556006,4/21/2023 10:54,313259a4-162f-44f6-8479-92e4554a1464,yeah we'll go alright,NA,,,,,,,,,,
VOICE_CAPTURE,557508,4/21/2023 10:54,313259a4-162f-44f6-8479-92e4554a1464,go over there,NA,,,,,,,,,,
VOICE_COMMAND,557508,4/21/2023 10:54,313259a4-162f-44f6-8479-92e4554a1464,walk to the safe area,go over there,,,,,,,,,,
S_A_L_T_WALK_IF_CAN,557510,4/21/2023 10:54,313259a4-162f-44f6-8479-92e4554a1464,"(3.0, 0.0, 4.5)",walkIfCan,Lily_2 Root,,,,,,,,,
S_A_L_T_WALK_IF_CAN,557510,4/21/2023 10:54,313259a4-162f-44f6-8479-92e4554a1464,"(1.2, 0.0, 6.2)",walkIfCan,Lily_4 Root,,,,,,,,,
S_A_L_T_WALK_IF_CAN,557510,4/21/2023 10:54,313259a4-162f-44f6-8479-92e4554a1464,"(2.7, 0.0, 2.3)",walkIfCan,Mike_5 Root,,,,,,,,,
S_A_L_T_WALK_IF_CAN,557510,4/21/2023 10:54,313259a4-162f-44f6-8479-92e4554a1464,"(-1.2, 0.0, 3.1)",walkIfCan,Gloria_6 Root,,,,,,,,,
S_A_L_T_WALK_IF_CAN,557510,4/21/2023 10:54,313259a4-162f-44f6-8479-92e4554a1464,"(1.3, 0.0, 3.4)",walkIfCan,Mike_7 Root,,,,,,,,,
S_A_L_T_WALK_IF_CAN,557510,4/21/2023 10:54,313259a4-162f-44f6-8479-92e4554a1464,"(4.6, 0.0, -2.4)",walkIfCan,Helga_10 Root,,,,,,,,,
S_A_L_T_WALKED,557510,4/21/2023 10:54,313259a4-162f-44f6-8479-92e4554a1464,"(4.6, 0.0, -2.4)",walked,Helga_10 Root,,,,,,,,,
PATIENT_ENGAGED,558260,4/21/2023 10:54,313259a4-162f-44f6-8479-92e4554a1464,100,Infinity,Helga_10 Root,"(4.7, 0.0, -2.4)","(0.0, 0.7, 0.0, -0.7)",MINIMAL,walker,normal,normal,normal,calm,standing
VOICE_CAPTURE,561182,4/21/2023 10:54,313259a4-162f-44f6-8479-92e4554a1464,hi,NA,,,,,,,,,,
VOICE_CAPTURE,562504,4/21/2023 10:54,313259a4-162f-44f6-8479-92e4554a1464,modbutton im okay,NA,,,,,,,,,,
VOICE_COMMAND,562504,4/21/2023 10:54,313259a4-162f-44f6-8479-92e4554a1464,modbutton im okay,modbutton im okay,,,,,,,,,,
PULSE_TAKEN,564290,4/21/2023 10:54,313259a4-162f-44f6-8479-92e4554a1464,pulse_normal,Helga_10 Root,,,,,,,,,,
VOICE_CAPTURE,564691,4/21/2023 10:54,313259a4-162f-44f6-8479-92e4554a1464,where are you hurt just here,NA,,,,,,,,,,
VOICE_COMMAND,564691,4/21/2023 10:54,313259a4-162f-44f6-8479-92e4554a1464,are you hurt,where are you hurt just here,,,,,,,,,,
VOICE_COMMAND,564691,4/21/2023 10:54,313259a4-162f-44f6-8479-92e4554a1464,where are you,where are you hurt just here,,,,,,,,,,
PULSE_TAKEN,564859,4/21/2023 10:54,313259a4-162f-44f6-8479-92e4554a1464,pulse_normal,Helga_10 Root,,,,,,,,,,
VOICE_CAPTURE,568492,4/21/2023 10:54,313259a4-162f-44f6-8479-92e4554a1464,why did you lay down,NA,,,,,,,,,,
VOICE_COMMAND,568492,4/21/2023 10:54,313259a4-162f-44f6-8479-92e4554a1464,lay down,why did you lay down,,,,,,,,,,
BAG_ACCESS,571226,4/21/2023 10:54,313259a4-162f-44f6-8479-92e4554a1464,"(4.1, 0.5, -2.0)",,,,,,,,,,,
VOICE_CAPTURE,571892,4/21/2023 10:54,313259a4-162f-44f6-8479-92e4554a1464,you're OK alright,NA,,,,,,,,,,
VOICE_CAPTURE,573838,4/21/2023 10:54,313259a4-162f-44f6-8479-92e4554a1464,oh now you lay down,NA,,,,,,,,,,
VOICE_COMMAND,573838,4/21/2023 10:54,313259a4-162f-44f6-8479-92e4554a1464,lay down,oh now you lay down,,,,,,,,,,
PULSE_TAKEN,575269,4/21/2023 10:54,313259a4-162f-44f6-8479-92e4554a1464,pulse_normal,Helga_10 Root,,,,,,,,,,
VOICE_CAPTURE,577071,4/21/2023 10:54,313259a4-162f-44f6-8479-92e4554a1464,no no stand up,NA,,,,,,,,,,
VOICE_COMMAND,577071,4/21/2023 10:54,313259a4-162f-44f6-8479-92e4554a1464,stand up,no no stand up,,,,,,,,,,
PULSE_TAKEN,580128,4/21/2023 10:54,313259a4-162f-44f6-8479-92e4554a1464,pulse_normal,Helga_10 Root,,,,,,,,,,
PULSE_TAKEN,580666,4/21/2023 10:54,313259a4-162f-44f6-8479-92e4554a1464,pulse_normal,Helga_10 Root,,,,,,,,,,
PULSE_TAKEN,581249,4/21/2023 10:54,313259a4-162f-44f6-8479-92e4554a1464,pulse_normal,Helga_10 Root,,,,,,,,,,
TAG_SELECTED,583521,4/21/2023 10:54,313259a4-162f-44f6-8479-92e4554a1464,yellow,,,,,,,,,,,
TAG_DISCARDED,583873,4/21/2023 10:54,313259a4-162f-44f6-8479-92e4554a1464,yellow,"(4.1, 0.3, -2.5)",,,,,,,,,,
VOICE_CAPTURE,586628,4/21/2023 10:54,313259a4-162f-44f6-8479-92e4554a1464,I have scissors or anything,NA,,,,,,,,,,
TAG_SELECTED,587481,4/21/2023 10:54,313259a4-162f-44f6-8479-92e4554a1464,green,,,,,,,,,,,
TAG_APPLIED,588851,4/21/2023 10:54,313259a4-162f-44f6-8479-92e4554a1464,Helga_10 Root,green,,,,,,,,,,
VOICE_CAPTURE,588951,4/21/2023 10:54,313259a4-162f-44f6-8479-92e4554a1464,cool,NA,,,,,,,,,,
BAG_CLOSED,589753,4/21/2023 10:54,313259a4-162f-44f6-8479-92e4554a1464,"(4.1, 0.5, -2.0)",,,,,,,,,,,
TELEPORT,589753,4/21/2023 10:54,313259a4-162f-44f6-8479-92e4554a1464,"(5.5, 0.0, -0.7)",,,,,,,,,,,
PULSE_TAKEN,591525,4/21/2023 10:54,313259a4-162f-44f6-8479-92e4554a1464,pulse_normal,Gloria_8 Root,,,,,,,,,,
PATIENT_ENGAGED,593085,4/21/2023 10:54,313259a4-162f-44f6-8479-92e4554a1464,100,Infinity,Gloria_8 Root,"(3.8, 0.0, -4.4)","(0.0, 1.0, 0.0, -0.1)",MINIMAL,walker,normal,normal,normal,upset,standing
VOICE_CAPTURE,594655,4/21/2023 10:54,313259a4-162f-44f6-8479-92e4554a1464,hello,NA,,,,,,,,,,
VOICE_CAPTURE,597027,4/21/2023 10:54,313259a4-162f-44f6-8479-92e4554a1464,OK,NA,,,,,,,,,,
VOICE_CAPTURE,597764,4/21/2023 10:54,313259a4-162f-44f6-8479-92e4554a1464,are you hurt,NA,,,,,,,,,,
VOICE_COMMAND,597764,4/21/2023 10:54,313259a4-162f-44f6-8479-92e4554a1464,are you hurt,are you hurt,,,,,,,,,,
VOICE_CAPTURE,599051,4/21/2023 10:54,313259a4-162f-44f6-8479-92e4554a1464,where are you heard at,NA,,,,,,,,,,
VOICE_COMMAND,599051,4/21/2023 10:54,313259a4-162f-44f6-8479-92e4554a1464,where are you,where are you heard at,,,,,,,,,,
VOICE_CAPTURE,599068,4/21/2023 10:54,313259a4-162f-44f6-8479-92e4554a1464,are you hurt,NA,,,,,,,,,,
VOICE_COMMAND,599068,4/21/2023 10:54,313259a4-162f-44f6-8479-92e4554a1464,are you hurt,are you hurt,,,,,,,,,,
VOICE_CAPTURE,600805,4/21/2023 10:54,313259a4-162f-44f6-8479-92e4554a1464,are you hurt,NA,,,,,,,,,,
VOICE_COMMAND,600805,4/21/2023 10:54,313259a4-162f-44f6-8479-92e4554a1464,are you hurt,are you hurt,,,,,,,,,,
BAG_ACCESS,605449,4/21/2023 10:54,313259a4-162f-44f6-8479-92e4554a1464,"(4.5, 0.8, -4.8)",,,,,,,,,,,
TOOL_HOVER,605818,4/21/2023 10:54,313259a4-162f-44f6-8479-92e4554a1464,Tourniquet,994,,,,,,,,,,
TOOL_HOVER,605833,4/21/2023 10:54,313259a4-162f-44f6-8479-92e4554a1464,Tourniquet,994,,,,,,,,,,
TOOL_HOVER,605850,4/21/2023 10:54,313259a4-162f-44f6-8479-92e4554a1464,Tourniquet,994,,,,,,,,,,
TOOL_HOVER,605867,4/21/2023 10:54,313259a4-162f-44f6-8479-92e4554a1464,Tourniquet,994,,,,,,,,,,
TOOL_HOVER,605884,4/21/2023 10:54,313259a4-162f-44f6-8479-92e4554a1464,Tourniquet,994,,,,,,,,,,
TOOL_HOVER,605900,4/21/2023 10:54,313259a4-162f-44f6-8479-92e4554a1464,Tourniquet,994,,,,,,,,,,
TOOL_HOVER,605917,4/21/2023 10:54,313259a4-162f-44f6-8479-92e4554a1464,Tourniquet,994,,,,,,,,,,
TOOL_HOVER,605935,4/21/2023 10:54,313259a4-162f-44f6-8479-92e4554a1464,Tourniquet,994,,,,,,,,,,
TOOL_HOVER,605952,4/21/2023 10:54,313259a4-162f-44f6-8479-92e4554a1464,Tourniquet,994,,,,,,,,,,
TOOL_HOVER,605968,4/21/2023 10:54,313259a4-162f-44f6-8479-92e4554a1464,Tourniquet,994,,,,,,,,,,
TOOL_HOVER,605984,4/21/2023 10:54,313259a4-162f-44f6-8479-92e4554a1464,Tourniquet,994,,,,,,,,,,
TOOL_HOVER,606001,4/21/2023 10:54,313259a4-162f-44f6-8479-92e4554a1464,Tourniquet,994,,,,,,,,,,
TOOL_SELECTED,606002,4/21/2023 10:54,313259a4-162f-44f6-8479-92e4554a1464,Tourniquet,993,,,,,,,,,,
INJURY_TREATED,608441,4/21/2023 10:54,313259a4-162f-44f6-8479-92e4554a1464,L Forearm Laceration,Gloria_8 Root,gauzePressure,low,leftArm,FALSE,TRUE,"(3.9, 0.9, -4.6)",,,,
TOOL_APPLIED,608441,4/21/2023 10:54,313259a4-162f-44f6-8479-92e4554a1464,Gloria_8 Root,Tourniquet,LeftForeArm (UnityEngine.GameObject),tor_ring (1) (UnityEngine.GameObject),tourniquet(Clone) (UnityEngine.GameObject),AppliedTourniquet,,,,,,
TOOL_HOVER,611617,4/21/2023 10:55,313259a4-162f-44f6-8479-92e4554a1464,Hemostatic Gauze,999,,,,,,,,,,
TOOL_HOVER,611633,4/21/2023 10:55,313259a4-162f-44f6-8479-92e4554a1464,Hemostatic Gauze,999,,,,,,,,,,
TOOL_HOVER,611649,4/21/2023 10:55,313259a4-162f-44f6-8479-92e4554a1464,Hemostatic Gauze,999,,,,,,,,,,
TOOL_HOVER,611668,4/21/2023 10:55,313259a4-162f-44f6-8479-92e4554a1464,Hemostatic Gauze,999,,,,,,,,,,
TOOL_HOVER,611684,4/21/2023 10:55,313259a4-162f-44f6-8479-92e4554a1464,Hemostatic Gauze,999,,,,,,,,,,
TOOL_HOVER,611700,4/21/2023 10:55,313259a4-162f-44f6-8479-92e4554a1464,Hemostatic Gauze,999,,,,,,,,,,
TOOL_HOVER,611717,4/21/2023 10:55,313259a4-162f-44f6-8479-92e4554a1464,Hemostatic Gauze,999,,,,,,,,,,
TOOL_HOVER,611734,4/21/2023 10:55,313259a4-162f-44f6-8479-92e4554a1464,Hemostatic Gauze,999,,,,,,,,,,
TOOL_HOVER,611750,4/21/2023 10:55,313259a4-162f-44f6-8479-92e4554a1464,Hemostatic Gauze,999,,,,,,,,,,
TOOL_HOVER,611766,4/21/2023 10:55,313259a4-162f-44f6-8479-92e4554a1464,Hemostatic Gauze,999,,,,,,,,,,
TOOL_HOVER,611784,4/21/2023 10:55,313259a4-162f-44f6-8479-92e4554a1464,Hemostatic Gauze,999,,,,,,,,,,
TOOL_HOVER,611801,4/21/2023 10:55,313259a4-162f-44f6-8479-92e4554a1464,Hemostatic Gauze,999,,,,,,,,,,
TOOL_HOVER,611817,4/21/2023 10:55,313259a4-162f-44f6-8479-92e4554a1464,Hemostatic Gauze,999,,,,,,,,,,
TOOL_HOVER,611833,4/21/2023 10:55,313259a4-162f-44f6-8479-92e4554a1464,Hemostatic Gauze,999,,,,,,,,,,
TOOL_HOVER,611850,4/21/2023 10:55,313259a4-162f-44f6-8479-92e4554a1464,Hemostatic Gauze,999,,,,,,,,,,
TOOL_HOVER,611868,4/21/2023 10:55,313259a4-162f-44f6-8479-92e4554a1464,Hemostatic Gauze,999,,,,,,,,,,
TOOL_HOVER,611884,4/21/2023 10:55,313259a4-162f-44f6-8479-92e4554a1464,Hemostatic Gauze,999,,,,,,,,,,
TOOL_HOVER,611900,4/21/2023 10:55,313259a4-162f-44f6-8479-92e4554a1464,Hemostatic Gauze,999,,,,,,,,,,
TOOL_HOVER,612118,4/21/2023 10:55,313259a4-162f-44f6-8479-92e4554a1464,Gauze,999,,,,,,,,,,
TOOL_HOVER,612135,4/21/2023 10:55,313259a4-162f-44f6-8479-92e4554a1464,Gauze,999,,,,,,,,,,
TOOL_HOVER,612151,4/21/2023 10:55,313259a4-162f-44f6-8479-92e4554a1464,Gauze,999,,,,,,,,,,
TOOL_HOVER,612168,4/21/2023 10:55,313259a4-162f-44f6-8479-92e4554a1464,Gauze,999,,,,,,,,,,
TOOL_HOVER,612184,4/21/2023 10:55,313259a4-162f-44f6-8479-92e4554a1464,Gauze,999,,,,,,,,,,
TOOL_HOVER,612203,4/21/2023 10:55,313259a4-162f-44f6-8479-92e4554a1464,Gauze,999,,,,,,,,,,
TOOL_HOVER,612218,4/21/2023 10:55,313259a4-162f-44f6-8479-92e4554a1464,Gauze,999,,,,,,,,,,
TOOL_HOVER,612236,4/21/2023 10:55,313259a4-162f-44f6-8479-92e4554a1464,Gauze,999,,,,,,,,,,
TOOL_HOVER,612252,4/21/2023 10:55,313259a4-162f-44f6-8479-92e4554a1464,Gauze,999,,,,,,,,,,
TOOL_HOVER,612270,4/21/2023 10:55,313259a4-162f-44f6-8479-92e4554a1464,Gauze,999,,,,,,,,,,
TOOL_HOVER,612287,4/21/2023 10:55,313259a4-162f-44f6-8479-92e4554a1464,Gauze,999,,,,,,,,,,
TOOL_HOVER,612303,4/21/2023 10:55,313259a4-162f-44f6-8479-92e4554a1464,Gauze,999,,,,,,,,,,
TOOL_SELECTED,612304,4/21/2023 10:55,313259a4-162f-44f6-8479-92e4554a1464,Gauze,998,,,,,,,,,,
TOOL_DISCARDED,615727,4/21/2023 10:55,313259a4-162f-44f6-8479-92e4554a1464,Gauze,998,"(4.0, 0.9, -4.6)",,,,,,,,,
TOOL_APPLIED,615727,4/21/2023 10:55,313259a4-162f-44f6-8479-92e4554a1464,Gloria_8 Root,Gauze_Dressing,skinCollider_Body_LOD (UnityEngine.GameObject),null,null,AppliedDressingGauze,,,,,,
TOOL_HOVER,618416,4/21/2023 10:55,313259a4-162f-44f6-8479-92e4554a1464,Gauze,999,,,,,,,,,,
TOOL_HOVER,618433,4/21/2023 10:55,313259a4-162f-44f6-8479-92e4554a1464,Gauze,999,,,,,,,,,,
TOOL_HOVER,618452,4/21/2023 10:55,313259a4-162f-44f6-8479-92e4554a1464,Gauze,999,,,,,,,,,,
TOOL_HOVER,618466,4/21/2023 10:55,313259a4-162f-44f6-8479-92e4554a1464,Gauze,999,,,,,,,,,,
TOOL_HOVER,618484,4/21/2023 10:55,313259a4-162f-44f6-8479-92e4554a1464,Gauze,999,,,,,,,,,,
TOOL_HOVER,618500,4/21/2023 10:55,313259a4-162f-44f6-8479-92e4554a1464,Gauze,999,,,,,,,,,,
TOOL_HOVER,618518,4/21/2023 10:55,313259a4-162f-44f6-8479-92e4554a1464,Gauze,999,,,,,,,,,,
TOOL_HOVER,618533,4/21/2023 10:55,313259a4-162f-44f6-8479-92e4554a1464,Gauze,999,,,,,,,,,,
TOOL_HOVER,618550,4/21/2023 10:55,313259a4-162f-44f6-8479-92e4554a1464,Gauze,999,,,,,,,,,,
TOOL_HOVER,618567,4/21/2023 10:55,313259a4-162f-44f6-8479-92e4554a1464,Gauze,999,,,,,,,,,,
TOOL_SELECTED,618568,4/21/2023 10:55,313259a4-162f-44f6-8479-92e4554a1464,Gauze,998,,,,,,,,,,
TOOL_DISCARDED,620472,4/21/2023 10:55,313259a4-162f-44f6-8479-92e4554a1464,Gauze,998,"(4.0, 0.9, -4.6)",,,,,,,,,
INJURY_TREATED,620472,4/21/2023 10:55,313259a4-162f-44f6-8479-92e4554a1464,L Forearm Laceration,Gloria_8 Root,gauzePressure,low,leftArm,TRUE,TRUE,"(4.0, 0.9, -4.6)",,,,
TOOL_APPLIED,620474,4/21/2023 10:55,313259a4-162f-44f6-8479-92e4554a1464,Gloria_8 Root,Gauze_Dressing,skinCollider_Body_LOD (UnityEngine.GameObject),null,null,AppliedDressingGauze,,,,,,
TAG_SELECTED,624382,4/21/2023 10:55,313259a4-162f-44f6-8479-92e4554a1464,yellow,,,,,,,,,,,
TAG_APPLIED,625334,4/21/2023 10:55,313259a4-162f-44f6-8479-92e4554a1464,Gloria_8 Root,yellow,,,,,,,,,,
BAG_CLOSED,630279,4/21/2023 10:55,313259a4-162f-44f6-8479-92e4554a1464,"(4.5, 0.8, -4.8)",,,,,,,,,,,
TELEPORT,630279,4/21/2023 10:55,313259a4-162f-44f6-8479-92e4554a1464,"(5.0, 0.0, -2.8)",,,,,,,,,,,
TELEPORT,635724,4/21/2023 10:55,313259a4-162f-44f6-8479-92e4554a1464,"(3.1, 0.0, 3.4)",,,,,,,,,,,
SESSION_END,645072,4/21/2023 10:55,313259a4-162f-44f6-8479-92e4554a1464,,,,,,,,,,,,
