PLAYER_LOCATION,94,9/7/2023 12:07:26 PM,b0f6e371-e548-4e1d-adc1-92891a6ca6ca,1.3,"(1.8, 1.6, 1.2)","(0.0, 0.0, 0.0)","(0.0, 0.0, 0.0)",
PLAYER_LOCATION,772,9/7/2023 12:07:27 PM,b0f6e371-e548-4e1d-adc1-92891a6ca6ca,1.3,"(1.8, 1.7, 1.2)","(0.0, 0.0, 0.0)","(0.0, 0.0, 0.0)",
PLAYER_LOCATION,1580,9/7/2023 12:07:28 PM,b0f6e371-e548-4e1d-adc1-92891a6ca6ca,1.3,"(1.8, 1.7, 1.2)","(0.0, 0.0, 0.0)","(0.0, 0.0, 0.0)",
PLAYER_LOCATION,2079,9/7/2023 12:07:28 PM,b0f6e371-e548-4e1d-adc1-92891a6ca6ca,1.3,"(1.8, 1.7, 1.2)","(0.0, 0.0, 0.0)","(0.0, 0.0, 0.0)",
PLAYER_LOCATION,2585,9/7/2023 12:07:29 PM,b0f6e371-e548-4e1d-adc1-92891a6ca6ca,1.3,"(1.8, 1.7, 1.2)","(0.0, 0.0, 0.0)","(0.0, 0.0, 0.0)",
PLAYER_LOCATION,3086,9/7/2023 12:07:29 PM,b0f6e371-e548-4e1d-adc1-92891a6ca6ca,1.3,"(1.8, 1.7, 1.2)","(0.0, 0.0, 0.0)","(0.0, 0.0, 0.0)",
PLAYER_LOCATION,3586,9/7/2023 12:07:30 PM,b0f6e371-e548-4e1d-adc1-92891a6ca6ca,1.3,"(1.8, 1.6, 1.2)","(0.0, 0.0, 0.0)","(0.0, 0.0, 0.0)",
PLAYER_LOCATION,4090,9/7/2023 12:07:30 PM,b0f6e371-e548-4e1d-adc1-92891a6ca6ca,1.3,"(1.8, 1.6, 1.2)","(0.0, 0.0, 0.0)","(0.0, 0.0, 0.0)",
PLAYER_LOCATION,4604,9/7/2023 12:07:31 PM,b0f6e371-e548-4e1d-adc1-92891a6ca6ca,1.3,"(1.8, 1.6, 1.2)","(0.0, 0.0, 0.0)","(0.0, 0.0, 0.0)",
PLAYER_LOCATION,5140,9/7/2023 12:07:31 PM,b0f6e371-e548-4e1d-adc1-92891a6ca6ca,1.3,"(1.8, 1.6, 1.2)","(0.0, 0.0, 0.0)","(0.0, 0.0, 0.0)",
PLAYER_LOCATION,5649,9/7/2023 12:07:32 PM,b0f6e371-e548-4e1d-adc1-92891a6ca6ca,1.3,"(1.8, 1.7, 1.2)","(0.0, 0.0, 0.0)","(0.0, 0.0, 0.0)",
PLAYER_LOCATION,6166,9/7/2023 12:07:32 PM,b0f6e371-e548-4e1d-adc1-92891a6ca6ca,1.3,"(1.8, 1.7, 1.2)","(0.0, 0.0, 0.0)","(0.0, 0.0, 0.0)",
PLAYER_LOCATION,6672,9/7/2023 12:07:33 PM,b0f6e371-e548-4e1d-adc1-92891a6ca6ca,1.3,"(1.8, 1.7, 1.2)","(0.0, 0.0, 0.0)","(0.0, 0.0, 0.0)",
PLAYER_LOCATION,7172,9/7/2023 12:07:33 PM,b0f6e371-e548-4e1d-adc1-92891a6ca6ca,1.3,"(1.8, 1.7, 1.2)","(0.0, 0.0, 0.0)","(0.0, 0.0, 0.0)",
PLAYER_LOCATION,7689,9/7/2023 12:07:34 PM,b0f6e371-e548-4e1d-adc1-92891a6ca6ca,1.3,"(1.8, 1.7, 1.2)","(0.0, 0.0, 0.0)","(0.0, 0.0, 0.0)",
VOICE_CAPTURE,7956,9/7/2023 12:07:34 PM,b0f6e371-e548-4e1d-adc1-92891a6ca6ca,1.3,Testing 1-2 testing,NA,
PLAYER_LOCATION,8206,9/7/2023 12:07:34 PM,b0f6e371-e548-4e1d-adc1-92891a6ca6ca,1.3,"(1.8, 1.7, 1.2)","(0.0, 0.0, 0.0)","(0.0, 0.0, 0.0)",
PLAYER_LOCATION,8706,9/7/2023 12:07:35 PM,b0f6e371-e548-4e1d-adc1-92891a6ca6ca,1.3,"(1.8, 1.7, 1.2)","(0.0, 0.0, 0.0)","(0.0, 0.0, 0.0)",
PLAYER_LOCATION,9222,9/7/2023 12:07:35 PM,b0f6e371-e548-4e1d-adc1-92891a6ca6ca,1.3,"(1.8, 1.6, 1.2)","(0.0, 0.0, 0.0)","(0.0, 0.0, 0.0)",
PLAYER_LOCATION,9738,9/7/2023 12:07:36 PM,b0f6e371-e548-4e1d-adc1-92891a6ca6ca,1.3,"(1.8, 1.7, 1.2)","(0.0, 0.0, 0.0)","(0.0, 0.0, 0.0)",
PLAYER_LOCATION,10247,9/7/2023 12:07:36 PM,b0f6e371-e548-4e1d-adc1-92891a6ca6ca,1.3,"(1.9, 1.6, 1.3)","(0.0, 0.0, 0.0)","(0.0, 0.0, 0.0)",
PLAYER_LOCATION,10763,9/7/2023 12:07:37 PM,b0f6e371-e548-4e1d-adc1-92891a6ca6ca,1.3,"(1.9, 1.6, 1.2)","(0.0, 0.0, 0.0)","(0.0, 0.0, 0.0)",
PLAYER_LOCATION,11281,9/7/2023 12:07:37 PM,b0f6e371-e548-4e1d-adc1-92891a6ca6ca,1.3,"(1.9, 1.6, 1.2)","(0.0, 0.0, 0.0)","(0.0, 0.0, 0.0)",
PLAYER_LOCATION,11797,9/7/2023 12:07:38 PM,b0f6e371-e548-4e1d-adc1-92891a6ca6ca,1.3,"(1.8, 1.6, 1.2)","(0.0, 0.0, 0.0)","(0.0, 0.0, 0.0)",
VOICE_CAPTURE,12079,9/7/2023 12:07:38 PM,b0f6e371-e548-4e1d-adc1-92891a6ca6ca,1.3,yeah I'm not seeing voice testing 1-2,NA,
PLAYER_LOCATION,12300,9/7/2023 12:07:38 PM,b0f6e371-e548-4e1d-adc1-92891a6ca6ca,1.3,"(1.7, 1.6, 1.2)","(0.0, 0.0, 0.0)","(0.0, 0.0, 0.0)",
PLAYER_LOCATION,12800,9/7/2023 12:07:39 PM,b0f6e371-e548-4e1d-adc1-92891a6ca6ca,1.3,"(1.7, 1.7, 1.2)","(0.0, 0.0, 0.0)","(0.0, 0.0, 0.0)",
PLAYER_LOCATION,13317,9/7/2023 12:07:39 PM,b0f6e371-e548-4e1d-adc1-92891a6ca6ca,1.3,"(1.7, 1.7, 1.2)","(0.0, 0.0, 0.0)","(0.0, 0.0, 0.0)",
PLAYER_LOCATION,13828,9/7/2023 12:07:40 PM,b0f6e371-e548-4e1d-adc1-92891a6ca6ca,1.3,"(1.7, 1.7, 1.2)","(0.0, 0.0, 0.0)","(0.0, 0.0, 0.0)",
PLAYER_LOCATION,14329,9/7/2023 12:07:40 PM,b0f6e371-e548-4e1d-adc1-92891a6ca6ca,1.3,"(1.7, 1.7, 1.2)","(0.0, 0.0, 0.0)","(0.0, 0.0, 0.0)",
PLAYER_LOCATION,14831,9/7/2023 12:07:41 PM,b0f6e371-e548-4e1d-adc1-92891a6ca6ca,1.3,"(1.7, 1.6, 1.2)","(0.0, 0.0, 0.0)","(0.0, 0.0, 0.0)",
PLAYER_LOCATION,15343,9/7/2023 12:07:41 PM,b0f6e371-e548-4e1d-adc1-92891a6ca6ca,1.3,"(1.7, 1.6, 1.2)","(0.0, 0.0, 0.0)","(0.0, 0.0, 0.0)",
VOICE_CAPTURE,15841,9/7/2023 12:07:42 PM,b0f6e371-e548-4e1d-adc1-92891a6ca6ca,1.3,yeah I am seeing voice recognition now,NA,
PLAYER_LOCATION,15858,9/7/2023 12:07:42 PM,b0f6e371-e548-4e1d-adc1-92891a6ca6ca,1.3,"(1.6, 1.6, 1.2)","(0.0, 0.0, 0.0)","(0.0, 0.0, 0.0)",
PLAYER_LOCATION,16366,9/7/2023 12:07:42 PM,b0f6e371-e548-4e1d-adc1-92891a6ca6ca,1.3,"(1.6, 1.6, 1.2)","(0.0, 0.0, 0.0)","(0.0, 0.0, 0.0)",
PLAYER_LOCATION,16882,9/7/2023 12:07:43 PM,b0f6e371-e548-4e1d-adc1-92891a6ca6ca,1.3,"(1.7, 1.7, 1.2)","(0.0, 0.0, 0.0)","(0.0, 0.0, 0.0)",
PLAYER_LOCATION,17398,9/7/2023 12:07:43 PM,b0f6e371-e548-4e1d-adc1-92891a6ca6ca,1.3,"(1.7, 1.7, 1.3)","(0.0, 0.0, 0.0)","(0.0, 0.0, 0.0)",
PLAYER_LOCATION,17898,9/7/2023 12:07:44 PM,b0f6e371-e548-4e1d-adc1-92891a6ca6ca,1.3,"(1.7, 1.7, 1.3)","(0.0, 0.0, 0.0)","(0.0, 0.0, 0.0)",
PLAYER_LOCATION,18398,9/7/2023 12:07:44 PM,b0f6e371-e548-4e1d-adc1-92891a6ca6ca,1.3,"(1.6, 1.7, 1.3)","(0.0, 0.0, 0.0)","(0.0, 0.0, 0.0)",
PLAYER_LOCATION,18900,9/7/2023 12:07:45 PM,b0f6e371-e548-4e1d-adc1-92891a6ca6ca,1.3,"(1.5, 1.6, 1.2)","(0.0, 0.0, 0.0)","(0.0, 0.0, 0.0)",
PLAYER_LOCATION,19408,9/7/2023 12:07:45 PM,b0f6e371-e548-4e1d-adc1-92891a6ca6ca,1.3,"(1.6, 1.7, 1.1)","(0.0, 0.0, 0.0)","(0.0, 0.0, 0.0)",
PLAYER_LOCATION,19940,9/7/2023 12:07:46 PM,b0f6e371-e548-4e1d-adc1-92891a6ca6ca,1.3,"(1.6, 1.7, -2.6)","(0.0, 0.0, 0.0)","(0.0, 0.0, 0.0)",
PLAYER_LOCATION,20440,9/7/2023 12:07:46 PM,b0f6e371-e548-4e1d-adc1-92891a6ca6ca,1.3,"(1.6, 1.7, -2.6)","(0.0, 0.0, 0.0)","(0.0, 0.0, 0.0)",
PATIENT_DEMOTED,20553,9/7/2023 12:07:47 PM,b0f6e371-e548-4e1d-adc1-92891a6ca6ca,1.3,100,Infinity,Military Mike Jungle Combat_2_0 Root,"(2.9, 0.0, 2.5)","(0.0, -0.9, 0.0, 0.3)",DELAYED,walker,normal,normal,normal,calm,standing,
PLAYER_LOCATION,20953,9/7/2023 12:07:47 PM,b0f6e371-e548-4e1d-adc1-92891a6ca6ca,1.3,"(1.6, 1.7, -2.7)","(0.0, 0.0, 0.0)","(0.0, 0.0, 0.0)",
PLAYER_LOCATION,21469,9/7/2023 12:07:47 PM,b0f6e371-e548-4e1d-adc1-92891a6ca6ca,1.3,"(1.6, 1.7, -2.8)","(0.0, 0.0, 0.0)","(0.0, 0.0, 0.0)",
PLAYER_LOCATION,21970,9/7/2023 12:07:48 PM,b0f6e371-e548-4e1d-adc1-92891a6ca6ca,1.3,"(1.6, 1.7, -2.8)","(0.0, 0.0, 0.0)","(0.0, 0.0, 0.0)",
PLAYER_LOCATION,22472,9/7/2023 12:07:48 PM,b0f6e371-e548-4e1d-adc1-92891a6ca6ca,1.3,"(1.5, 1.7, -2.7)","(0.0, 0.0, 0.0)","(0.0, 0.0, 0.0)",
SESSION_START,22540,9/7/2023 12:07:49 PM,b0f6e371-e548-4e1d-adc1-92891a6ca6ca,1.3,
PATIENT_RECORD,22540,9/7/2023 12:07:49 PM,b0f6e371-e548-4e1d-adc1-92891a6ca6ca,1.3,100,Infinity,Military Mike Jungle Combat_2_0 Root,"(2.9, 0.0, 2.5)","(0.0, -0.9, 0.0, 0.3)",DELAYED,walker,normal,normal,normal,calm,standing,
INJURY_RECORD,22541,9/7/2023 12:07:49 PM,b0f6e371-e548-4e1d-adc1-92891a6ca6ca,1.3,R Forearm Laceration,Military Mike Jungle Combat_2_0 Root,gauzePressure,low,rightArm,False,False,"(2.5, 1.4, 2.8)",
INJURY_RECORD,22541,9/7/2023 12:07:49 PM,b0f6e371-e548-4e1d-adc1-92891a6ca6ca,1.3,L Bicep Puncture,Military Mike Jungle Combat_2_0 Root,tourniquet,medium,leftArm,False,False,"(3.2, 1.4, 2.3)",
INJURY_RECORD,22541,9/7/2023 12:07:49 PM,b0f6e371-e548-4e1d-adc1-92891a6ca6ca,1.3,L Shoulder Puncture,Military Mike Jungle Combat_2_0 Root,woundpack,medium,chest,False,False,"(3.0, 1.5, 2.4)",
INJURY_RECORD,22541,9/7/2023 12:07:49 PM,b0f6e371-e548-4e1d-adc1-92891a6ca6ca,1.3,R Side Puncture,Military Mike Jungle Combat_2_0 Root,woundpack,medium,abdomen,False,False,"(2.8, 1.1, 2.5)",
INJURY_RECORD,22541,9/7/2023 12:07:49 PM,b0f6e371-e548-4e1d-adc1-92891a6ca6ca,1.3,L Thigh Laceration,Military Mike Jungle Combat_2_0 Root,tourniquet,medium,leftLeg,False,False,"(3.0, 0.7, 2.3)",
PLAYER_LOCATION,22976,9/7/2023 12:07:49 PM,b0f6e371-e548-4e1d-adc1-92891a6ca6ca,1.3,"(1.5, 1.7, -2.8)","(0.0, 0.0, 0.0)","(0.0, 0.0, 0.0)",
PLAYER_LOCATION,23479,9/7/2023 12:07:49 PM,b0f6e371-e548-4e1d-adc1-92891a6ca6ca,1.3,"(1.5, 1.7, -2.8)","(0.0, 0.0, 0.0)","(0.0, 0.0, 0.0)",
PLAYER_LOCATION,23985,9/7/2023 12:07:50 PM,b0f6e371-e548-4e1d-adc1-92891a6ca6ca,1.3,"(1.5, 1.7, -2.8)","(0.0, 0.0, 0.0)","(0.0, 0.0, 0.0)",
PLAYER_LOCATION,24486,9/7/2023 12:07:50 PM,b0f6e371-e548-4e1d-adc1-92891a6ca6ca,1.3,"(1.5, 1.7, -2.8)","(0.0, 0.0, 0.0)","(0.0, 0.0, 0.0)",
TELEPORT,24803,9/7/2023 12:07:51 PM,b0f6e371-e548-4e1d-adc1-92891a6ca6ca,1.3,"(1.3, 0.0, -2.8)",
PLAYER_LOCATION,24987,9/7/2023 12:07:51 PM,b0f6e371-e548-4e1d-adc1-92891a6ca6ca,1.3,"(1.4, 1.7, -2.8)","(0.0, 0.0, 0.0)","(0.0, 0.0, 0.0)",
PLAYER_LOCATION,25504,9/7/2023 12:07:52 PM,b0f6e371-e548-4e1d-adc1-92891a6ca6ca,1.3,"(1.4, 1.7, -2.7)","(0.0, 0.0, 0.0)","(0.0, 0.0, 0.0)",
PLAYER_LOCATION,26011,9/7/2023 12:07:52 PM,b0f6e371-e548-4e1d-adc1-92891a6ca6ca,1.3,"(1.4, 1.7, -2.7)","(0.0, 0.0, 0.0)","(0.0, 0.0, 0.0)",
PLAYER_LOCATION,26528,9/7/2023 12:07:53 PM,b0f6e371-e548-4e1d-adc1-92891a6ca6ca,1.3,"(1.4, 1.7, -2.7)","(0.0, 0.0, 0.0)","(0.0, 0.0, 0.0)",
PLAYER_LOCATION,27043,9/7/2023 12:07:53 PM,b0f6e371-e548-4e1d-adc1-92891a6ca6ca,1.3,"(1.4, 1.7, -2.8)","(0.0, 0.0, 0.0)","(0.0, 0.0, 0.0)",
PLAYER_GAZE,27043,9/7/2023 12:07:53 PM,b0f6e371-e548-4e1d-adc1-92891a6ca6ca,1.3,"(2.9, 0.0, 2.5)",Military Mike Jungle Combat_2_0 Root,5.696902,"(-1.5, 1.7, -5.2)",
TELEPORT,27210,9/7/2023 12:07:53 PM,b0f6e371-e548-4e1d-adc1-92891a6ca6ca,1.3,"(1.3, 0.0, -2.8)",
PLAYER_LOCATION,27560,9/7/2023 12:07:54 PM,b0f6e371-e548-4e1d-adc1-92891a6ca6ca,1.3,"(1.4, 1.7, -2.8)","(0.0, 0.0, 0.0)","(0.0, 0.0, 0.0)",
PLAYER_GAZE,27560,9/7/2023 12:07:54 PM,b0f6e371-e548-4e1d-adc1-92891a6ca6ca,1.3,"(2.9, 0.0, 2.5)",Military Mike Jungle Combat_2_0 Root,5.709177,"(-1.5, 1.7, -5.3)",
PLAYER_LOCATION,28073,9/7/2023 12:07:54 PM,b0f6e371-e548-4e1d-adc1-92891a6ca6ca,1.3,"(2.1, 1.6, 1.9)","(0.0, 0.0, 0.0)","(0.0, 0.0, 0.0)",
PLAYER_LOCATION,28589,9/7/2023 12:07:55 PM,b0f6e371-e548-4e1d-adc1-92891a6ca6ca,1.3,"(2.1, 1.6, 1.9)","(0.0, 0.0, 0.0)","(0.0, 0.0, 0.0)",
PATIENT_ENGAGED,28923,9/7/2023 12:07:55 PM,b0f6e371-e548-4e1d-adc1-92891a6ca6ca,1.3,100,Infinity,Military Mike Jungle Combat_2_0 Root,"(2.9, 0.0, 2.4)","(0.0, -0.9, 0.0, 0.4)",DELAYED,walker,normal,normal,normal,calm,standing,
PLAYER_LOCATION,29090,9/7/2023 12:07:55 PM,b0f6e371-e548-4e1d-adc1-92891a6ca6ca,1.3,"(2.1, 1.6, 1.9)","(0.0, 0.0, 0.0)","(0.0, 0.0, 0.0)",
PLAYER_GAZE,29090,9/7/2023 12:07:55 PM,b0f6e371-e548-4e1d-adc1-92891a6ca6ca,1.3,"(2.9, 0.0, 2.5)",Military Mike Jungle Combat_2_0 Root,1.949623,"(-0.8, 1.6, -0.6)",
PLAYER_LOCATION,29606,9/7/2023 12:07:56 PM,b0f6e371-e548-4e1d-adc1-92891a6ca6ca,1.3,"(2.1, 1.7, 1.8)","(0.0, 0.0, 0.0)","(0.0, 0.0, 0.0)",
PLAYER_LOCATION,30122,9/7/2023 12:07:56 PM,b0f6e371-e548-4e1d-adc1-92891a6ca6ca,1.3,"(2.2, 1.6, 1.8)","(0.0, 0.0, 0.0)","(0.0, 0.0, 0.0)",
PLAYER_LOCATION,30624,9/7/2023 12:07:57 PM,b0f6e371-e548-4e1d-adc1-92891a6ca6ca,1.3,"(2.3, 1.6, 1.8)","(0.0, 0.0, 0.0)","(0.0, 0.0, 0.0)",
PLAYER_LOCATION,31139,9/7/2023 12:07:57 PM,b0f6e371-e548-4e1d-adc1-92891a6ca6ca,1.3,"(2.3, 1.6, 1.9)","(0.0, 0.0, 0.0)","(0.0, 0.0, 0.0)",
PULSE_TAKEN,31273,9/7/2023 12:07:57 PM,b0f6e371-e548-4e1d-adc1-92891a6ca6ca,1.3,pulse_normal,Military Mike Jungle Combat_2_0 Root,
PLAYER_LOCATION,31640,9/7/2023 12:07:58 PM,b0f6e371-e548-4e1d-adc1-92891a6ca6ca,1.3,"(2.3, 1.6, 1.9)","(0.0, 0.0, 0.0)","(0.0, 0.0, 0.0)",
PULSE_TAKEN,31658,9/7/2023 12:07:58 PM,b0f6e371-e548-4e1d-adc1-92891a6ca6ca,1.3,pulse_normal,Military Mike Jungle Combat_2_0 Root,
PLAYER_LOCATION,32156,9/7/2023 12:07:58 PM,b0f6e371-e548-4e1d-adc1-92891a6ca6ca,1.3,"(2.4, 1.6, 1.9)","(0.0, 0.0, 0.0)","(0.0, 0.0, 0.0)",
PLAYER_LOCATION,32657,9/7/2023 12:07:59 PM,b0f6e371-e548-4e1d-adc1-92891a6ca6ca,1.3,"(2.4, 1.6, 1.9)","(0.0, 0.0, 0.0)","(0.0, 0.0, 0.0)",
PLAYER_LOCATION,33162,9/7/2023 12:07:59 PM,b0f6e371-e548-4e1d-adc1-92891a6ca6ca,1.3,"(2.4, 1.6, 1.9)","(0.0, 0.0, 0.0)","(0.0, 0.0, 0.0)",
PLAYER_LOCATION,33666,9/7/2023 12:08:00 PM,b0f6e371-e548-4e1d-adc1-92891a6ca6ca,1.3,"(2.4, 1.6, 1.9)","(0.0, 0.0, 0.0)","(0.0, 0.0, 0.0)",
VOICE_CAPTURE,33747,9/7/2023 12:08:00 PM,b0f6e371-e548-4e1d-adc1-92891a6ca6ca,1.3,Hurt,NA,
PLAYER_LOCATION,34167,9/7/2023 12:08:00 PM,b0f6e371-e548-4e1d-adc1-92891a6ca6ca,1.3,"(2.4, 1.5, 1.9)","(0.0, 0.0, 0.0)","(0.0, 0.0, 0.0)",
PLAYER_GAZE,34168,9/7/2023 12:08:00 PM,b0f6e371-e548-4e1d-adc1-92891a6ca6ca,1.3,"(2.9, 0.0, 2.5)",Military Mike Jungle Combat_2_0 Root,1.693654,"(-0.5, 1.5, -0.6)",
PLAYER_LOCATION,34669,9/7/2023 12:08:01 PM,b0f6e371-e548-4e1d-adc1-92891a6ca6ca,1.3,"(2.5, 1.6, 1.8)","(0.0, 0.0, 0.0)","(0.0, 0.0, 0.0)",
PLAYER_GAZE,34669,9/7/2023 12:08:01 PM,b0f6e371-e548-4e1d-adc1-92891a6ca6ca,1.3,"(2.9, 0.0, 2.5)",Military Mike Jungle Combat_2_0 Root,1.732916,"(-0.4, 1.6, -0.6)",
PLAYER_LOCATION,35172,9/7/2023 12:08:01 PM,b0f6e371-e548-4e1d-adc1-92891a6ca6ca,1.3,"(2.5, 1.6, 1.8)","(0.0, 0.0, 0.0)","(0.0, 0.0, 0.0)",
BAG_ACCESS,35648,9/7/2023 12:08:02 PM,b0f6e371-e548-4e1d-adc1-92891a6ca6ca,1.3,"(2.4, 0.8, 1.8)",
PLAYER_LOCATION,35676,9/7/2023 12:08:02 PM,b0f6e371-e548-4e1d-adc1-92891a6ca6ca,1.3,"(2.5, 1.6, 1.7)","(0.0, 0.0, 0.0)","(0.0, 0.0, 0.0)",
PLAYER_LOCATION,36190,9/7/2023 12:08:02 PM,b0f6e371-e548-4e1d-adc1-92891a6ca6ca,1.3,"(2.5, 1.6, 1.8)","(0.0, 0.0, 0.0)","(0.0, 0.0, 0.0)",
TOOL_HOVER,36225,9/7/2023 12:08:02 PM,b0f6e371-e548-4e1d-adc1-92891a6ca6ca,1.3,Tourniquet,999,
TOOL_HOVER,36242,9/7/2023 12:08:02 PM,b0f6e371-e548-4e1d-adc1-92891a6ca6ca,1.3,Tourniquet,999,
TOOL_HOVER,36258,9/7/2023 12:08:02 PM,b0f6e371-e548-4e1d-adc1-92891a6ca6ca,1.3,Tourniquet,999,
TOOL_HOVER,36281,9/7/2023 12:08:02 PM,b0f6e371-e548-4e1d-adc1-92891a6ca6ca,1.3,Tourniquet,999,
TOOL_HOVER,36291,9/7/2023 12:08:02 PM,b0f6e371-e548-4e1d-adc1-92891a6ca6ca,1.3,Tourniquet,999,
TOOL_HOVER,36307,9/7/2023 12:08:02 PM,b0f6e371-e548-4e1d-adc1-92891a6ca6ca,1.3,Tourniquet,999,
TOOL_HOVER,36323,9/7/2023 12:08:02 PM,b0f6e371-e548-4e1d-adc1-92891a6ca6ca,1.3,Tourniquet,999,
TOOL_HOVER,36339,9/7/2023 12:08:02 PM,b0f6e371-e548-4e1d-adc1-92891a6ca6ca,1.3,Tourniquet,999,
TOOL_HOVER,36356,9/7/2023 12:08:02 PM,b0f6e371-e548-4e1d-adc1-92891a6ca6ca,1.3,Tourniquet,999,
TOOL_HOVER,36373,9/7/2023 12:08:02 PM,b0f6e371-e548-4e1d-adc1-92891a6ca6ca,1.3,Tourniquet,999,
TOOL_HOVER,36389,9/7/2023 12:08:02 PM,b0f6e371-e548-4e1d-adc1-92891a6ca6ca,1.3,Tourniquet,999,
TOOL_HOVER,36407,9/7/2023 12:08:02 PM,b0f6e371-e548-4e1d-adc1-92891a6ca6ca,1.3,Tourniquet,999,
TOOL_HOVER,36424,9/7/2023 12:08:02 PM,b0f6e371-e548-4e1d-adc1-92891a6ca6ca,1.3,Tourniquet,999,
TOOL_HOVER,36439,9/7/2023 12:08:02 PM,b0f6e371-e548-4e1d-adc1-92891a6ca6ca,1.3,Tourniquet,999,
TOOL_HOVER,36456,9/7/2023 12:08:02 PM,b0f6e371-e548-4e1d-adc1-92891a6ca6ca,1.3,Tourniquet,999,
TOOL_HOVER,36475,9/7/2023 12:08:02 PM,b0f6e371-e548-4e1d-adc1-92891a6ca6ca,1.3,Tourniquet,999,
TOOL_HOVER,36489,9/7/2023 12:08:03 PM,b0f6e371-e548-4e1d-adc1-92891a6ca6ca,1.3,Tourniquet,999,
TOOL_SELECTED,36492,9/7/2023 12:08:03 PM,b0f6e371-e548-4e1d-adc1-92891a6ca6ca,1.3,Tourniquet,998,
PLAYER_LOCATION,36707,9/7/2023 12:08:03 PM,b0f6e371-e548-4e1d-adc1-92891a6ca6ca,1.3,"(2.5, 1.6, 1.8)","(0.0, 0.0, 0.0)","(0.0, 0.0, 0.0)",
PLAYER_LOCATION,37210,9/7/2023 12:08:03 PM,b0f6e371-e548-4e1d-adc1-92891a6ca6ca,1.3,"(2.5, 1.6, 1.8)","(0.0, 0.0, 0.0)","(0.0, 0.0, 0.0)",
PLAYER_LOCATION,37724,9/7/2023 12:08:04 PM,b0f6e371-e548-4e1d-adc1-92891a6ca6ca,1.3,"(2.4, 1.6, 1.8)","(0.0, 0.0, 0.0)","(0.0, 0.0, 0.0)",
VOICE_CAPTURE,38076,9/7/2023 12:08:04 PM,b0f6e371-e548-4e1d-adc1-92891a6ca6ca,1.3,are you hurt,NA,
VOICE_COMMAND,38076,9/7/2023 12:08:04 PM,b0f6e371-e548-4e1d-adc1-92891a6ca6ca,1.3,are you hurt,are you hurt,
PLAYER_LOCATION,38228,9/7/2023 12:08:04 PM,b0f6e371-e548-4e1d-adc1-92891a6ca6ca,1.3,"(2.4, 1.6, 1.9)","(0.0, 0.0, 0.0)","(0.0, 0.0, 0.0)",
INJURY_TREATED,38762,9/7/2023 12:08:05 PM,b0f6e371-e548-4e1d-adc1-92891a6ca6ca,1.3,L Bicep Puncture,Military Mike Jungle Combat_2_0 Root,tourniquet,medium,leftArm,True,False,"(2.9, 1.2, 2.3)",
TOOL_APPLIED,38762,9/7/2023 12:08:05 PM,b0f6e371-e548-4e1d-adc1-92891a6ca6ca,1.3,Military Mike Jungle Combat_2_0 Root,Tourniquet,LeftArm (UnityEngine.GameObject),tor_ring (1) (UnityEngine.GameObject),tourniquet(Clone) (UnityEngine.GameObject),AppliedTourniquet,
VOICE_CAPTURE,42907,9/7/2023 12:08:09 PM,b0f6e371-e548-4e1d-adc1-92891a6ca6ca,1.3,massive hemorrhage is my first priority I'm gonna put a tourniquet on you,NA,
TOOL_HOVER,47017,9/7/2023 12:08:13 PM,b0f6e371-e548-4e1d-adc1-92891a6ca6ca,1.3,Hemostatic Gauze,999,
TOOL_HOVER,47033,9/7/2023 12:08:13 PM,b0f6e371-e548-4e1d-adc1-92891a6ca6ca,1.3,Hemostatic Gauze,999,
TOOL_HOVER,47049,9/7/2023 12:08:13 PM,b0f6e371-e548-4e1d-adc1-92891a6ca6ca,1.3,Hemostatic Gauze,999,
TOOL_HOVER,47066,9/7/2023 12:08:13 PM,b0f6e371-e548-4e1d-adc1-92891a6ca6ca,1.3,Hemostatic Gauze,999,
TOOL_HOVER,47083,9/7/2023 12:08:13 PM,b0f6e371-e548-4e1d-adc1-92891a6ca6ca,1.3,Hemostatic Gauze,999,
TOOL_HOVER,47100,9/7/2023 12:08:13 PM,b0f6e371-e548-4e1d-adc1-92891a6ca6ca,1.3,Hemostatic Gauze,999,
TOOL_SELECTED,47101,9/7/2023 12:08:13 PM,b0f6e371-e548-4e1d-adc1-92891a6ca6ca,1.3,Hemostatic Gauze,998,
VOICE_CAPTURE,47603,9/7/2023 12:08:14 PM,b0f6e371-e548-4e1d-adc1-92891a6ca6ca,1.3,is there are bleeding here or just from your other wound,NA,
TOOL_DISCARDED,49058,9/7/2023 12:08:15 PM,b0f6e371-e548-4e1d-adc1-92891a6ca6ca,1.3,Hemostatic Gauze,998,"(2.9, 1.4, 2.3)",
INJURY_TREATED,49059,9/7/2023 12:08:15 PM,b0f6e371-e548-4e1d-adc1-92891a6ca6ca,1.3,L Shoulder Puncture,Military Mike Jungle Combat_2_0 Root,woundpack,medium,chest,True,False,"(2.9, 1.4, 2.3)",
TOOL_APPLIED,49059,9/7/2023 12:08:15 PM,b0f6e371-e548-4e1d-adc1-92891a6ca6ca,1.3,Military Mike Jungle Combat_2_0 Root,Gauze_Pack,skinCollider_BodyCollideLOD (UnityEngine.GameObject),null,null,AppliedPackingGauze,
PULSE_TAKEN,49228,9/7/2023 12:08:15 PM,b0f6e371-e548-4e1d-adc1-92891a6ca6ca,1.3,pulse_normal,Military Mike Jungle Combat_2_0 Root,
TOOL_HOVER,52922,9/7/2023 12:08:19 PM,b0f6e371-e548-4e1d-adc1-92891a6ca6ca,1.3,Hemostatic Gauze,999,
TOOL_HOVER,52939,9/7/2023 12:08:19 PM,b0f6e371-e548-4e1d-adc1-92891a6ca6ca,1.3,Hemostatic Gauze,999,
TOOL_HOVER,52956,9/7/2023 12:08:19 PM,b0f6e371-e548-4e1d-adc1-92891a6ca6ca,1.3,Hemostatic Gauze,999,
TOOL_HOVER,52974,9/7/2023 12:08:19 PM,b0f6e371-e548-4e1d-adc1-92891a6ca6ca,1.3,Hemostatic Gauze,999,
TOOL_HOVER,52989,9/7/2023 12:08:19 PM,b0f6e371-e548-4e1d-adc1-92891a6ca6ca,1.3,Hemostatic Gauze,999,
TOOL_HOVER,53006,9/7/2023 12:08:19 PM,b0f6e371-e548-4e1d-adc1-92891a6ca6ca,1.3,Hemostatic Gauze,999,
TOOL_HOVER,53023,9/7/2023 12:08:19 PM,b0f6e371-e548-4e1d-adc1-92891a6ca6ca,1.3,Hemostatic Gauze,999,
TOOL_HOVER,53039,9/7/2023 12:08:19 PM,b0f6e371-e548-4e1d-adc1-92891a6ca6ca,1.3,Hemostatic Gauze,999,
TOOL_HOVER,53056,9/7/2023 12:08:19 PM,b0f6e371-e548-4e1d-adc1-92891a6ca6ca,1.3,Hemostatic Gauze,999,
TOOL_HOVER,53072,9/7/2023 12:08:19 PM,b0f6e371-e548-4e1d-adc1-92891a6ca6ca,1.3,Hemostatic Gauze,999,
TOOL_HOVER,53089,9/7/2023 12:08:19 PM,b0f6e371-e548-4e1d-adc1-92891a6ca6ca,1.3,Hemostatic Gauze,999,
TOOL_SELECTED,53090,9/7/2023 12:08:19 PM,b0f6e371-e548-4e1d-adc1-92891a6ca6ca,1.3,Hemostatic Gauze,998,
VOICE_CAPTURE,54539,9/7/2023 12:08:21 PM,b0f6e371-e548-4e1d-adc1-92891a6ca6ca,1.3,OK it looks like it accepted that,NA,
TOOL_DISCARDED,54992,9/7/2023 12:08:21 PM,b0f6e371-e548-4e1d-adc1-92891a6ca6ca,1.3,Hemostatic Gauze,998,"(2.7, 1.1, 2.4)",
INJURY_TREATED,54992,9/7/2023 12:08:21 PM,b0f6e371-e548-4e1d-adc1-92891a6ca6ca,1.3,R Side Puncture,Military Mike Jungle Combat_2_0 Root,woundpack,medium,abdomen,True,False,"(2.7, 1.1, 2.4)",
TOOL_APPLIED,54992,9/7/2023 12:08:21 PM,b0f6e371-e548-4e1d-adc1-92891a6ca6ca,1.3,Military Mike Jungle Combat_2_0 Root,Gauze_Pack,skinCollider_BodyCollideLOD (UnityEngine.GameObject),null,null,AppliedPackingGauze,
BAG_CLOSED,56988,9/7/2023 12:08:23 PM,b0f6e371-e548-4e1d-adc1-92891a6ca6ca,1.3,"(2.4, 0.8, 1.8)",
VOICE_CAPTURE,60872,9/7/2023 12:08:27 PM,b0f6e371-e548-4e1d-adc1-92891a6ca6ca,1.3,do you have anything on your back,NA,
VOICE_CAPTURE,61611,9/7/2023 12:08:28 PM,b0f6e371-e548-4e1d-adc1-92891a6ca6ca,1.3,modbutton no,NA,
VOICE_COMMAND,61611,9/7/2023 12:08:28 PM,b0f6e371-e548-4e1d-adc1-92891a6ca6ca,1.3,modbutton no,modbutton no,
VOICE_CAPTURE,64463,9/7/2023 12:08:30 PM,b0f6e371-e548-4e1d-adc1-92891a6ca6ca,1.3,do you know where you are Sir,NA,
VOICE_COMMAND,64463,9/7/2023 12:08:30 PM,b0f6e371-e548-4e1d-adc1-92891a6ca6ca,1.3,where are you,do you know where you are Sir,
VOICE_COMMAND,64463,9/7/2023 12:08:30 PM,b0f6e371-e548-4e1d-adc1-92891a6ca6ca,1.3,where are you,do you know where you are Sir,
VOICE_CAPTURE,65877,9/7/2023 12:08:32 PM,b0f6e371-e548-4e1d-adc1-92891a6ca6ca,1.3,what is your name,NA,
VOICE_COMMAND,65877,9/7/2023 12:08:32 PM,b0f6e371-e548-4e1d-adc1-92891a6ca6ca,1.3,what is your name,what is your name,
VOICE_CAPTURE,66747,9/7/2023 12:08:33 PM,b0f6e371-e548-4e1d-adc1-92891a6ca6ca,1.3,tell me your name,NA,
VOICE_COMMAND,66747,9/7/2023 12:08:33 PM,b0f6e371-e548-4e1d-adc1-92891a6ca6ca,1.3,what is your name,tell me your name,
VOICE_CAPTURE,72436,9/7/2023 12:08:38 PM,b0f6e371-e548-4e1d-adc1-92891a6ca6ca,1.3,Michael you sure get around,NA,
BAG_ACCESS,72771,9/7/2023 12:08:39 PM,b0f6e371-e548-4e1d-adc1-92891a6ca6ca,1.3,"(2.4, 0.8, 1.6)",
TOOL_HOVER,73321,9/7/2023 12:08:39 PM,b0f6e371-e548-4e1d-adc1-92891a6ca6ca,1.3,Tourniquet,998,
TOOL_HOVER,73337,9/7/2023 12:08:39 PM,b0f6e371-e548-4e1d-adc1-92891a6ca6ca,1.3,Tourniquet,998,
TOOL_HOVER,73354,9/7/2023 12:08:39 PM,b0f6e371-e548-4e1d-adc1-92891a6ca6ca,1.3,Tourniquet,998,
TOOL_HOVER,73374,9/7/2023 12:08:39 PM,b0f6e371-e548-4e1d-adc1-92891a6ca6ca,1.3,Tourniquet,998,
TOOL_HOVER,73388,9/7/2023 12:08:39 PM,b0f6e371-e548-4e1d-adc1-92891a6ca6ca,1.3,Tourniquet,998,
TOOL_HOVER,73404,9/7/2023 12:08:39 PM,b0f6e371-e548-4e1d-adc1-92891a6ca6ca,1.3,Tourniquet,998,
TOOL_HOVER,73421,9/7/2023 12:08:39 PM,b0f6e371-e548-4e1d-adc1-92891a6ca6ca,1.3,Tourniquet,998,
TOOL_HOVER,73437,9/7/2023 12:08:39 PM,b0f6e371-e548-4e1d-adc1-92891a6ca6ca,1.3,Tourniquet,998,
TOOL_HOVER,73454,9/7/2023 12:08:39 PM,b0f6e371-e548-4e1d-adc1-92891a6ca6ca,1.3,Tourniquet,998,
TOOL_HOVER,73472,9/7/2023 12:08:39 PM,b0f6e371-e548-4e1d-adc1-92891a6ca6ca,1.3,Tourniquet,998,
TOOL_HOVER,73488,9/7/2023 12:08:40 PM,b0f6e371-e548-4e1d-adc1-92891a6ca6ca,1.3,Tourniquet,998,
TOOL_HOVER,73504,9/7/2023 12:08:40 PM,b0f6e371-e548-4e1d-adc1-92891a6ca6ca,1.3,Tourniquet,998,
TOOL_HOVER,73521,9/7/2023 12:08:40 PM,b0f6e371-e548-4e1d-adc1-92891a6ca6ca,1.3,Tourniquet,998,
TOOL_HOVER,73538,9/7/2023 12:08:40 PM,b0f6e371-e548-4e1d-adc1-92891a6ca6ca,1.3,Tourniquet,998,
TOOL_HOVER,73564,9/7/2023 12:08:40 PM,b0f6e371-e548-4e1d-adc1-92891a6ca6ca,1.3,Tourniquet,998,
TOOL_HOVER,73573,9/7/2023 12:08:40 PM,b0f6e371-e548-4e1d-adc1-92891a6ca6ca,1.3,Tourniquet,998,
TOOL_SELECTED,73574,9/7/2023 12:08:40 PM,b0f6e371-e548-4e1d-adc1-92891a6ca6ca,1.3,Tourniquet,997,
VOICE_CAPTURE,74683,9/7/2023 12:08:41 PM,b0f6e371-e548-4e1d-adc1-92891a6ca6ca,1.3,can you lay down for me,NA,
VOICE_COMMAND,74683,9/7/2023 12:08:41 PM,b0f6e371-e548-4e1d-adc1-92891a6ca6ca,1.3,lay down,can you lay down for me,
VOICE_CAPTURE,77238,9/7/2023 12:08:43 PM,b0f6e371-e548-4e1d-adc1-92891a6ca6ca,1.3,lay on the ground,NA,
INJURY_TREATED,79962,9/7/2023 12:08:46 PM,b0f6e371-e548-4e1d-adc1-92891a6ca6ca,1.3,L Thigh Laceration,Military Mike Jungle Combat_2_0 Root,tourniquet,medium,leftLeg,True,False,"(3.1, 0.2, 2.5)",
TOOL_APPLIED,79962,9/7/2023 12:08:46 PM,b0f6e371-e548-4e1d-adc1-92891a6ca6ca,1.3,Military Mike Jungle Combat_2_0 Root,Tourniquet,LeftUpLeg (UnityEngine.GameObject),tor_ring (1) (UnityEngine.GameObject),tourniquet(Clone) (UnityEngine.GameObject),AppliedTourniquet,
VOICE_CAPTURE,81480,9/7/2023 12:08:47 PM,b0f6e371-e548-4e1d-adc1-92891a6ca6ca,1.3,you're losing a lot of them make sure you don't pass out,NA,
BAG_CLOSED,83015,9/7/2023 12:08:49 PM,b0f6e371-e548-4e1d-adc1-92891a6ca6ca,1.3,"(2.4, 0.8, 1.6)",
VOICE_CAPTURE,84549,9/7/2023 12:08:51 PM,b0f6e371-e548-4e1d-adc1-92891a6ca6ca,1.3,OK we stopped the bleeding there,NA,
PULSE_TAKEN,85287,9/7/2023 12:08:51 PM,b0f6e371-e548-4e1d-adc1-92891a6ca6ca,1.3,pulse_normal,Military Mike Jungle Combat_2_0 Root,
PULSE_TAKEN,85940,9/7/2023 12:08:52 PM,b0f6e371-e548-4e1d-adc1-92891a6ca6ca,1.3,pulse_normal,Military Mike Jungle Combat_2_0 Root,
VOICE_CAPTURE,86607,9/7/2023 12:08:53 PM,b0f6e371-e548-4e1d-adc1-92891a6ca6ca,1.3,we packed that,NA,
PULSE_TAKEN,87673,9/7/2023 12:08:54 PM,b0f6e371-e548-4e1d-adc1-92891a6ca6ca,1.3,pulse_normal,Military Mike Jungle Combat_2_0 Root,
BAG_ACCESS,91470,9/7/2023 12:08:57 PM,b0f6e371-e548-4e1d-adc1-92891a6ca6ca,1.3,"(2.3, 0.5, 2.4)",
VOICE_CAPTURE,92790,9/7/2023 12:08:59 PM,b0f6e371-e548-4e1d-adc1-92891a6ca6ca,1.3,alright they're gonna get you outta here Michael OK,NA,
TOOL_HOVER,93623,9/7/2023 12:09:00 PM,b0f6e371-e548-4e1d-adc1-92891a6ca6ca,1.3,Gauze,999,
TOOL_HOVER,93640,9/7/2023 12:09:00 PM,b0f6e371-e548-4e1d-adc1-92891a6ca6ca,1.3,Gauze,999,
TOOL_HOVER,93657,9/7/2023 12:09:00 PM,b0f6e371-e548-4e1d-adc1-92891a6ca6ca,1.3,Gauze,999,
TOOL_HOVER,93674,9/7/2023 12:09:00 PM,b0f6e371-e548-4e1d-adc1-92891a6ca6ca,1.3,Gauze,999,
TOOL_HOVER,93690,9/7/2023 12:09:00 PM,b0f6e371-e548-4e1d-adc1-92891a6ca6ca,1.3,Gauze,999,
TOOL_HOVER,93707,9/7/2023 12:09:00 PM,b0f6e371-e548-4e1d-adc1-92891a6ca6ca,1.3,Gauze,999,
TOOL_HOVER,93723,9/7/2023 12:09:00 PM,b0f6e371-e548-4e1d-adc1-92891a6ca6ca,1.3,Gauze,999,
TOOL_HOVER,93740,9/7/2023 12:09:00 PM,b0f6e371-e548-4e1d-adc1-92891a6ca6ca,1.3,Gauze,999,
TOOL_HOVER,93756,9/7/2023 12:09:00 PM,b0f6e371-e548-4e1d-adc1-92891a6ca6ca,1.3,Gauze,999,
TOOL_HOVER,93773,9/7/2023 12:09:00 PM,b0f6e371-e548-4e1d-adc1-92891a6ca6ca,1.3,Gauze,999,
TOOL_HOVER,93789,9/7/2023 12:09:00 PM,b0f6e371-e548-4e1d-adc1-92891a6ca6ca,1.3,Gauze,999,
TOOL_HOVER,93807,9/7/2023 12:09:00 PM,b0f6e371-e548-4e1d-adc1-92891a6ca6ca,1.3,Gauze,999,
TOOL_HOVER,93823,9/7/2023 12:09:00 PM,b0f6e371-e548-4e1d-adc1-92891a6ca6ca,1.3,Gauze,999,
TOOL_HOVER,93840,9/7/2023 12:09:00 PM,b0f6e371-e548-4e1d-adc1-92891a6ca6ca,1.3,Gauze,999,
TOOL_HOVER,93856,9/7/2023 12:09:00 PM,b0f6e371-e548-4e1d-adc1-92891a6ca6ca,1.3,Gauze,999,
TOOL_HOVER,93874,9/7/2023 12:09:00 PM,b0f6e371-e548-4e1d-adc1-92891a6ca6ca,1.3,Gauze,999,
TOOL_HOVER,93890,9/7/2023 12:09:00 PM,b0f6e371-e548-4e1d-adc1-92891a6ca6ca,1.3,Gauze,999,
TOOL_HOVER,93907,9/7/2023 12:09:00 PM,b0f6e371-e548-4e1d-adc1-92891a6ca6ca,1.3,Gauze,999,
TOOL_HOVER,93923,9/7/2023 12:09:00 PM,b0f6e371-e548-4e1d-adc1-92891a6ca6ca,1.3,Gauze,999,
TOOL_HOVER,93940,9/7/2023 12:09:00 PM,b0f6e371-e548-4e1d-adc1-92891a6ca6ca,1.3,Gauze,999,
TOOL_HOVER,93956,9/7/2023 12:09:00 PM,b0f6e371-e548-4e1d-adc1-92891a6ca6ca,1.3,Gauze,999,
TOOL_HOVER,93973,9/7/2023 12:09:00 PM,b0f6e371-e548-4e1d-adc1-92891a6ca6ca,1.3,Gauze,999,
TOOL_HOVER,93989,9/7/2023 12:09:00 PM,b0f6e371-e548-4e1d-adc1-92891a6ca6ca,1.3,Gauze,999,
TOOL_HOVER,94006,9/7/2023 12:09:00 PM,b0f6e371-e548-4e1d-adc1-92891a6ca6ca,1.3,Gauze,999,
BAG_CLOSED,94915,9/7/2023 12:09:01 PM,b0f6e371-e548-4e1d-adc1-92891a6ca6ca,1.3,"(2.3, 0.5, 2.4)",
VOICE_CAPTURE,95114,9/7/2023 12:09:01 PM,b0f6e371-e548-4e1d-adc1-92891a6ca6ca,1.3,modbutton im okay,NA,
VOICE_COMMAND,95114,9/7/2023 12:09:01 PM,b0f6e371-e548-4e1d-adc1-92891a6ca6ca,1.3,modbutton im okay,modbutton im okay,
TELEPORT,97120,9/7/2023 12:09:03 PM,b0f6e371-e548-4e1d-adc1-92891a6ca6ca,1.3,"(1.9, 0.0, 1.9)",
VOICE_CAPTURE,99301,9/7/2023 12:09:05 PM,b0f6e371-e548-4e1d-adc1-92891a6ca6ca,1.3,alright so that's the tutorial,NA,
SESSION_END,102934,9/7/2023 12:09:09 PM,b0f6e371-e548-4e1d-adc1-92891a6ca6ca,1.3,
VOICE_CAPTURE,109727,9/7/2023 12:09:16 PM,b0f6e371-e548-4e1d-adc1-92891a6ca6ca,1.3,oh I forgot to tag Michael,NA,
PATIENT_DEMOTED,126519,9/7/2023 12:09:33 PM,b0f6e371-e548-4e1d-adc1-92891a6ca6ca,1.3,100,Infinity,Military Mike Jungle Burned_0 Root,"(-0.2, 0.0, -21.6)","(0.0, 0.4, 0.0, 0.9)",IMMEDIATE,waver,normal,normal,normal,upset,supine,
PATIENT_DEMOTED,127054,9/7/2023 12:09:33 PM,b0f6e371-e548-4e1d-adc1-92891a6ca6ca,1.3,100,Infinity,Military Mike Jungle Burned_0 Root,"(-0.2, 0.3, -21.1)","(0.0, 0.4, 0.0, 0.9)",EXPECTANT,still,fast,fast,normal,dead,supine,
PATIENT_DEMOTED,127710,9/7/2023 12:09:34 PM,b0f6e371-e548-4e1d-adc1-92891a6ca6ca,1.3,100,0,Intelligence Officer Burned_Gary_1 Root,"(-2.2, 0.3, -22.4)","(0.0, -0.7, 0.0, 0.7)",IMMEDIATE,waver,fast,fast,normal,agony,fetal,
PATIENT_DEMOTED,127999,9/7/2023 12:09:34 PM,b0f6e371-e548-4e1d-adc1-92891a6ca6ca,1.3,100,Infinity,Military Mike Jungle Combat_3_2 Root,"(-1.1, 0.0, -22.0)","(0.0, -0.4, 0.0, 0.9)",IMMEDIATE,waver,fast,fast,normal,agony,fetal,
PATIENT_DEMOTED,129036,9/7/2023 12:09:35 PM,b0f6e371-e548-4e1d-adc1-92891a6ca6ca,1.3,100,128,Military Mike Jungle Scout_1_3 Root,"(0.7, 0.3, 3.9)","(0.0, -0.7, 0.0, 0.7)",DELAYED,still,fast,fast,normal,calm,supine,
PATIENT_DEMOTED,129690,9/7/2023 12:09:36 PM,b0f6e371-e548-4e1d-adc1-92891a6ca6ca,1.3,100,Infinity,Asian Bob_4 Root,"(2.9, 0.0, 2.3)","(0.0, -0.7, 0.0, 0.7)",DELAYED,still,faint,normal,none,calm,fetal,
SESSION_START,132325,9/7/2023 12:09:38 PM,b0f6e371-e548-4e1d-adc1-92891a6ca6ca,1.3,
PATIENT_RECORD,132326,9/7/2023 12:09:38 PM,b0f6e371-e548-4e1d-adc1-92891a6ca6ca,1.3,100,Infinity,Military Mike Jungle Burned_0 Root,"(-0.2, 0.3, -21.1)","(0.0, 0.4, 0.0, 0.9)",EXPECTANT,still,fast,fast,normal,dead,supine,
INJURY_RECORD,132326,9/7/2023 12:09:38 PM,b0f6e371-e548-4e1d-adc1-92891a6ca6ca,1.3,L Neck Puncture,Military Mike Jungle Burned_0 Root,woundpack,high,neck,False,False,"(-0.2, 1.8, -21.0)",
PATIENT_RECORD,132326,9/7/2023 12:09:38 PM,b0f6e371-e548-4e1d-adc1-92891a6ca6ca,1.3,100,0,Intelligence Officer Burned_Gary_1 Root,"(-2.2, 0.3, -22.4)","(0.0, -0.7, 0.0, 0.7)",IMMEDIATE,waver,fast,fast,normal,agony,fetal,
PATIENT_RECORD,132326,9/7/2023 12:09:38 PM,b0f6e371-e548-4e1d-adc1-92891a6ca6ca,1.3,100,Infinity,Military Mike Jungle Combat_3_2 Root,"(-4.2, 0.2, -21.5)","(0.0, -0.4, 0.0, 0.9)",IMMEDIATE,waver,fast,fast,normal,agony,fetal,
INJURY_RECORD,132326,9/7/2023 12:09:38 PM,b0f6e371-e548-4e1d-adc1-92891a6ca6ca,1.3,R Shin Amputation,Military Mike Jungle Combat_3_2 Root,tourniquet,high,rightLeg,False,False,"(-4.1, 0.6, -21.4)",
PATIENT_RECORD,132326,9/7/2023 12:09:38 PM,b0f6e371-e548-4e1d-adc1-92891a6ca6ca,1.3,100,128,Military Mike Jungle Scout_1_3 Root,"(0.7, 0.3, 3.9)","(0.0, -0.7, 0.0, 0.7)",DELAYED,still,fast,fast,normal,calm,supine,
PATIENT_RECORD,132326,9/7/2023 12:09:38 PM,b0f6e371-e548-4e1d-adc1-92891a6ca6ca,1.3,100,Infinity,Asian Bob_4 Root,"(2.9, 0.0, 2.3)","(0.0, -0.7, 0.0, 0.7)",DELAYED,still,faint,normal,none,calm,fetal,
PATIENT_RECORD,132326,9/7/2023 12:09:38 PM,b0f6e371-e548-4e1d-adc1-92891a6ca6ca,1.3,100,128,Military Mike Jungle Combat_1_5 Root,"(-3.8, 0.2, -14.5)","(0.0, 0.1, 0.0, 1.0)",MINIMAL,waver,normal,normal,normal,calm,standing,
TELEPORT,137305,9/7/2023 12:09:43 PM,b0f6e371-e548-4e1d-adc1-92891a6ca6ca,1.3,"(0.3, 0.0, -7.3)",
TELEPORT,139714,9/7/2023 12:09:46 PM,b0f6e371-e548-4e1d-adc1-92891a6ca6ca,1.3,"(-0.6, 0.1, -9.9)",
TELEPORT,141796,9/7/2023 12:09:48 PM,b0f6e371-e548-4e1d-adc1-92891a6ca6ca,1.3,"(-0.6, 0.1, -9.9)",
TELEPORT,142904,9/7/2023 12:09:49 PM,b0f6e371-e548-4e1d-adc1-92891a6ca6ca,1.3,"(-0.6, 0.1, -9.9)",
TELEPORT,144020,9/7/2023 12:09:50 PM,b0f6e371-e548-4e1d-adc1-92891a6ca6ca,1.3,"(-0.7, 0.3, -13.0)",
TELEPORT,147126,9/7/2023 12:09:53 PM,b0f6e371-e548-4e1d-adc1-92891a6ca6ca,1.3,"(-0.4, 0.4, -14.8)",
TELEPORT,148841,9/7/2023 12:09:55 PM,b0f6e371-e548-4e1d-adc1-92891a6ca6ca,1.3,"(-0.4, 0.4, -14.8)",
BAG_ACCESS,153711,9/7/2023 12:10:00 PM,b0f6e371-e548-4e1d-adc1-92891a6ca6ca,1.3,"(-4.6, 1.0, -20.9)",
VOICE_CAPTURE,154143,9/7/2023 12:10:00 PM,b0f6e371-e548-4e1d-adc1-92891a6ca6ca,1.3,I see you're hurt,NA,
VOICE_COMMAND,154144,9/7/2023 12:10:00 PM,b0f6e371-e548-4e1d-adc1-92891a6ca6ca,1.3,are you hurt,I see you're hurt,
TOOL_HOVER,154418,9/7/2023 12:10:00 PM,b0f6e371-e548-4e1d-adc1-92891a6ca6ca,1.3,Tourniquet,997,
TOOL_HOVER,154430,9/7/2023 12:10:00 PM,b0f6e371-e548-4e1d-adc1-92891a6ca6ca,1.3,Tourniquet,997,
TOOL_HOVER,154438,9/7/2023 12:10:00 PM,b0f6e371-e548-4e1d-adc1-92891a6ca6ca,1.3,Tourniquet,997,
TOOL_HOVER,154448,9/7/2023 12:10:00 PM,b0f6e371-e548-4e1d-adc1-92891a6ca6ca,1.3,Tourniquet,997,
TOOL_HOVER,154457,9/7/2023 12:10:00 PM,b0f6e371-e548-4e1d-adc1-92891a6ca6ca,1.3,Tourniquet,997,
TOOL_HOVER,154467,9/7/2023 12:10:00 PM,b0f6e371-e548-4e1d-adc1-92891a6ca6ca,1.3,Tourniquet,997,
TOOL_HOVER,154473,9/7/2023 12:10:00 PM,b0f6e371-e548-4e1d-adc1-92891a6ca6ca,1.3,Tourniquet,997,
TOOL_HOVER,154481,9/7/2023 12:10:00 PM,b0f6e371-e548-4e1d-adc1-92891a6ca6ca,1.3,Tourniquet,997,
TOOL_HOVER,154491,9/7/2023 12:10:01 PM,b0f6e371-e548-4e1d-adc1-92891a6ca6ca,1.3,Tourniquet,997,
TOOL_HOVER,154500,9/7/2023 12:10:01 PM,b0f6e371-e548-4e1d-adc1-92891a6ca6ca,1.3,Tourniquet,997,
TOOL_HOVER,154508,9/7/2023 12:10:01 PM,b0f6e371-e548-4e1d-adc1-92891a6ca6ca,1.3,Tourniquet,997,
TOOL_HOVER,154514,9/7/2023 12:10:01 PM,b0f6e371-e548-4e1d-adc1-92891a6ca6ca,1.3,Tourniquet,997,
TOOL_HOVER,154521,9/7/2023 12:10:01 PM,b0f6e371-e548-4e1d-adc1-92891a6ca6ca,1.3,Tourniquet,997,
TOOL_HOVER,154533,9/7/2023 12:10:01 PM,b0f6e371-e548-4e1d-adc1-92891a6ca6ca,1.3,Tourniquet,997,
TOOL_HOVER,154542,9/7/2023 12:10:01 PM,b0f6e371-e548-4e1d-adc1-92891a6ca6ca,1.3,Tourniquet,997,
TOOL_HOVER,154549,9/7/2023 12:10:01 PM,b0f6e371-e548-4e1d-adc1-92891a6ca6ca,1.3,Tourniquet,997,
TOOL_HOVER,154556,9/7/2023 12:10:01 PM,b0f6e371-e548-4e1d-adc1-92891a6ca6ca,1.3,Tourniquet,997,
TOOL_HOVER,154563,9/7/2023 12:10:01 PM,b0f6e371-e548-4e1d-adc1-92891a6ca6ca,1.3,Tourniquet,997,
TOOL_HOVER,154575,9/7/2023 12:10:01 PM,b0f6e371-e548-4e1d-adc1-92891a6ca6ca,1.3,Tourniquet,997,
TOOL_HOVER,154581,9/7/2023 12:10:01 PM,b0f6e371-e548-4e1d-adc1-92891a6ca6ca,1.3,Tourniquet,997,
TOOL_HOVER,154599,9/7/2023 12:10:01 PM,b0f6e371-e548-4e1d-adc1-92891a6ca6ca,1.3,Tourniquet,997,
TOOL_HOVER,154607,9/7/2023 12:10:01 PM,b0f6e371-e548-4e1d-adc1-92891a6ca6ca,1.3,Tourniquet,997,
TOOL_HOVER,154613,9/7/2023 12:10:01 PM,b0f6e371-e548-4e1d-adc1-92891a6ca6ca,1.3,Tourniquet,997,
TOOL_SELECTED,154614,9/7/2023 12:10:01 PM,b0f6e371-e548-4e1d-adc1-92891a6ca6ca,1.3,Tourniquet,996,
PATIENT_ENGAGED,154823,9/7/2023 12:10:01 PM,b0f6e371-e548-4e1d-adc1-92891a6ca6ca,1.3,100,Infinity,Military Mike Jungle Combat_3_2 Root,"(-4.2, 0.2, -21.5)","(0.0, -0.4, 0.0, 0.9)",IMMEDIATE,waver,fast,fast,normal,agony,fetal,
INJURY_TREATED,156500,9/7/2023 12:10:03 PM,b0f6e371-e548-4e1d-adc1-92891a6ca6ca,1.3,R Shin Amputation,Military Mike Jungle Combat_3_2 Root,tourniquet,high,rightLeg,True,False,"(-4.5, 0.4, -21.5)",
TOOL_APPLIED,156500,9/7/2023 12:10:03 PM,b0f6e371-e548-4e1d-adc1-92891a6ca6ca,1.3,Military Mike Jungle Combat_3_2 Root,Tourniquet,RightUpLeg (UnityEngine.GameObject),tor_ring (1) (UnityEngine.GameObject),tourniquet(Clone) (UnityEngine.GameObject),AppliedTourniquet,
PULSE_TAKEN,159430,9/7/2023 12:10:05 PM,b0f6e371-e548-4e1d-adc1-92891a6ca6ca,1.3,pulse_fast,Military Mike Jungle Combat_3_2 Root,
VOICE_CAPTURE,166202,9/7/2023 12:10:12 PM,b0f6e371-e548-4e1d-adc1-92891a6ca6ca,1.3,OK your airway is intact let me check your pulse OK you have a good pulse,NA,
VOICE_CAPTURE,169491,9/7/2023 12:10:16 PM,b0f6e371-e548-4e1d-adc1-92891a6ca6ca,1.3,any chest wound lay on your back for me,NA,
VOICE_COMMAND,169491,9/7/2023 12:10:16 PM,b0f6e371-e548-4e1d-adc1-92891a6ca6ca,1.3,lay down,any chest wound lay on your back for me,
BAG_CLOSED,172411,9/7/2023 12:10:18 PM,b0f6e371-e548-4e1d-adc1-92891a6ca6ca,1.3,"(-4.6, 1.0, -20.9)",
VOICE_CAPTURE,173444,9/7/2023 12:10:19 PM,b0f6e371-e548-4e1d-adc1-92891a6ca6ca,1.3,OK,NA,
BAG_ACCESS,174486,9/7/2023 12:10:20 PM,b0f6e371-e548-4e1d-adc1-92891a6ca6ca,1.3,"(-4.7, 1.0, -20.9)",
TAG_SELECTED,174908,9/7/2023 12:10:21 PM,b0f6e371-e548-4e1d-adc1-92891a6ca6ca,1.3,red,
VOICE_CAPTURE,175853,9/7/2023 12:10:22 PM,b0f6e371-e548-4e1d-adc1-92891a6ca6ca,1.3,I don't see any other wounds,NA,
TAG_APPLIED,176488,9/7/2023 12:10:23 PM,b0f6e371-e548-4e1d-adc1-92891a6ca6ca,1.3,Military Mike Jungle Combat_3_2 Root,red,
BAG_CLOSED,177221,9/7/2023 12:10:23 PM,b0f6e371-e548-4e1d-adc1-92891a6ca6ca,1.3,"(-4.7, 1.0, -20.9)",
TELEPORT,177221,9/7/2023 12:10:23 PM,b0f6e371-e548-4e1d-adc1-92891a6ca6ca,1.3,"(-1.7, 0.1, -17.2)",
TELEPORT,180314,9/7/2023 12:10:26 PM,b0f6e371-e548-4e1d-adc1-92891a6ca6ca,1.3,"(-1.7, 0.1, -17.2)",
TELEPORT,184437,9/7/2023 12:10:30 PM,b0f6e371-e548-4e1d-adc1-92891a6ca6ca,1.3,"(2.6, 0.5, -15.5)",
PATIENT_ENGAGED,184773,9/7/2023 12:10:31 PM,b0f6e371-e548-4e1d-adc1-92891a6ca6ca,1.3,100,Infinity,Military Mike Jungle Burned_0 Root,"(-0.2, 0.4, -21.1)","(0.0, 0.4, 0.0, 0.9)",EXPECTANT,still,fast,fast,normal,dead,supine,
BAG_ACCESS,186746,9/7/2023 12:10:33 PM,b0f6e371-e548-4e1d-adc1-92891a6ca6ca,1.3,"(0.0, 0.9, -21.1)",
PULSE_TAKEN,188277,9/7/2023 12:10:34 PM,b0f6e371-e548-4e1d-adc1-92891a6ca6ca,1.3,pulse_fast,Military Mike Jungle Burned_0 Root,
VOICE_CAPTURE,190832,9/7/2023 12:10:37 PM,b0f6e371-e548-4e1d-adc1-92891a6ca6ca,1.3,do you have a pulse,NA,
TOOL_HOVER,192152,9/7/2023 12:10:38 PM,b0f6e371-e548-4e1d-adc1-92891a6ca6ca,1.3,Hemostatic Gauze,999,
TOOL_HOVER,192161,9/7/2023 12:10:38 PM,b0f6e371-e548-4e1d-adc1-92891a6ca6ca,1.3,Hemostatic Gauze,999,
TOOL_HOVER,192168,9/7/2023 12:10:38 PM,b0f6e371-e548-4e1d-adc1-92891a6ca6ca,1.3,Hemostatic Gauze,999,
TOOL_HOVER,192189,9/7/2023 12:10:38 PM,b0f6e371-e548-4e1d-adc1-92891a6ca6ca,1.3,Hemostatic Gauze,999,
TOOL_HOVER,192218,9/7/2023 12:10:38 PM,b0f6e371-e548-4e1d-adc1-92891a6ca6ca,1.3,Hemostatic Gauze,999,
TOOL_HOVER,192226,9/7/2023 12:10:38 PM,b0f6e371-e548-4e1d-adc1-92891a6ca6ca,1.3,Hemostatic Gauze,999,
TOOL_HOVER,192235,9/7/2023 12:10:38 PM,b0f6e371-e548-4e1d-adc1-92891a6ca6ca,1.3,Hemostatic Gauze,999,
TOOL_HOVER,192243,9/7/2023 12:10:38 PM,b0f6e371-e548-4e1d-adc1-92891a6ca6ca,1.3,Hemostatic Gauze,999,
TOOL_HOVER,192252,9/7/2023 12:10:38 PM,b0f6e371-e548-4e1d-adc1-92891a6ca6ca,1.3,Hemostatic Gauze,999,
TOOL_HOVER,192262,9/7/2023 12:10:38 PM,b0f6e371-e548-4e1d-adc1-92891a6ca6ca,1.3,Hemostatic Gauze,999,
TOOL_HOVER,192270,9/7/2023 12:10:38 PM,b0f6e371-e548-4e1d-adc1-92891a6ca6ca,1.3,Hemostatic Gauze,999,
TOOL_SELECTED,192271,9/7/2023 12:10:38 PM,b0f6e371-e548-4e1d-adc1-92891a6ca6ca,1.3,Hemostatic Gauze,998,
VOICE_CAPTURE,192946,9/7/2023 12:10:39 PM,b0f6e371-e548-4e1d-adc1-92891a6ca6ca,1.3,still has a pulse,NA,
TOOL_DISCARDED,194185,9/7/2023 12:10:40 PM,b0f6e371-e548-4e1d-adc1-92891a6ca6ca,1.3,Hemostatic Gauze,998,"(-0.2, 0.6, -21.9)",
INJURY_TREATED,194185,9/7/2023 12:10:40 PM,b0f6e371-e548-4e1d-adc1-92891a6ca6ca,1.3,L Neck Puncture,Military Mike Jungle Burned_0 Root,woundpack,high,neck,True,False,"(-0.2, 0.6, -21.9)",
TOOL_APPLIED,194185,9/7/2023 12:10:40 PM,b0f6e371-e548-4e1d-adc1-92891a6ca6ca,1.3,Military Mike Jungle Burned_0 Root,Gauze_Pack,skinCollider_BodyCollideLOD (UnityEngine.GameObject),null,null,AppliedPackingGauze,
VOICE_CAPTURE,195575,9/7/2023 12:10:42 PM,b0f6e371-e548-4e1d-adc1-92891a6ca6ca,1.3,let's see if we can pack this,NA,
PULSE_TAKEN,195733,9/7/2023 12:10:42 PM,b0f6e371-e548-4e1d-adc1-92891a6ca6ca,1.3,pulse_fast,Military Mike Jungle Burned_0 Root,
PULSE_TAKEN,198133,9/7/2023 12:10:44 PM,b0f6e371-e548-4e1d-adc1-92891a6ca6ca,1.3,pulse_fast,Military Mike Jungle Burned_0 Root,
VOICE_CAPTURE,201334,9/7/2023 12:10:47 PM,b0f6e371-e548-4e1d-adc1-92891a6ca6ca,1.3,he is breathing,NA,
TOOL_HOVER,205216,9/7/2023 12:10:51 PM,b0f6e371-e548-4e1d-adc1-92891a6ca6ca,1.3,Gauze,999,
TOOL_SELECTED,205216,9/7/2023 12:10:51 PM,b0f6e371-e548-4e1d-adc1-92891a6ca6ca,1.3,Gauze,998,
TOOL_DISCARDED,206852,9/7/2023 12:10:53 PM,b0f6e371-e548-4e1d-adc1-92891a6ca6ca,1.3,Gauze,998,"(0.1, 0.5, -21.5)",
TOOL_APPLIED,206853,9/7/2023 12:10:53 PM,b0f6e371-e548-4e1d-adc1-92891a6ca6ca,1.3,Military Mike Jungle Burned_0 Root,Gauze_Dressing,skinCollider_BodyCollideLOD (UnityEngine.GameObject),null,null,AppliedDressingGauze,
PULSE_TAKEN,209959,9/7/2023 12:10:56 PM,b0f6e371-e548-4e1d-adc1-92891a6ca6ca,1.3,pulse_fast,Military Mike Jungle Burned_0 Root,
TOOL_HOVER,213325,9/7/2023 12:10:59 PM,b0f6e371-e548-4e1d-adc1-92891a6ca6ca,1.3,Gauze,999,
TOOL_HOVER,213331,9/7/2023 12:10:59 PM,b0f6e371-e548-4e1d-adc1-92891a6ca6ca,1.3,Gauze,999,
TOOL_HOVER,213339,9/7/2023 12:10:59 PM,b0f6e371-e548-4e1d-adc1-92891a6ca6ca,1.3,Gauze,999,
TOOL_HOVER,213352,9/7/2023 12:10:59 PM,b0f6e371-e548-4e1d-adc1-92891a6ca6ca,1.3,Gauze,999,
TOOL_HOVER,213360,9/7/2023 12:10:59 PM,b0f6e371-e548-4e1d-adc1-92891a6ca6ca,1.3,Gauze,999,
TOOL_HOVER,213368,9/7/2023 12:10:59 PM,b0f6e371-e548-4e1d-adc1-92891a6ca6ca,1.3,Gauze,999,
TOOL_HOVER,213375,9/7/2023 12:10:59 PM,b0f6e371-e548-4e1d-adc1-92891a6ca6ca,1.3,Gauze,999,
TOOL_SELECTED,213376,9/7/2023 12:10:59 PM,b0f6e371-e548-4e1d-adc1-92891a6ca6ca,1.3,Gauze,998,
TOOL_DISCARDED,214159,9/7/2023 12:11:00 PM,b0f6e371-e548-4e1d-adc1-92891a6ca6ca,1.3,Gauze,998,"(-0.6, 0.5, -20.8)",
TOOL_APPLIED,214159,9/7/2023 12:11:00 PM,b0f6e371-e548-4e1d-adc1-92891a6ca6ca,1.3,Military Mike Jungle Burned_0 Root,Gauze_Dressing,skinCollider_BodyCollideLOD (UnityEngine.GameObject),null,null,AppliedDressingGauze,
PULSE_TAKEN,215946,9/7/2023 12:11:02 PM,b0f6e371-e548-4e1d-adc1-92891a6ca6ca,1.3,pulse_fast,Military Mike Jungle Burned_0 Root,
VOICE_CAPTURE,222873,9/7/2023 12:11:09 PM,b0f6e371-e548-4e1d-adc1-92891a6ca6ca,1.3,Well we packed the wound,NA,
TOOL_HOVER,223012,9/7/2023 12:11:09 PM,b0f6e371-e548-4e1d-adc1-92891a6ca6ca,1.3,Needle,999,
TOOL_HOVER,223020,9/7/2023 12:11:09 PM,b0f6e371-e548-4e1d-adc1-92891a6ca6ca,1.3,Needle,999,
TOOL_HOVER,223031,9/7/2023 12:11:09 PM,b0f6e371-e548-4e1d-adc1-92891a6ca6ca,1.3,Needle,999,
TOOL_HOVER,223038,9/7/2023 12:11:09 PM,b0f6e371-e548-4e1d-adc1-92891a6ca6ca,1.3,Needle,999,
TOOL_HOVER,223046,9/7/2023 12:11:09 PM,b0f6e371-e548-4e1d-adc1-92891a6ca6ca,1.3,Needle,999,
TOOL_HOVER,223056,9/7/2023 12:11:09 PM,b0f6e371-e548-4e1d-adc1-92891a6ca6ca,1.3,Needle,999,
TOOL_HOVER,223064,9/7/2023 12:11:09 PM,b0f6e371-e548-4e1d-adc1-92891a6ca6ca,1.3,Needle,999,
TOOL_HOVER,223072,9/7/2023 12:11:09 PM,b0f6e371-e548-4e1d-adc1-92891a6ca6ca,1.3,Needle,999,
TOOL_HOVER,223081,9/7/2023 12:11:09 PM,b0f6e371-e548-4e1d-adc1-92891a6ca6ca,1.3,Needle,999,
TOOL_HOVER,223089,9/7/2023 12:11:09 PM,b0f6e371-e548-4e1d-adc1-92891a6ca6ca,1.3,Needle,999,
TOOL_HOVER,223097,9/7/2023 12:11:09 PM,b0f6e371-e548-4e1d-adc1-92891a6ca6ca,1.3,Needle,999,
TOOL_HOVER,223104,9/7/2023 12:11:09 PM,b0f6e371-e548-4e1d-adc1-92891a6ca6ca,1.3,Needle,999,
TOOL_HOVER,223114,9/7/2023 12:11:09 PM,b0f6e371-e548-4e1d-adc1-92891a6ca6ca,1.3,Needle,999,
TOOL_HOVER,223123,9/7/2023 12:11:09 PM,b0f6e371-e548-4e1d-adc1-92891a6ca6ca,1.3,Needle,999,
TOOL_HOVER,223131,9/7/2023 12:11:09 PM,b0f6e371-e548-4e1d-adc1-92891a6ca6ca,1.3,Needle,999,
TOOL_SELECTED,223132,9/7/2023 12:11:09 PM,b0f6e371-e548-4e1d-adc1-92891a6ca6ca,1.3,Needle,998,
TOOL_APPLIED,225331,9/7/2023 12:11:11 PM,b0f6e371-e548-4e1d-adc1-92891a6ca6ca,1.3,Military Mike Jungle Burned_0 Root,Needle,RChest_Breathe1 (UnityEngine.GameObject),cath_needle (UnityEngine.GameObject),right_chest,Needle_Decomp(Clone) (UnityEngine.GameObject),AppliedDecompNeedle,
VOICE_CAPTURE,227407,9/7/2023 12:11:13 PM,b0f6e371-e548-4e1d-adc1-92891a6ca6ca,1.3,I can't tell if he has a chest injury or not,NA,
VOICE_CAPTURE,235979,9/7/2023 12:11:22 PM,b0f6e371-e548-4e1d-adc1-92891a6ca6ca,1.3,still breathing unresponsive,NA,
TAG_SELECTED,236214,9/7/2023 12:11:22 PM,b0f6e371-e548-4e1d-adc1-92891a6ca6ca,1.3,gray,
TAG_APPLIED,237630,9/7/2023 12:11:24 PM,b0f6e371-e548-4e1d-adc1-92891a6ca6ca,1.3,Military Mike Jungle Burned_0 Root,gray,
PULSE_TAKEN,237654,9/7/2023 12:11:24 PM,b0f6e371-e548-4e1d-adc1-92891a6ca6ca,1.3,pulse_fast,Military Mike Jungle Burned_0 Root,
PULSE_TAKEN,237780,9/7/2023 12:11:24 PM,b0f6e371-e548-4e1d-adc1-92891a6ca6ca,1.3,pulse_fast,Military Mike Jungle Burned_0 Root,
BAG_CLOSED,238872,9/7/2023 12:11:25 PM,b0f6e371-e548-4e1d-adc1-92891a6ca6ca,1.3,"(0.0, 0.9, -21.1)",
TELEPORT,238872,9/7/2023 12:11:25 PM,b0f6e371-e548-4e1d-adc1-92891a6ca6ca,1.3,"(5.7, 0.5, -18.9)",
TELEPORT,240153,9/7/2023 12:11:26 PM,b0f6e371-e548-4e1d-adc1-92891a6ca6ca,1.3,"(5.7, 0.5, -18.9)",
PATIENT_ENGAGED,243044,9/7/2023 12:11:29 PM,b0f6e371-e548-4e1d-adc1-92891a6ca6ca,1.3,100,0,Intelligence Officer Burned_Gary_1 Root,"(-2.2, 0.3, -22.4)","(0.0, -0.7, 0.0, 0.7)",IMMEDIATE,waver,fast,fast,normal,agony,fetal,
BAG_ACCESS,244635,9/7/2023 12:11:31 PM,b0f6e371-e548-4e1d-adc1-92891a6ca6ca,1.3,"(-1.6, 0.9, -21.3)",
PULSE_TAKEN,245433,9/7/2023 12:11:31 PM,b0f6e371-e548-4e1d-adc1-92891a6ca6ca,1.3,pulse_fast,Intelligence Officer Burned_Gary_1 Root,
VOICE_CAPTURE,248002,9/7/2023 12:11:34 PM,b0f6e371-e548-4e1d-adc1-92891a6ca6ca,1.3,tell me your name,NA,
VOICE_COMMAND,248002,9/7/2023 12:11:34 PM,b0f6e371-e548-4e1d-adc1-92891a6ca6ca,1.3,what is your name,tell me your name,
VOICE_CAPTURE,254180,9/7/2023 12:11:40 PM,b0f6e371-e548-4e1d-adc1-92891a6ca6ca,1.3,modbutton no,NA,
VOICE_COMMAND,254180,9/7/2023 12:11:40 PM,b0f6e371-e548-4e1d-adc1-92891a6ca6ca,1.3,modbutton no,modbutton no,
VOICE_CAPTURE,254484,9/7/2023 12:11:40 PM,b0f6e371-e548-4e1d-adc1-92891a6ca6ca,1.3,Gary I know you're in a lot of pain are you bleeding anywhere,NA,
TAG_SELECTED,255275,9/7/2023 12:11:41 PM,b0f6e371-e548-4e1d-adc1-92891a6ca6ca,1.3,red,
TAG_APPLIED,256890,9/7/2023 12:11:43 PM,b0f6e371-e548-4e1d-adc1-92891a6ca6ca,1.3,Intelligence Officer Burned_Gary_1 Root,red,
BAG_CLOSED,262428,9/7/2023 12:11:48 PM,b0f6e371-e548-4e1d-adc1-92891a6ca6ca,1.3,"(-1.6, 0.9, -21.3)",
VOICE_CAPTURE,263010,9/7/2023 12:11:49 PM,b0f6e371-e548-4e1d-adc1-92891a6ca6ca,1.3,OK Gary we're gonna get you outta here we'll get you some pain medicine as soon as we can OK,NA,
TELEPORT,265589,9/7/2023 12:11:52 PM,b0f6e371-e548-4e1d-adc1-92891a6ca6ca,1.3,"(5.7, 0.5, -18.9)",
TELEPORT,267480,9/7/2023 12:11:53 PM,b0f6e371-e548-4e1d-adc1-92891a6ca6ca,1.3,"(5.7, 0.5, -18.9)",
TELEPORT,268689,9/7/2023 12:11:55 PM,b0f6e371-e548-4e1d-adc1-92891a6ca6ca,1.3,"(6.3, 0.4, -15.5)",
TELEPORT,269843,9/7/2023 12:11:56 PM,b0f6e371-e548-4e1d-adc1-92891a6ca6ca,1.3,"(7.7, 0.3, -13.0)",
TELEPORT,273907,9/7/2023 12:12:00 PM,b0f6e371-e548-4e1d-adc1-92891a6ca6ca,1.3,"(7.7, 0.3, -13.0)",
TELEPORT,278426,9/7/2023 12:12:04 PM,b0f6e371-e548-4e1d-adc1-92891a6ca6ca,1.3,"(7.7, 0.1, -10.5)",
VOICE_CAPTURE,282025,9/7/2023 12:12:08 PM,b0f6e371-e548-4e1d-adc1-92891a6ca6ca,1.3,Mike where are you,NA,
VOICE_COMMAND,282025,9/7/2023 12:12:08 PM,b0f6e371-e548-4e1d-adc1-92891a6ca6ca,1.3,where are you,Mike where are you,
TELEPORT,283337,9/7/2023 12:12:09 PM,b0f6e371-e548-4e1d-adc1-92891a6ca6ca,1.3,"(8.4, 0.0, -9.9)",
TELEPORT,285443,9/7/2023 12:12:11 PM,b0f6e371-e548-4e1d-adc1-92891a6ca6ca,1.3,"(6.3, 0.0, -10.3)",
TELEPORT,285743,9/7/2023 12:12:12 PM,b0f6e371-e548-4e1d-adc1-92891a6ca6ca,1.3,"(6.3, 0.0, -10.3)",
PULSE_TAKEN,288723,9/7/2023 12:12:15 PM,b0f6e371-e548-4e1d-adc1-92891a6ca6ca,1.3,pulse_fast,Military Mike Jungle Scout_1_3 Root,
PULSE_TAKEN,289210,9/7/2023 12:12:15 PM,b0f6e371-e548-4e1d-adc1-92891a6ca6ca,1.3,pulse_fast,Military Mike Jungle Scout_1_3 Root,
PULSE_TAKEN,291528,9/7/2023 12:12:18 PM,b0f6e371-e548-4e1d-adc1-92891a6ca6ca,1.3,pulse_fast,Military Mike Jungle Scout_1_3 Root,
VOICE_CAPTURE,292660,9/7/2023 12:12:19 PM,b0f6e371-e548-4e1d-adc1-92891a6ca6ca,1.3,let me see are you hurt tell me your name,NA,
VOICE_COMMAND,292661,9/7/2023 12:12:19 PM,b0f6e371-e548-4e1d-adc1-92891a6ca6ca,1.3,are you hurt,let me see are you hurt tell me your name,
VOICE_COMMAND,292661,9/7/2023 12:12:19 PM,b0f6e371-e548-4e1d-adc1-92891a6ca6ca,1.3,reveal injury,let me see are you hurt tell me your name,
VOICE_COMMAND,292661,9/7/2023 12:12:19 PM,b0f6e371-e548-4e1d-adc1-92891a6ca6ca,1.3,what is your name,let me see are you hurt tell me your name,
PULSE_TAKEN,293094,9/7/2023 12:12:19 PM,b0f6e371-e548-4e1d-adc1-92891a6ca6ca,1.3,pulse_fast,Military Mike Jungle Scout_1_3 Root,
PATIENT_ENGAGED,294371,9/7/2023 12:12:20 PM,b0f6e371-e548-4e1d-adc1-92891a6ca6ca,1.3,100,128,Military Mike Jungle Scout_1_3 Root,"(0.7, 0.1, 3.9)","(0.0, -0.7, 0.0, 0.7)",DELAYED,still,fast,fast,normal,calm,supine,
TOOL_HOVER,297572,9/7/2023 12:12:24 PM,b0f6e371-e548-4e1d-adc1-92891a6ca6ca,1.3,Tourniquet,996,
TOOL_HOVER,297590,9/7/2023 12:12:24 PM,b0f6e371-e548-4e1d-adc1-92891a6ca6ca,1.3,Tourniquet,996,
TOOL_HOVER,297604,9/7/2023 12:12:24 PM,b0f6e371-e548-4e1d-adc1-92891a6ca6ca,1.3,Tourniquet,996,
TOOL_HOVER,297623,9/7/2023 12:12:24 PM,b0f6e371-e548-4e1d-adc1-92891a6ca6ca,1.3,Tourniquet,996,
TOOL_HOVER,297639,9/7/2023 12:12:24 PM,b0f6e371-e548-4e1d-adc1-92891a6ca6ca,1.3,Tourniquet,996,
TOOL_HOVER,297655,9/7/2023 12:12:24 PM,b0f6e371-e548-4e1d-adc1-92891a6ca6ca,1.3,Tourniquet,996,
TOOL_HOVER,297672,9/7/2023 12:12:24 PM,b0f6e371-e548-4e1d-adc1-92891a6ca6ca,1.3,Tourniquet,996,
TOOL_HOVER,297689,9/7/2023 12:12:24 PM,b0f6e371-e548-4e1d-adc1-92891a6ca6ca,1.3,Tourniquet,996,
TOOL_HOVER,297705,9/7/2023 12:12:24 PM,b0f6e371-e548-4e1d-adc1-92891a6ca6ca,1.3,Tourniquet,996,
TOOL_HOVER,297722,9/7/2023 12:12:24 PM,b0f6e371-e548-4e1d-adc1-92891a6ca6ca,1.3,Tourniquet,996,
TOOL_HOVER,297738,9/7/2023 12:12:24 PM,b0f6e371-e548-4e1d-adc1-92891a6ca6ca,1.3,Tourniquet,996,
TOOL_HOVER,297755,9/7/2023 12:12:24 PM,b0f6e371-e548-4e1d-adc1-92891a6ca6ca,1.3,Tourniquet,996,
VOICE_CAPTURE,299415,9/7/2023 12:12:25 PM,b0f6e371-e548-4e1d-adc1-92891a6ca6ca,1.3,Michael where are you hurt it doesn't look like you're hurt to me,NA,
VOICE_COMMAND,299415,9/7/2023 12:12:25 PM,b0f6e371-e548-4e1d-adc1-92891a6ca6ca,1.3,are you hurt,Michael where are you hurt it doesn't look like you're hurt to me,
VOICE_COMMAND,299415,9/7/2023 12:12:25 PM,b0f6e371-e548-4e1d-adc1-92891a6ca6ca,1.3,where are you,Michael where are you hurt it doesn't look like you're hurt to me,
VOICE_CAPTURE,299477,9/7/2023 12:12:25 PM,b0f6e371-e548-4e1d-adc1-92891a6ca6ca,1.3,modbutton im okay,NA,
VOICE_COMMAND,299477,9/7/2023 12:12:25 PM,b0f6e371-e548-4e1d-adc1-92891a6ca6ca,1.3,modbutton im okay,modbutton im okay,
BAG_ACCESS,299813,9/7/2023 12:12:26 PM,b0f6e371-e548-4e1d-adc1-92891a6ca6ca,1.3,"(0.6, 0.5, 4.2)",
TAG_SELECTED,300898,9/7/2023 12:12:27 PM,b0f6e371-e548-4e1d-adc1-92891a6ca6ca,1.3,green,
VOICE_CAPTURE,301047,9/7/2023 12:12:27 PM,b0f6e371-e548-4e1d-adc1-92891a6ca6ca,1.3,are you hurt,NA,
VOICE_COMMAND,301047,9/7/2023 12:12:27 PM,b0f6e371-e548-4e1d-adc1-92891a6ca6ca,1.3,are you hurt,are you hurt,
TAG_APPLIED,301960,9/7/2023 12:12:28 PM,b0f6e371-e548-4e1d-adc1-92891a6ca6ca,1.3,Military Mike Jungle Scout_1_3 Root,green,
BAG_CLOSED,303516,9/7/2023 12:12:30 PM,b0f6e371-e548-4e1d-adc1-92891a6ca6ca,1.3,"(0.6, 0.5, 4.2)",
TELEPORT,303516,9/7/2023 12:12:30 PM,b0f6e371-e548-4e1d-adc1-92891a6ca6ca,1.3,"(6.3, 0.0, -10.3)",
VOICE_CAPTURE,303898,9/7/2023 12:12:30 PM,b0f6e371-e548-4e1d-adc1-92891a6ca6ca,1.3,OK good,NA,
TELEPORT,306336,9/7/2023 12:12:32 PM,b0f6e371-e548-4e1d-adc1-92891a6ca6ca,1.3,"(7.6, 0.0, -14.2)",
PATIENT_ENGAGED,306950,9/7/2023 12:12:33 PM,b0f6e371-e548-4e1d-adc1-92891a6ca6ca,1.3,100,Infinity,Asian Bob_4 Root,"(2.9, 0.0, 2.3)","(0.0, -0.7, 0.0, 0.7)",DELAYED,still,faint,normal,none,calm,fetal,
PULSE_TAKEN,308249,9/7/2023 12:12:34 PM,b0f6e371-e548-4e1d-adc1-92891a6ca6ca,1.3,pulse_faint,Asian Bob_4 Root,
VOICE_CAPTURE,310421,9/7/2023 12:12:36 PM,b0f6e371-e548-4e1d-adc1-92891a6ca6ca,1.3,are you hurt Sir,NA,
VOICE_COMMAND,310421,9/7/2023 12:12:36 PM,b0f6e371-e548-4e1d-adc1-92891a6ca6ca,1.3,are you hurt,are you hurt Sir,
TOOL_HOVER,311671,9/7/2023 12:12:38 PM,b0f6e371-e548-4e1d-adc1-92891a6ca6ca,1.3,Tourniquet,996,
TOOL_HOVER,311689,9/7/2023 12:12:38 PM,b0f6e371-e548-4e1d-adc1-92891a6ca6ca,1.3,Tourniquet,996,
TOOL_HOVER,311705,9/7/2023 12:12:38 PM,b0f6e371-e548-4e1d-adc1-92891a6ca6ca,1.3,Tourniquet,996,
TOOL_HOVER,311721,9/7/2023 12:12:38 PM,b0f6e371-e548-4e1d-adc1-92891a6ca6ca,1.3,Tourniquet,996,
TOOL_HOVER,311741,9/7/2023 12:12:38 PM,b0f6e371-e548-4e1d-adc1-92891a6ca6ca,1.3,Tourniquet,996,
TOOL_HOVER,311753,9/7/2023 12:12:38 PM,b0f6e371-e548-4e1d-adc1-92891a6ca6ca,1.3,Tourniquet,996,
TELEPORT,313321,9/7/2023 12:12:39 PM,b0f6e371-e548-4e1d-adc1-92891a6ca6ca,1.3,"(7.6, 0.0, -14.2)",
BAG_ACCESS,318257,9/7/2023 12:12:44 PM,b0f6e371-e548-4e1d-adc1-92891a6ca6ca,1.3,"(2.4, 0.5, 2.6)",
VOICE_CAPTURE,318636,9/7/2023 12:12:45 PM,b0f6e371-e548-4e1d-adc1-92891a6ca6ca,1.3,OK can you lay on your back for me so I can examine you,NA,
VOICE_COMMAND,318636,9/7/2023 12:12:45 PM,b0f6e371-e548-4e1d-adc1-92891a6ca6ca,1.3,lay down,OK can you lay on your back for me so I can examine you,
VOICE_CAPTURE,326673,9/7/2023 12:12:53 PM,b0f6e371-e548-4e1d-adc1-92891a6ca6ca,1.3,stand up for me tell me your name,NA,
VOICE_COMMAND,326673,9/7/2023 12:12:53 PM,b0f6e371-e548-4e1d-adc1-92891a6ca6ca,1.3,what is your name,stand up for me tell me your name,
VOICE_COMMAND,326673,9/7/2023 12:12:53 PM,b0f6e371-e548-4e1d-adc1-92891a6ca6ca,1.3,stand up,stand up for me tell me your name,
TAG_SELECTED,330084,9/7/2023 12:12:56 PM,b0f6e371-e548-4e1d-adc1-92891a6ca6ca,1.3,green,
TAG_APPLIED,331475,9/7/2023 12:12:57 PM,b0f6e371-e548-4e1d-adc1-92891a6ca6ca,1.3,Asian Bob_4 Root,green,
VOICE_CAPTURE,334597,9/7/2023 12:13:01 PM,b0f6e371-e548-4e1d-adc1-92891a6ca6ca,1.3,OK I don't see any injuries on you,NA,
VOICE_COMMAND,334597,9/7/2023 12:13:01 PM,b0f6e371-e548-4e1d-adc1-92891a6ca6ca,1.3,are you hurt,OK I don't see any injuries on you,
VOICE_CAPTURE,337767,9/7/2023 12:13:04 PM,b0f6e371-e548-4e1d-adc1-92891a6ca6ca,1.3,Mike we're gonna get you out of here first OK,NA,
PULSE_TAKEN,339729,9/7/2023 12:13:06 PM,b0f6e371-e548-4e1d-adc1-92891a6ca6ca,1.3,pulse_faint,Asian Bob_4 Root,
PULSE_TAKEN,341564,9/7/2023 12:13:08 PM,b0f6e371-e548-4e1d-adc1-92891a6ca6ca,1.3,pulse_faint,Asian Bob_4 Root,
VOICE_CAPTURE,346991,9/7/2023 12:13:13 PM,b0f6e371-e548-4e1d-adc1-92891a6ca6ca,1.3,yeah I'm done,NA,
SESSION_END,348788,9/7/2023 12:13:15 PM,b0f6e371-e548-4e1d-adc1-92891a6ca6ca,1.3,
VOICE_CAPTURE,356086,9/7/2023 12:13:22 PM,b0f6e371-e548-4e1d-adc1-92891a6ca6ca,1.3,I don't I don't know why the one guys pulse is faint it doesn't,NA,
