session_uuid,scene_id,patient_count,engaged_patient00_metadata,engaged_patient01_metadata,engaged_patient02_metadata,engaged_patient03_metadata,engaged_patient04_metadata,engaged_patient05_metadata,engaged_patient06_metadata,engaged_patient07_metadata,engaged_patient08_metadata,engaged_patient09_metadata,last_still_engagement,actual_engagement_distance,measure_of_right_ordering,unengaged_patient00_metadata,unengaged_patient01_metadata,unengaged_patient02_metadata,unengaged_patient03_metadata,unengaged_patient04_metadata,unengaged_patient05_metadata,unengaged_patient06_metadata,engaged_patient10_metadata,unengaged_patient07_metadata,engaged_patient11_metadata,unengaged_patient08_metadata,unengaged_patient09_metadata,unengaged_patient10_metadata,unengaged_patient11_metadata,unengaged_patient12_metadata,unengaged_patient13_metadata,adherence_to_salt,has_patient_in_agony,cluster_label,participant_id,first_engagement,first_treatment,injury_correctly_treated_count,injury_not_treated_count,injury_treatments_count,injury_wrongly_treated_count,is_scene_aborted,last_engagement,percent_hemorrhage_controlled,pulse_taken_count,scene_end,scene_start,stills_value,teleport_count,time_to_hemorrhage_control_per_patient,time_to_last_hemorrhage_controlled,total_actions_count,triage_time,voice_capture_count,walk_command_count,walk_value,walkers_value,wave_command_count,wave_value,scene_type
02d472ac-f6fe-474c-815d-6125fadfcbf7,0,10,"patient U Root|237714|(-3.9, -0.6)|still|None|high","patient V Root|364294|(4.2, -0.4)|still|None|high","patient W Root|469822|(0.5, -5.6)|still|None|high","patient X Root|505401|(0.0, 0.0)|still|None|high","electrician Root|734747|(0.1, -4.8)|still|None|high","bystander Root|759613|(-0.1, -9.1)|still|None|medium","Navy Soldier 2 Male Root|796550|(0.4, -6.8)|waver|None|high","Navy Soldier 4 Female Root|925557|(-4.2, -0.5)|waver|None|high","Navy Soldier 3 Male Root|1001304|(-0.2, 3.6)|waver|None|medium","Navy Soldier 1 Male Root|1098482|(-0.4, -0.3)|still|None|high",1097763.0,48.99992972933465,0.8546001394996092,,,,,,,,,,,,,,,,,False,True,0,2024211,198340.0,237714.0,14,13,29,4,True,1346328.0,100.0,22,1380425,719,0,150,74591.5,1039862,4829,1379706,78,0,0,0,0,0,Triage
04f80090-9e61-431d-8473-dccb75fed04d,0,11,"patient V Root|119452|(4.2, -0.4)|still|None|high","patient U Root|182133|(-3.9, -0.5)|still|None|high","patient X Root|236409|(0.0, 0.0)|still|None|high","patient W Root|301712|(0.5, -5.6)|still|None|high","bystander Root|576479|(-0.1, -9.1)|still|None|medium","Navy Soldier 2 Male Root|651632|(-0.1, -5.5)|waver|None|high","Navy Soldier 1 Male Root|735733|(0.1, 0.5)|still|None|high","Navy Soldier 4 Female Root|830206|(-5.3, -0.1)|waver|None|high","Simulation Root|887608|(0.0, 0.0)|None|None|nan","Navy Soldier 3 Male Root|889749|(-0.5, 3.3)|waver|None|medium",735071.0,44.88104186709919,0.9860985512054355,electrician Root|-99999|None|still|None|high,,,,,,,,,,,,,,,,False,True,0,2024207,78040.0,119452.0,16,3,24,0,False,938448.0,100.0,19,943148,662,0,62,4862.0,898559,2188,942486,40,0,0,0,1,1,Triage
05e0be07-479a-4ea4-9b90-3fc7b79ef7ff,0,16,"Simulation Root|120523|(0.0, 0.0)|None|None|nan","Patient V Root|124642|(-19.8, -10.0)|still|None|high","Patient U Root|211141|(0.0, 0.0)|still|None|low","Patient X Root|459035|(-18.0, 4.3)|still|None|high","Patient W Root|542106|(-13.6, 5.5)|still|None|medium","Adept Victim Root|643480|(21.4, -28.7)|still|None|high","Adept Shooter Root|697131|(20.2, -24.6)|still|None|medium","Marine 1 Male Root|875377|(7.2, 21.7)|still|None|high","Marine 4 Male Root|925997|(10.2, 18.8)|still|None|medium",,898399.0,172.9011621063943,1.0,Civilian 1 Female Root|-99999|None|still|None|high,Marine 2 Male Root|-99999|None|waver|None|medium,Marine 3 Male Root|-99999|None|still|None|high,NPC 1 Root|-99999|None|still|None|nan,NPC 2 Root|-99999|None|still|None|nan,NPC 3 Root|-99999|None|still|None|nan,NPC 4 Root|-99999|None|still|None|nan,,,,,,,,,,True,True,1,2024225,93436.0,124642.0,13,1,14,0,False,909381.0,62.5,23,2024225,27598,1,30,2331.3333333333335,905987,1263,1996627,158,0,0,1,0,0,Triage
0bc62b93-ac4d-40ef-bdfe-1d7badb24f70,0,11,"Simulation Root|43341|(0.0, 0.0)|None|None|nan","patient U Root|232484|(-3.9, -0.6)|still|None|high","patient V Root|310211|(4.2, -0.5)|still|None|high","patient X Root|408117|(0.0, 0.0)|still|None|high","patient W Root|474179|(0.5, -5.6)|still|None|high","electrician Root|720690|(0.1, -4.8)|still|None|high","bystander Root|731320|(0.1, -8.4)|still|None|medium","Navy Soldier 1 Male Root|790701|(-0.4, -0.3)|still|None|high","Navy Soldier 3 Male Root|821617|(-0.5, 3.3)|waver|None|medium","Navy Soldier 2 Male Root|885685|(-0.1, -5.5)|waver|None|high",789925.0,54.41542088907854,1.0,,,,,,,,"Navy Soldier 4 Female Root|970326|(-5.3, -0.1)|waver|None|high",,,,,,,,,True,True,0,2024208,201273.0,232484.0,11,5,18,0,True,1005250.0,33.333333333333336,40,1045177,776,1,172,17320.0,884909,6405,1044401,174,3,1,1,5,1,Triage
0e8693a1-1926-4d56-b0c4-ee2dc8181fc6,0,15,"Simulation Root|227373|(0.0, 0.0)|None|None|nan","US Soldier 1 Root|255890|(4.6, 3.8)|still|None|medium","Local Soldier 1 Root|333938|(5.5, 0.3)|still|None|medium","Patient V Root|476887|(3.1, -23.2)|still|None|high","Patient U Root|538265|(0.0, 0.0)|still|None|low","Patient X Root|670466|(0.0, 0.0)|still|None|high","Patient W Root|728966|(0.0, 0.0)|still|None|medium","Open World Marine 2 Male Root|782677|(10.3, -23.0)|still|None|high","Open World Marine 1 Female Root|837870|(14.3, -27.9)|still|None|medium","Open World Civilian 1 Male Root|918896|(8.2, -26.8)|still|None|medium",984483.0,100.43359157614367,1.0,NPC 1 Root|-99999|None|still|None|nan,NPC 2 Root|-99999|None|still|None|nan,NPC 3 Root|-99999|None|still|None|nan,NPC 4 Root|-99999|None|still|None|nan,,,,"Open World Civilian 2 Female Root|997335|(14.2, -25.7)|still|None|high",,,,,,,,,True,True,2,2024226,199944.0,255890.0,8,11,8,0,True,1184942.0,100.0,47,2024226,12852,1,89,7629.5,906044,4284,2011374,15,0,0,1,0,0,Triage
1995e7ef-ef02-4fc1-b1ab-f137dbf69d48,0,16,"Patient V Root|104367|(-19.9, -10.0)|waver|None|high","Simulation Root|121822|(0.0, 0.0)|None|None|nan","Patient U Root|209708|(0.0, 0.0)|waver|None|low","Patient W Root|381712|(-13.6, 5.6)|waver|None|medium","Patient X Root|498020|(-17.7, 4.4)|walker|None|high","Adept Victim Root|589475|(21.4, -28.7)|still|None|high","Adept Shooter Root|706282|(0.0, 0.0)|still|None|medium","Marine 1 Male Root|758326|(0.0, 0.0)|still|None|high",,,757675.0,128.28033783936758,0.06937061049240267,Civilian 1 Female Root|-99999|None|waver|None|high,Marine 2 Male Root|-99999|None|waver|None|medium,Marine 3 Male Root|-99999|None|waver|None|high,Marine 4 Male Root|-99999|None|waver|None|medium,NPC 1 Root|-99999|None|walker|None|nan,NPC 2 Root|-99999|None|walker|None|nan,NPC 3 Root|-99999|None|walker|None|nan,,NPC 4 Root|-99999|None|walker|None|nan,,,,,,,,False,True,3,2024217,84237.0,104367.0,6,1,5,0,False,752466.0,12.5,45,768851,651,0,87,1901.0,707230,3006,768200,72,0,0,0,1,1,Triage
21f8cb5d-f5ac-4a01-9287-43df5f6751a1,0,11,"patient U Root|120880|(-3.9, -0.6)|still|None|high","patient V Root|199643|(4.2, -0.5)|still|None|high","patient W Root|265552|(0.5, -5.6)|still|None|high","patient X Root|316161|(0.0, 0.0)|still|None|high","bystander Root|565178|(-0.1, -9.1)|still|None|medium","electrician Root|607453|(-0.1, -5.4)|still|None|high","Navy Soldier 1 Male Root|652401|(-0.4, -0.3)|still|None|high","Simulation Root|676025|(0.0, 0.0)|None|None|nan","Navy Soldier 3 Male Root|742753|(-0.4, 3.4)|waver|None|medium",,651765.0,41.85650187745446,1.0,Navy Soldier 2 Male Root|-99999|None|waver|None|high,Navy Soldier 4 Female Root|-99999|None|waver|None|high,,,,,,,,,,,,,,,True,True,0,2024219,91725.0,120880.0,12,0,17,0,False,727579.0,66.66666666666667,29,777363,636,1,109,2468.5,747054,1377,776727,66,0,0,1,7,1,Triage
21f8cb5d-f5ac-4a01-9287-43df5f6751a1,1,0,,,,,,,,,,,,0.0,,,,,,,,,,,,,,,,,,False,False,4,2024219,,,0,0,0,0,True,,,0,789546,789546,1,1,,0,1,0,0,0,0,1,0,0,Orientation
220b609b-0e35-454e-9afd-c84cbfa3e3ad,0,16,"Simulation Root|112749|(0.0, 0.0)|None|None|nan","Patient V Root|120554|(-19.9, -10.0)|waver|None|high","Patient U Root|147227|(0.0, 0.0)|waver|None|low","Patient W Root|318803|(-13.6, 5.6)|waver|None|medium","Patient X Root|358002|(0.0, 0.0)|walker|None|high","Adept Shooter Root|470295|(20.2, -24.6)|still|None|medium","Adept Victim Root|533957|(21.4, -28.7)|still|None|high","Marine 1 Male Root|883896|(7.2, 21.7)|still|None|high","Marine 4 Male Root|996346|(10.1, 18.9)|waver|None|medium","Marine 2 Male Root|1055180|(14.1, 9.6)|waver|None|medium",883162.0,184.5349173028762,0.17431146876455517,NPC 1 Root|-99999|None|walker|None|nan,NPC 2 Root|-99999|None|walker|None|nan,NPC 3 Root|-99999|None|walker|None|nan,NPC 4 Root|-99999|None|walker|None|nan,,,,"Marine 3 Male Root|1092407|(11.3, 10.4)|waver|None|high",,"Civilian 1 Female Root|1199403|(12.5, 5.5)|waver|None|high",,,,,,,False,True,5,2024202,109166.0,120554.0,12,11,18,3,True,1420829.0,87.5,53,1455541,734,0,132,60207.0,1091673,3359,1454807,32,0,0,0,0,0,Triage
23081f6e-875e-44f5-8bd0-edc3905f5c2c,0,15,"Patient V Root|294434|(-19.9, -10.0)|waver|None|high","Patient U Root|401113|(0.0, 0.0)|waver|None|low","Patient X Root|715080|(0.0, 0.0)|walker|None|high","Patient W Root|803602|(-13.4, 5.5)|waver|None|medium","Adept Shooter Root|887840|(20.2, -24.6)|still|None|medium","Marine 1 Male Root|987801|(0.0, 0.0)|still|None|high","Marine 4 Male Root|998587|(10.2, 19.0)|waver|None|medium","Marine 3 Male Root|1083270|(11.3, 10.4)|waver|None|high","Marine 2 Male Root|1193105|(14.1, 9.6)|waver|None|medium","Civilian 1 Female Root|1267526|(13.0, 4.6)|waver|None|high",987126.0,151.9640098462262,-0.014307060382493297,Adept Victim Root|-99999|None|still|None|high,NPC 1 Root|-99999|None|walker|None|nan,NPC 2 Root|-99999|None|walker|None|nan,NPC 3 Root|-99999|None|walker|None|nan,NPC 4 Root|-99999|None|walker|None|nan,,,,,,,,,,,,False,True,6,2024201,279024.0,294434.0,13,7,15,0,True,1262495.0,100.0,5,1306372,675,0,35,3686.6666666666665,1266851,2160,1305697,60,1,0,0,0,0,Triage
23081f6e-875e-44f5-8bd0-edc3905f5c2c,1,14,,,,,,,,,,,-1453572.0,0.0,,Local Soldier 1 Root|-99999|None|waver|None|medium,NPC 1 Root|-99999|None|walker|None|nan,NPC 2 Root|-99999|None|walker|None|nan,NPC 3 Root|-99999|None|walker|None|nan,NPC 4 Root|-99999|None|walker|None|nan,Open World Civilian 1 Male Root|-99999|None|waver|None|medium,Open World Civilian 2 Female Root|-99999|None|still|None|high,,Open World Marine 1 Female Root|-99999|None|walker|None|medium,,Open World Marine 2 Male Root|-99999|None|still|None|high,Patient U Root|-99999|None|waver|None|low,Patient V Root|-99999|None|waver|None|high,Patient W Root|-99999|None|waver|None|medium,Patient X Root|-99999|None|walker|None|high,US Soldier 1 Root|-99999|None|waver|None|medium,False,True,4,2024201,,,0,0,0,0,False,,0.0,0,1403554,1353573,1,6,0.0,3112,6,49981,0,0,0,1,0,0,Triage
23081f6e-875e-44f5-8bd0-edc3905f5c2c,2,9,,,,,,,,,,,-1521304.0,0.0,,Local Soldier 1 Root|-99999|None|waver|None|nan,Open World Civilian 1 Male Root|-99999|None|waver|None|nan,Open World Civilian 2 Female Root|-99999|None|still|None|nan,Open World Marine 1 Female Root|-99999|None|walker|None|nan,Open World Marine 2 Male Root|-99999|None|still|None|nan,Patient U Root|-99999|None|waver|None|nan,Patient V Root|-99999|None|waver|None|nan,,Patient W Root|-99999|None|waver|None|nan,,US Soldier 1 Root|-99999|None|waver|None|nan,,,,,,False,True,4,2024201,,,0,0,0,0,False,,,0,1465847,1421305,1,3,,0,3,44542,0,0,0,1,0,0,Triage
23081f6e-875e-44f5-8bd0-edc3905f5c2c,3,9,,,,,,,,,,,-1578115.0,0.0,,Local Soldier 1 Root|-99999|None|waver|None|nan,Open World Civilian 1 Male Root|-99999|None|waver|None|nan,Open World Civilian 2 Female Root|-99999|None|still|None|nan,Open World Marine 1 Female Root|-99999|None|walker|None|nan,Open World Marine 2 Male Root|-99999|None|still|None|nan,Patient U Root|-99999|None|waver|None|nan,Patient V Root|-99999|None|waver|None|nan,,Patient W Root|-99999|None|waver|None|nan,,US Soldier 1 Root|-99999|None|waver|None|nan,,,,,,False,True,4,2024201,,,0,0,0,0,True,,,0,1497960,1478116,1,1,,0,1,19844,0,0,0,1,0,0,Triage
287389c4-4c48-4483-87c0-6b363b57bde2,0,11,"Civilian 1 Root|84617|(2.2, 1.9)|still|None|medium","Patient V Root|195456|(-4.3, -22.8)|walker|None|high","Patient U Root|227195|(-5.1, -20.9)|walker|None|high","Patient W Root|288096|(-1.2, -19.4)|still|None|medium","Patient X Root|399701|(0.0, 0.0)|still|None|high","Open World Marine 1 Male Root|545140|(1.9, 2.2)|still|None|high","Open World Marine 4 Male Root|586609|(0.8, 1.1)|still|None|high",,,,585960.0,55.68061807072417,-0.19745365770854817,Civilian 2 Root|-99999|None|still|None|medium,NPC Root|-99999|None|still|None|nan,Open World Marine 2 Female Root|-99999|None|waver|None|medium,Open World Marine 3 Male Root|-99999|None|waver|None|high,,,,,,,,,,,,,False,True,0,2024220,72145.0,84617.0,10,4,14,0,False,591563.0,0.0,8,600448,649,0,27,0.0,590155,1014,599799,19,0,0,0,2,1,Triage
2e8f6555-a7fa-4b54-8132-c030d697b4ad,0,11,"Civilian 1 Root|133267|(2.2, 1.9)|still|None|medium","Patient X Root|482123|(-1.3, -21.8)|still|None|high","Patient W Root|510730|(-1.1, -19.7)|still|None|medium","Open World Marine 4 Male Root|609264|(0.0, 0.0)|still|None|high",,,,,,,608517.0,45.79723396332578,1.0,Civilian 2 Root|-99999|None|still|None|medium,NPC Root|-99999|None|still|None|nan,Open World Marine 1 Male Root|-99999|None|still|None|high,Open World Marine 2 Female Root|-99999|None|waver|None|medium,Open World Marine 3 Male Root|-99999|None|waver|None|high,Patient U Root|-99999|None|walker|None|high,Patient V Root|-99999|None|walker|None|high,,,,,,,,,,True,True,0,2024212,96379.0,133267.0,3,0,3,0,False,632164.0,0.0,6,642346,747,1,17,0.0,24754,771,641599,40,6,1,1,6,1,Triage
37a554ee-fc49-4730-819c-2d97727bb0b7,0,15,"US Soldier 1 Root|279352|(4.6, 3.8)|waver|None|medium","Local Soldier 1 Root|341893|(5.5, 0.3)|waver|None|medium","Patient V Root|417141|(3.1, -23.2)|waver|None|high","Patient U Root|471614|(0.0, 0.0)|waver|None|low","Patient X Root|586563|(0.0, 0.0)|walker|None|high","Patient W Root|655423|(0.9, -53.5)|waver|None|medium","Open World Civilian 2 Female Root|725617|(14.2, -25.7)|still|None|high","Simulation Root|772083|(0.0, 0.0)|None|None|nan","Open World Marine 2 Male Root|775248|(10.3, -23.0)|still|None|high","Open World Civilian 1 Male Root|895159|(8.7, -26.2)|waver|None|medium",774526.0,220.71500576192975,0.0180709612439105,NPC 1 Root|-99999|None|walker|None|nan,NPC 2 Root|-99999|None|walker|None|nan,NPC 3 Root|-99999|None|walker|None|nan,NPC 4 Root|-99999|None|walker|None|nan,,,,"Open World Marine 1 Female Root|948274|(0.0, 0.0)|walker|None|medium",,,,,,,,,False,True,7,2024218,258619.0,279352.0,9,6,8,0,True,986937.0,75.0,37,1029379,722,0,74,17724.0,951267,6308,1028657,69,0,0,0,0,0,Triage
385032e9-9801-4dcf-a841-b3703a0d9acd,0,16,"Patient V Root|283674|(-19.9, -10.0)|waver|None|high","Patient U Root|558471|(0.0, 0.0)|waver|None|medium","Patient W Root|612624|(-13.6, 5.6)|waver|None|medium","Patient X Root|717317|(0.0, 0.0)|walker|None|high","Simulation Root|783611|(0.0, 0.0)|None|None|nan","Adept Shooter Root|803250|(20.2, -24.9)|still|None|medium","Adept Victim Root|886330|(0.0, 0.0)|still|None|high","Marine 1 Male Root|977805|(0.0, 0.0)|still|None|high","Marine 4 Male Root|1022239|(10.0, 18.9)|waver|None|medium","Marine 3 Male Root|1166150|(11.3, 10.4)|waver|None|high",977066.0,153.23771650511233,0.026003309077349157,NPC 1 Root|-99999|None|walker|None|nan,NPC 2 Root|-99999|None|walker|None|nan,NPC 3 Root|-99999|None|walker|None|nan,NPC 4 Root|-99999|None|walker|None|nan,,,,"Marine 2 Male Root|1246366|(14.1, 9.6)|waver|None|medium",,"Civilian 1 Female Root|1344729|(12.4, 5.4)|waver|None|high",,,,,,,False,True,6,2024209,269478.0,283674.0,11,7,14,2,True,1468340.0,100.0,33,1469438,739,0,134,31468.5,1418584,3181,1468699,31,1,1,0,0,0,Triage
3cf14e31-f416-4c78-8a69-91bf0c685448,0,12,"Civilian 1 Root|83729|(2.3, 1.9)|still|None|medium","Patient V Root|188524|(0.0, 0.0)|walker|None|high","Patient U Root|308538|(-0.8, -19.9)|walker|None|high","Patient W Root|381340|(-1.2, -19.5)|still|None|medium","Patient X Root|473576|(0.0, 0.0)|still|None|high","Simulation Root|523732|(0.0, 0.0)|None|None|nan","Open World Marine 4 Male Root|527532|(0.8, 1.1)|still|None|high","Open World Marine 2 Female Root|584355|(-0.1, -0.1)|waver|None|medium","Open World Marine 3 Male Root|654575|(0.5, -2.7)|waver|None|high",,526871.0,48.53041416316787,-0.12492020594964504,Civilian 2 Root|-99999|None|still|None|medium,NPC Root|-99999|None|still|None|nan,Open World Marine 1 Male Root|-99999|None|still|None|high,,,,,,,,,,,,,,False,True,0,2024215,70053.0,83729.0,8,5,8,1,False,626462.0,100.0,21,696939,661,0,33,25794.0,593526,1218,696278,64,2,1,0,3,1,Triage
3cf14e31-f416-4c78-8a69-91bf0c685448,1,0,,,,,,,,,,,,0.0,,,,,,,,,,,,,,,,,,False,False,4,2024215,,,0,0,0,0,True,,,0,704798,704798,1,1,,0,1,0,0,0,0,1,0,0,Orientation
45365e18-6e38-48e7-b4a2-6b448b209034,0,16,"Simulation Root|85064|(0.0, 0.0)|None|None|nan","Patient V Root|90944|(-19.9, -10.0)|waver|None|high","Patient U Root|182640|(-22.0, -11.2)|waver|None|low","Patient X Root|245608|(0.0, 0.0)|walker|None|high","Patient W Root|284790|(-13.7, 5.5)|waver|None|medium","Adept Shooter Root|342439|(20.2, -24.6)|still|None|medium","Adept Victim Root|429874|(21.1, -28.4)|still|None|high","Marine 1 Male Root|586668|(7.4, 21.4)|still|None|high","Marine 4 Male Root|642551|(10.1, 19.1)|waver|None|medium","Marine 3 Male Root|699746|(11.3, 10.4)|waver|None|high",585954.0,185.0087060069309,0.12827340665316866,NPC 1 Root|-99999|None|walker|None|nan,NPC 2 Root|-99999|None|walker|None|nan,NPC 3 Root|-99999|None|walker|None|nan,NPC 4 Root|-99999|None|walker|None|nan,,,,"Marine 2 Male Root|746656|(14.1, 9.6)|waver|None|medium",,"Civilian 1 Female Root|828435|(13.5, 4.9)|waver|None|high",,,,,,,False,True,5,2024218,77344.0,90944.0,15,3,21,1,False,891521.0,87.5,61,911211,714,0,75,10619.166666666666,745942,1516,910497,65,0,0,0,0,0,Triage
499179ba-3138-4bae-918e-ffc7fb943760,0,16,"Patient V Root|285921|(-19.9, -10.0)|waver|None|high","Patient U Root|338098|(0.0, 0.0)|waver|None|low","Patient X Root|627820|(0.0, 0.0)|walker|None|high","Patient W Root|806785|(-13.4, 5.4)|waver|None|medium","Adept Victim Root|947733|(21.1, -28.4)|still|None|high","Adept Shooter Root|1032864|(20.2, -24.6)|still|None|medium","Marine 1 Male Root|1231996|(0.0, 0.0)|still|None|high","Marine 4 Male Root|1381696|(10.1, 18.9)|waver|None|medium","Marine 3 Male Root|1538308|(11.9, 9.6)|waver|None|high","Simulation Root|1541058|(0.0, 0.0)|None|None|nan",1231245.0,188.53268115065126,0.0423206045487825,NPC 1 Root|-99999|None|walker|None|nan,NPC 2 Root|-99999|None|walker|None|nan,NPC 3 Root|-99999|None|walker|None|nan,NPC 4 Root|-99999|None|walker|None|nan,,,,"Marine 2 Male Root|1614000|(14.1, 9.6)|waver|None|medium",,"Civilian 1 Female Root|1710395|(12.4, 5.4)|waver|None|high",,,,,,,False,True,5,2024206,261870.0,285921.0,12,12,18,1,True,1673420.0,87.5,43,1743517,751,0,119,30402.833333333332,1613249,1978,1742766,7,0,0,0,5,1,Triage
4bc46c8c-66e7-463d-b3a1-2a8303af4fd1,0,11,"Civilian 1 Root|124849|(2.2, 1.9)|still|None|medium","Patient V Root|331017|(-4.5, -22.7)|walker|None|high","Patient U Root|359059|(-4.7, -21.6)|walker|None|high","Patient W Root|443894|(0.0, 0.0)|still|None|medium","Patient X Root|499109|(0.0, 0.0)|still|None|high",,,,,,498361.0,48.71954131590431,-0.12294849605206482,Civilian 2 Root|-99999|None|still|None|medium,NPC Root|-99999|None|still|None|nan,Open World Marine 1 Male Root|-99999|None|still|None|high,Open World Marine 2 Female Root|-99999|None|waver|None|medium,Open World Marine 3 Male Root|-99999|None|waver|None|high,Open World Marine 4 Male Root|-99999|None|still|None|high,,,,,,,,,,,False,True,0,2024203,65989.0,124849.0,5,1,4,0,False,547243.0,0.0,29,617021,748,0,35,0.0,15780,721,616273,56,0,0,0,0,0,Triage
4de6e23f-3c00-49d9-bbac-3a9febab4311,0,16,"Patient V Root|262965|(-19.9, -10.0)|waver|None|high","Patient U Root|337610|(0.0, 0.0)|waver|None|low","Patient W Root|526472|(-13.7, 5.6)|waver|None|medium","Patient X Root|607125|(0.0, 0.0)|walker|None|high","Adept Shooter Root|718975|(20.2, -24.9)|still|None|medium","Adept Victim Root|778154|(21.1, -28.4)|still|None|high","Marine 1 Male Root|868194|(0.0, 0.0)|still|None|high","Marine 4 Male Root|902787|(10.1, 19.1)|waver|None|medium","Simulation Root|926464|(0.0, 0.0)|None|None|nan","Civilian 1 Female Root|1031052|(13.1, 4.6)|waver|None|high",867468.0,188.0366628825037,0.004504326630704103,NPC 1 Root|-99999|None|walker|None|nan,NPC 2 Root|-99999|None|walker|None|nan,NPC 3 Root|-99999|None|walker|None|nan,NPC 4 Root|-99999|None|walker|None|nan,,,,"Marine 2 Male Root|1101384|(14.1, 9.6)|waver|None|medium",,"Marine 3 Male Root|1131117|(11.3, 10.4)|waver|None|high",,,,,,,False,True,5,2024222,209346.0,262965.0,8,6,14,2,True,1169790.0,87.5,29,1190307,726,0,62,35809.5,1130391,1830,1189581,54,1,1,0,4,1,Triage
50b15e40-9860-4574-8ab8-0bd960fe27de,0,11,"patient U Root|72420|(-3.9, -0.5)|still|None|high","patient V Root|137053|(4.3, -0.5)|still|None|high","patient X Root|181616|(0.0, 0.0)|still|None|high","patient W Root|206801|(0.5, -5.6)|still|None|high","bystander Root|367675|(0.1, -8.4)|still|None|medium","Simulation Root|430273|(0.0, 0.0)|None|None|nan","Navy Soldier 2 Male Root|432760|(-0.3, -6.6)|waver|None|high","Navy Soldier 1 Male Root|498393|(0.0, 0.0)|still|None|high","Navy Soldier 3 Male Root|511124|(-0.3, 3.4)|waver|None|medium","Navy Soldier 4 Female Root|552381|(-5.3, -0.1)|waver|None|high",497763.0,52.110388393253245,0.9626401360702931,electrician Root|-99999|None|still|None|high,,,,,,,,,,,,,,,,False,True,0,2024220,67746.0,72420.0,11,3,16,1,False,546059.0,33.333333333333336,8,579896,630,0,80,22927.0,512900,1788,579266,35,0,0,0,0,0,Triage
50b15e40-9860-4574-8ab8-0bd960fe27de,1,0,,,,,,,,,,,,0.0,,,,,,,,,,,,,,,,,,False,False,4,2024220,,,0,0,0,0,True,,,0,593675,584215,1,2,,0,3,9460,1,0,0,1,0,0,Orientation
5a909dc4-0f86-430d-a400-e37139cba69f,0,10,"patient U Root|158851|(-3.9, -0.5)|still|None|high","patient V Root|291744|(4.2, -0.5)|still|None|high","patient X Root|456616|(-0.1, -14.0)|still|None|high","patient W Root|557645|(0.5, -5.6)|still|None|high","electrician Root|907628|(0.0, 0.0)|still|None|high","bystander Root|1015390|(0.1, -8.4)|still|None|medium","Navy Soldier 2 Male Root|1159132|(-0.1, -5.5)|waver|None|high","Navy Soldier 1 Male Root|1260868|(0.0, 0.0)|still|None|high",,,1260238.0,53.12034544943921,0.9568796456157127,Navy Soldier 3 Male Root|-99999|None|waver|None|medium,Navy Soldier 4 Female Root|-99999|None|waver|None|high,,,,,,,,,,,,,,,False,True,0,2024212,108386.0,158851.0,8,1,8,0,True,1209137.0,33.333333333333336,17,1289760,630,0,29,25260.5,1158502,2613,1289130,36,1,0,0,0,0,Triage
5d8d73a3-1898-4f64-8676-73edd1b7daa0,0,11,"Civilian 1 Root|71732|(2.3, 1.9)|still|None|medium","Patient V Root|256274|(-4.5, -22.6)|walker|None|high","Patient U Root|266106|(-4.8, -21.0)|walker|None|high","Patient X Root|355143|(0.0, 0.0)|still|None|high","Patient W Root|406765|(-1.1, -19.7)|still|None|medium","Open World Marine 4 Male Root|474328|(0.8, 1.1)|still|None|high","Open World Marine 2 Female Root|568876|(0.2, -0.8)|waver|None|medium","Open World Marine 3 Male Root|642814|(0.5, -2.7)|waver|None|high",,,473618.0,93.12894699232066,-0.09784492584466586,Civilian 2 Root|-99999|None|still|None|medium,NPC Root|-99999|None|still|None|nan,Open World Marine 1 Male Root|-99999|None|still|None|high,,,,,,,,,,,,,,False,True,2,2024211,52406.0,71732.0,11,7,11,1,False,755682.0,100.0,18,764223,710,0,114,39117.0,577056,1381,763513,44,0,0,0,0,0,Triage
5d94f0d4-a1b1-4d18-8a62-591e196006a9,0,12,"Open World Marine 2 Female Root|30063|(0.0, 0.0)|waver|None|medium","NPC Root|81684|(0.0, 0.0)|still|None|nan","Civilian 1 Root|110793|(2.2, 1.9)|still|None|medium","Patient V Root|314945|(-1.1, -22.4)|walker|None|high","Patient U Root|354799|(-0.8, -19.9)|walker|None|high","Patient X Root|429653|(0.0, 0.0)|still|None|high","Patient W Root|493908|(-1.1, -19.8)|still|None|medium","Open World Marine 4 Male Root|565011|(0.4, 0.2)|still|None|high","Simulation Root|572814|(0.0, 0.0)|None|None|nan",,564379.0,90.19786505534564,-0.15506234107052186,Civilian 2 Root|-99999|None|still|None|medium,Open World Marine 1 Male Root|-99999|None|still|None|high,Open World Marine 3 Male Root|-99999|None|waver|None|high,,,,,,,,,,,,,,False,True,2,2024219,64085.0,110793.0,11,1,12,0,False,606012.0,0.0,28,610194,632,0,71,2216.0,31647,975,609562,61,3,1,0,6,1,Triage
5d94f0d4-a1b1-4d18-8a62-591e196006a9,1,0,,,,,,,,,,,,0.0,,,,,,,,,,,,,,,,,,False,False,4,2024219,,,0,0,0,0,True,,,0,614300,614300,1,0,,0,0,0,1,0,0,1,0,0,Orientation
6666ee6b-863b-49d1-8097-97e6aa4fb39d,0,16,"Simulation Root|85216|(0.0, 0.0)|None|None|nan","Patient V Root|87596|(-19.9, -10.0)|waver|None|high","Patient U Root|214382|(-22.0, -11.2)|waver|None|low","Patient W Root|254630|(-13.6, 5.6)|waver|None|medium","Patient X Root|308667|(-17.7, 4.3)|walker|None|high","Adept Shooter Root|386280|(20.2, -24.6)|still|None|medium","Adept Victim Root|489064|(21.1, -28.4)|still|None|high",,,,488272.0,99.34073263689179,-0.06695625780099235,Civilian 1 Female Root|-99999|None|waver|None|high,Marine 1 Male Root|-99999|None|still|None|high,Marine 2 Male Root|-99999|None|waver|None|medium,Marine 3 Male Root|-99999|None|waver|None|high,Marine 4 Male Root|-99999|None|waver|None|medium,NPC 1 Root|-99999|None|walker|None|nan,NPC 2 Root|-99999|None|walker|None|nan,,NPC 3 Root|-99999|None|walker|None|nan,,NPC 4 Root|-99999|None|walker|None|nan,,,,,,False,True,2,2024221,80046.0,87596.0,6,1,7,0,False,528607.0,37.5,15,595590,792,0,32,10495.166666666666,427454,1459,594798,20,4,1,0,1,1,Triage
6666ee6b-863b-49d1-8097-97e6aa4fb39d,1,0,,,,,,,,,,,,0.0,,,,,,,,,,,,,,,,,,False,False,4,2024221,,,0,0,0,0,True,,,0,603630,603629,1,0,,0,0,1,2,0,0,1,0,0,Orientation
67dc0230-511d-41ac-ae9b-850900ab9e6a,0,12,"Civilian 1 Root|113520|(2.2, 1.9)|still|None|medium","Patient V Root|253632|(-4.5, -22.8)|walker|None|high","Patient U Root|266084|(-5.0, -21.0)|walker|None|high","Patient W Root|332022|(-1.2, -19.5)|still|None|medium","Patient X Root|357996|(0.0, 0.0)|still|None|high","Open World Marine 4 Male Root|408136|(0.4, 0.4)|still|None|high","Simulation Root|464133|(0.0, 0.0)|None|None|nan","Open World Marine 2 Female Root|467112|(2.0, -1.2)|waver|None|medium","Open World Marine 3 Male Root|516714|(0.6, -2.9)|waver|None|high","Open World Marine 1 Male Root|583914|(2.6, 2.3)|still|None|high",583157.0,62.320337520676865,-0.056325673355669625,Civilian 2 Root|-99999|None|still|None|medium,NPC Root|-99999|None|still|None|nan,,,,,,,,,,,,,,,False,True,8,2024208,16844.0,113520.0,10,4,11,0,False,538083.0,100.0,45,628208,757,0,82,11054.0,466355,996,627451,90,0,0,0,3,1,Triage
67dc0230-511d-41ac-ae9b-850900ab9e6a,1,0,,,,,,,,,,,,0.0,,,,,,,,,,,,,,,,,,False,False,4,2024208,,,0,0,0,0,True,,,0,638499,638499,1,1,,0,1,0,0,0,0,1,0,0,Orientation
6a76af00-56ef-408f-a445-6f5168e090a8,0,15,"US Soldier 1 Root|324629|(4.7, 3.8)|waver|None|medium","Local Soldier 1 Root|388830|(5.5, 0.3)|waver|None|medium","Simulation Root|489967|(0.0, 0.0)|None|None|nan","Patient V Root|492869|(3.1, -23.1)|waver|None|high","Patient U Root|617628|(2.2, -24.9)|waver|None|low","Patient W Root|671197|(0.8, -53.5)|waver|None|medium","Patient X Root|846543|(4.9, -53.6)|walker|None|high","Open World Civilian 2 Female Root|947234|(14.2, -25.7)|still|None|high","Open World Marine 2 Male Root|999017|(9.0, -22.5)|still|None|high","Open World Civilian 1 Male Root|1085762|(8.2, -26.8)|waver|None|medium",998303.0,107.04214936182213,-0.13259118447219964,NPC 1 Root|-99999|None|walker|None|nan,NPC 2 Root|-99999|None|walker|None|nan,NPC 3 Root|-99999|None|walker|None|nan,NPC 4 Root|-99999|None|walker|None|nan,Open World Marine 1 Female Root|-99999|None|walker|None|medium,,,,,,,,,,,,False,True,9,2024221,256777.0,324629.0,9,1,10,0,True,1050286.0,75.0,40,1094815,714,0,75,13805.5,1085048,1266,1094101,40,1,1,0,1,1,Triage
6db9446c-2cd4-41b4-be8d-be5ccbbc6e05,0,14,"Local Soldier 1 Root|161590|(5.5, 0.3)|waver|None|medium","US Soldier 1 Root|263573|(3.9, 3.4)|waver|None|medium","Patient V Root|325082|(3.2, -23.2)|waver|None|high","Patient U Root|453175|(0.0, 0.0)|waver|None|medium","Patient W Root|490831|(0.8, -53.5)|waver|None|medium","Patient X Root|564082|(4.0, -54.1)|walker|None|high",,,,,-100648.0,110.27915660335002,1.0,NPC 1 Root|-99999|None|walker|None|nan,NPC 2 Root|-99999|None|walker|None|nan,NPC 3 Root|-99999|None|walker|None|nan,NPC 4 Root|-99999|None|walker|None|nan,Open World Civilian 1 Male Root|-99999|None|waver|None|medium,Open World Civilian 2 Female Root|-99999|None|still|None|high,Open World Marine 1 Female Root|-99999|None|walker|None|medium,,Open World Marine 2 Male Root|-99999|None|still|None|high,,,,,,,,True,True,9,2024217,102472.0,161590.0,5,2,5,0,False,529722.0,25.0,12,607081,649,1,63,0.0,547429,1054,606432,59,1,1,1,3,1,Triage
703b9d0b-7786-4a4b-8a26-7c57d16b785a,0,16,"Patient V Root|97866|(-19.9, -10.0)|still|None|high","Patient U Root|250470|(-22.0, -11.2)|still|None|low","Patient W Root|293938|(-13.6, 5.6)|still|None|medium","Patient X Root|330609|(0.0, 0.0)|still|None|high","Adept Shooter Root|384662|(20.2, -24.6)|still|None|medium","Adept Victim Root|422628|(21.1, -28.4)|still|None|high","Marine 1 Male Root|516892|(7.6, 21.1)|still|None|high","Simulation Root|521026|(0.0, 0.0)|None|None|nan","Marine 4 Male Root|567051|(10.1, 19.1)|still|None|medium","Marine 3 Male Root|633147|(11.3, 10.4)|still|None|high",677017.0,186.23858738639694,1.0,NPC 1 Root|-99999|None|still|None|nan,NPC 2 Root|-99999|None|still|None|nan,NPC 3 Root|-99999|None|still|None|nan,NPC 4 Root|-99999|None|still|None|nan,,,,"Civilian 1 Female Root|683284|(13.5, 5.0)|still|None|high",,"Marine 2 Male Root|845458|(14.1, 9.6)|waver|None|medium",,,,,,,True,True,5,2024226,93685.0,97866.0,15,14,21,0,False,833179.0,100.0,39,2024226,6267,1,134,10983.333333333334,839191,2242,2017959,22,0,0,1,0,0,Triage
70eef02d-d2d0-458e-a8bb-f6511bf47a0c,0,12,"Civilian 1 Root|207971|(2.2, 2.2)|still|None|medium","Simulation Root|343411|(0.0, 0.0)|None|None|nan","Patient U Root|423998|(-5.1, -20.9)|walker|None|high","Patient V Root|450204|(-4.3, -22.8)|walker|None|high","Patient X Root|568618|(0.0, 0.0)|still|None|high","Patient W Root|660116|(-1.1, -19.7)|still|None|medium","Open World Marine 4 Male Root|770553|(0.0, 0.0)|still|None|high","Open World Marine 3 Male Root|904151|(0.5, -2.7)|waver|None|high",,,769925.0,92.09529351663674,-0.1849586340613798,Civilian 2 Root|-99999|None|still|None|medium,NPC Root|-99999|None|still|None|nan,Open World Marine 1 Male Root|-99999|None|still|None|high,Open World Marine 2 Female Root|-99999|None|waver|None|medium,,,,,,,,,,,,,False,True,2,2024223,110204.0,207971.0,8,0,11,0,False,850141.0,0.0,19,939951,628,0,16,0.0,22872,2166,939323,11,0,0,0,0,0,Triage
80f79d45-22fd-479d-b6e2-c62b5778e073,0,11,"Civilian 1 Root|299384|(2.7, 2.9)|still|None|medium","Patient U Root|525032|(0.0, 0.0)|walker|None|high","Patient V Root|660149|(-0.9, -22.3)|walker|None|high","Patient W Root|723136|(0.0, 0.0)|still|None|medium","Patient X Root|803281|(0.0, 0.0)|still|None|high",,,,,,802561.0,48.59863064229147,-0.23719600394106344,Civilian 2 Root|-99999|None|still|None|medium,NPC Root|-99999|None|still|None|nan,Open World Marine 1 Male Root|-99999|None|still|None|high,Open World Marine 2 Female Root|-99999|None|waver|None|medium,Open World Marine 3 Male Root|-99999|None|waver|None|high,Open World Marine 4 Male Root|-99999|None|still|None|high,,,,,,,,,,,False,True,0,2024204,173713.0,299384.0,5,3,7,0,True,1018824.0,0.0,13,1036377,720,0,84,0.0,176034,2557,1035657,57,2,1,0,3,1,Triage
80f79d45-22fd-479d-b6e2-c62b5778e073,1,1,,,,,,,,,,,,0.0,,Patient U Root|-99999|None|walker|None|nan,,,,,,,,,,,,,,,,False,False,4,2024204,1054723.0,,0,0,0,0,True,1054723.0,,0,1060773,1054723,1,1,,0,2,6050,0,0,0,1,0,0,Triage
84c92e21-764b-435b-9e55-0f12f60383fc,0,11,"patient V Root|106957|(4.2, -0.5)|still|None|high","patient U Root|151866|(-3.8, -0.5)|still|None|high","patient W Root|248587|(0.5, -5.6)|still|None|high","patient X Root|337917|(0.0, 0.0)|still|None|high","electrician Root|598631|(0.1, -4.8)|still|None|high","Simulation Root|668114|(0.0, 0.0)|None|None|nan","Navy Soldier 2 Male Root|671381|(-0.1, -5.5)|still|None|high","Navy Soldier 1 Male Root|719666|(-0.4, -0.3)|still|None|high",,,708981.0,40.60474793116985,1.0,Navy Soldier 3 Male Root|-99999|None|still|None|medium,Navy Soldier 4 Female Root|-99999|None|still|None|high,bystander Root|-99999|None|still|None|medium,,,,,,,,,,,,,,True,True,0,2024227,24142.0,106957.0,8,0,11,0,False,703653.0,33.333333333333336,7,2024227,10685,1,46,0.0,660696,949,2013542,53,1,1,1,0,0,Triage
8839e3b8-be5e-4878-8aaf-26c656ae2270,0,11,"NPC Root|87827|(0.0, 0.0)|still|None|nan","Civilian 1 Root|183722|(3.3, 2.8)|still|None|medium","Patient U Root|310298|(-5.0, -21.0)|walker|None|high","Patient V Root|349135|(-4.5, -22.8)|walker|None|high","Patient W Root|437153|(-1.2, -19.4)|still|None|medium","Patient X Root|552531|(0.0, 0.0)|still|None|high","Open World Marine 4 Male Root|626529|(0.0, 0.0)|still|None|high","Open World Marine 2 Female Root|726178|(2.5, -1.4)|waver|None|medium","Open World Marine 1 Male Root|808477|(1.6, 2.0)|still|None|high",,807799.0,61.959356383680046,0.07294374706780493,Civilian 2 Root|-99999|None|still|None|medium,Open World Marine 3 Male Root|-99999|None|waver|None|high,,,,,,,,,,,,,,,False,True,8,2024207,34345.0,183722.0,6,5,10,1,False,894934.0,100.0,40,899477,678,0,26,40465.0,745363,1093,898799,64,1,1,0,2,1,Triage
8b6c4aed-0983-4a76-99fb-cec08dc26b92,0,11,"patient U Root|466724|(-3.9, -0.6)|still|None|high","patient V Root|675489|(4.2, -0.4)|still|None|high","patient W Root|795858|(0.5, -5.6)|still|None|high","patient X Root|985529|(0.0, 0.0)|still|None|high","bystander Root|1273512|(0.0, 0.0)|still|None|medium","Simulation Root|1406460|(0.0, 0.0)|None|None|nan","electrician Root|1453409|(0.0, 0.0)|still|None|high","Navy Soldier 1 Male Root|1588561|(-0.4, -0.3)|still|None|high","Navy Soldier 3 Male Root|1652937|(-0.5, 3.3)|still|None|medium",,1645628.0,24.208140453647456,1.0,Navy Soldier 2 Male Root|-99999|None|still|None|high,Navy Soldier 4 Female Root|-99999|None|still|None|high,,,,,,,,,,,,,,,True,True,10,2024224,359460.0,466724.0,5,6,4,0,True,1621387.0,0.0,34,2024224,7309,1,48,12355.0,1657269,5740,2016915,111,2,1,1,3,1,Triage
922ad146-241a-4ea6-8ff1-413d7e0d16ec,0,15,"Local Soldier 1 Root|286716|(5.5, 0.3)|waver|None|medium","Simulation Root|299385|(0.0, 0.0)|None|None|nan","US Soldier 1 Root|329113|(4.6, 3.9)|waver|None|medium","Patient V Root|436038|(3.1, -23.2)|waver|None|high","Patient U Root|458917|(0.0, 0.0)|waver|None|low","Patient W Root|572818|(0.0, 0.0)|waver|None|medium","Patient X Root|607904|(0.0, 0.0)|walker|None|high","Open World Civilian 1 Male Root|711909|(8.2, -26.7)|waver|None|medium","Open World Marine 2 Male Root|736441|(10.4, -23.0)|still|None|high","Open World Civilian 2 Female Root|805702|(14.4, -25.3)|still|None|high",804961.0,101.63617199591928,-0.08426921969833634,NPC 1 Root|-99999|None|walker|None|nan,NPC 2 Root|-99999|None|walker|None|nan,NPC 3 Root|-99999|None|walker|None|nan,NPC 4 Root|-99999|None|walker|None|nan,,,,"Open World Marine 1 Female Root|862629|(14.4, -28.0)|walker|None|medium",,,,,,,,,False,True,2,2024202,273798.0,286716.0,10,10,10,1,True,1051892.0,75.0,50,1077568,741,0,61,6369.5,861888,3892,1076827,5,0,0,0,0,0,Triage
922ad146-241a-4ea6-8ff1-413d7e0d16ec,1,0,,,,,,,,,,,,0.0,,,,,,,,,,,,,,,,,,False,False,4,2024202,,,0,0,0,0,True,,,0,1096262,1090838,1,1,,0,1,5424,0,0,0,1,0,0,Orientation
9f3bb117-3a4b-4bc7-9237-e2d9920d5333,0,12,"Civilian 1 Root|104364|(3.4, 2.4)|still|None|medium","Patient U Root|230682|(-5.0, -21.0)|still|None|high","Patient V Root|265825|(-4.4, -22.8)|still|None|high","Patient W Root|316867|(-1.2, -19.4)|still|None|medium","Patient X Root|346514|(0.0, 0.0)|still|None|high","Simulation Root|417290|(0.0, 0.0)|None|None|nan","Open World Marine 4 Male Root|420757|(0.8, 1.1)|still|None|high","Open World Marine 1 Male Root|466284|(3.0, 2.7)|still|None|high",,,460749.0,54.945951956508885,1.0,Civilian 2 Root|-99999|None|still|None|medium,NPC Root|-99999|None|still|None|nan,Open World Marine 2 Female Root|-99999|None|still|None|medium,Open World Marine 3 Male Root|-99999|None|still|None|high,,,,,,,,,,,,,True,True,0,2024227,45003.0,104364.0,7,0,8,0,False,428349.0,0.0,12,2024227,5535,1,33,0.0,416640,485,2018692,24,0,0,1,0,0,Triage
a3a7727b-dd25-4e78-8d63-e66573f5077e,0,12,"Civilian 1 Root|116978|(2.2, 1.9)|still|None|medium","Patient V Root|261923|(-4.3, -22.8)|still|None|high","Patient U Root|354451|(-5.1, -20.9)|still|None|high","Patient X Root|513202|(0.0, 0.0)|still|None|high","Patient W Root|615855|(-1.1, -19.8)|still|None|medium","Open World Marine 2 Female Root|734905|(0.5, -0.7)|still|None|medium","Simulation Root|762233|(0.0, 0.0)|None|None|nan","Open World Marine 1 Male Root|840873|(1.9, 2.2)|still|None|high",,,817220.0,91.88030352038017,1.0,Civilian 2 Root|-99999|None|still|None|medium,NPC Root|-99999|None|still|None|nan,Open World Marine 3 Male Root|-99999|None|still|None|high,Open World Marine 4 Male Root|-99999|None|still|None|high,,,,,,,,,,,,,True,True,2,2024224,82651.0,116978.0,7,3,7,0,False,815526.0,0.0,13,2024224,23653,1,39,29122.0,711208,1860,2000571,6,0,0,1,1,1,Triage
a7ce6f7b-6466-4281-9496-92b640d9d04b,0,11,"patient U Root|84341|(-3.9, -0.5)|still|None|high","patient V Root|133118|(4.2, -0.4)|still|None|high","patient W Root|174991|(0.5, -5.5)|still|None|high","patient X Root|215568|(0.0, 0.0)|still|None|high","electrician Root|452059|(-0.1, -5.3)|still|None|high","bystander Root|475189|(-0.1, -9.1)|still|None|medium","Simulation Root|515038|(0.0, 0.0)|None|None|nan","Navy Soldier 2 Male Root|517276|(-0.1, -5.5)|waver|None|high","Navy Soldier 3 Male Root|600866|(-0.6, 3.9)|waver|None|medium","Navy Soldier 1 Male Root|661042|(-0.3, -0.1)|still|None|high",660396.0,60.97147499226647,0.9804935861525441,,,,,,,,"Navy Soldier 4 Female Root|695443|(-4.2, -0.5)|waver|None|high",,,,,,,,,False,True,8,2024215,62191.0,84341.0,13,1,25,1,False,744287.0,100.0,19,748503,646,0,53,13273.0,617502,2832,747857,52,0,0,0,0,0,Triage
a7ce6f7b-6466-4281-9496-92b640d9d04b,1,0,,,,,,,,,,,,0.0,,,,,,,,,,,,,,,,,,False,False,4,2024215,,,0,0,0,0,True,,,0,765417,760238,1,3,,0,3,5179,0,0,0,1,0,0,Orientation
a9c21d35-e8be-47fd-926a-a00dcd3e792b,0,14,"US Soldier 1 Root|159239|(4.6, 3.9)|still|None|medium","Local Soldier 1 Root|216860|(5.5, 0.3)|still|None|medium","Patient V Root|286572|(3.2, -23.2)|still|None|high","Patient U Root|371280|(2.2, -24.9)|still|None|low","Patient X Root|428673|(4.6, -53.7)|still|None|high","Patient W Root|503107|(0.8, -53.5)|still|None|medium","Open World Marine 2 Male Root|581936|(10.3, -23.0)|still|None|high","Open World Civilian 1 Male Root|622235|(8.1, -26.4)|still|None|medium",,,596928.0,97.99543183690884,1.0,NPC 1 Root|-99999|None|still|None|nan,NPC 2 Root|-99999|None|still|None|nan,NPC 3 Root|-99999|None|still|None|nan,NPC 4 Root|-99999|None|still|None|nan,Open World Civilian 2 Female Root|-99999|None|still|None|high,Open World Marine 1 Female Root|-99999|None|still|None|medium,,,,,,,,,,,True,True,2,2024225,119224.0,159239.0,8,2,8,0,False,600128.0,75.0,15,666577,25307,1,48,0.0,596928,741,641270,84,0,0,1,0,0,Triage
acf74a81-a534-44c7-9cb1-67ec381b5ee0,0,11,"Simulation Root|315401|(0.0, 0.0)|None|None|nan","patient U Root|382512|(-3.8, -0.5)|still|None|high","patient V Root|446265|(4.2, -0.4)|still|None|high","patient X Root|525194|(0.0, 0.0)|still|None|high","patient W Root|676864|(0.0, 0.0)|still|None|high","electrician Root|849376|(-0.1, -5.5)|still|None|high","Navy Soldier 2 Male Root|961557|(-0.1, -5.5)|waver|None|high","Navy Soldier 1 Male Root|1002053|(-0.4, -0.3)|still|None|high","Navy Soldier 3 Male Root|1063723|(0.0, 3.7)|waver|None|medium","Navy Soldier 4 Female Root|1307217|(-5.4, 0.0)|waver|None|high",1001296.0,37.32788023798281,0.9988333436264228,bystander Root|-99999|None|still|None|medium,,,,,,,,,,,,,,,,False,True,0,2024203,267784.0,382512.0,14,7,19,0,True,1371254.0,100.0,48,1376172,757,0,76,7021.5,1072078,3444,1375415,2,1,1,0,0,0,Triage
acf74a81-a534-44c7-9cb1-67ec381b5ee0,1,0,,,,,,,,,,,,0.0,,,,,,,,,,,,,,,,,,False,False,4,2024203,,,0,0,0,0,True,,,0,1398257,1398257,1,1,,0,1,0,0,0,0,1,0,0,Orientation
aecfcd56-2262-40a8-9bb8-088f57d46f3f,0,15,"US Soldier 1 Root|235783|(4.6, 3.9)|waver|None|medium","Local Soldier 1 Root|374315|(5.0, 1.0)|waver|None|medium","Patient V Root|475564|(3.2, -23.2)|waver|None|high","Patient U Root|530190|(0.0, 0.0)|waver|None|low","Patient W Root|682405|(0.8, -53.5)|waver|None|medium","Patient X Root|755970|(0.0, 0.0)|walker|None|high","Open World Civilian 2 Female Root|832747|(0.0, 0.0)|still|None|high","Simulation Root|850320|(0.0, 0.0)|None|None|nan","Open World Marine 2 Male Root|932331|(10.3, -23.0)|still|None|high","Open World Civilian 1 Male Root|991918|(8.5, -26.2)|waver|None|medium",931615.0,214.04274977114807,-0.0520200043878416,NPC 1 Root|-99999|None|walker|None|nan,NPC 2 Root|-99999|None|walker|None|nan,NPC 3 Root|-99999|None|walker|None|nan,NPC 4 Root|-99999|None|walker|None|nan,,,,"Open World Marine 1 Female Root|1036525|(0.0, 0.0)|walker|None|medium",,,,,,,,,False,True,11,2024206,156212.0,235783.0,10,9,9,0,True,1027615.0,75.0,32,1070887,716,0,42,24829.75,1048425,1553,1070171,58,0,0,0,9,1,Triage
aecfcd56-2262-40a8-9bb8-088f57d46f3f,1,0,,,,,,,,,,,,0.0,,,,,,,,,,,,,,,,,,False,False,4,2024206,,,0,0,0,0,True,,,0,1082159,1082159,1,0,,0,1,0,0,0,0,1,0,0,Orientation
b5989edc-8348-4b84-b649-87fc4f1cca53,0,15,"US Soldier 1 Root|175333|(4.6, 3.8)|waver|None|medium","Local Soldier 1 Root|219448|(5.5, 0.3)|waver|None|medium","Simulation Root|278317|(0.0, 0.0)|None|None|nan","Patient V Root|284555|(3.1, -23.2)|waver|None|high","Patient U Root|387416|(0.0, 0.0)|waver|None|medium","Patient W Root|446745|(0.8, -53.5)|waver|None|medium","Patient X Root|532936|(3.9, -54.0)|walker|None|high","Open World Civilian 1 Male Root|584795|(8.1, -26.6)|waver|None|medium","Open World Marine 2 Male Root|658810|(10.3, -23.0)|still|None|high","Open World Civilian 2 Female Root|760294|(0.0, 0.0)|still|None|high",759539.0,201.21462609355757,-0.07564464379488234,NPC 1 Root|-99999|None|walker|None|nan,NPC 2 Root|-99999|None|walker|None|nan,NPC 3 Root|-99999|None|walker|None|nan,NPC 4 Root|-99999|None|walker|None|nan,,,,"Open World Marine 1 Female Root|797091|(14.8, -27.8)|walker|None|medium",,,,,,,,,False,True,12,2024209,152087.0,175333.0,8,5,10,1,False,780351.0,75.0,22,848033,755,0,74,0.0,658055,3378,847278,90,1,1,0,0,0,Triage
bccb0095-5efd-4c5c-ad58-8b8624f9ab56,0,14,"Local Soldier 1 Root|176615|(0.0, 0.0)|waver|None|medium","US Soldier 1 Root|226133|(4.7, 3.9)|waver|None|medium","Patient V Root|336288|(3.1, -23.2)|waver|None|high","Patient U Root|385959|(0.0, 0.0)|waver|None|medium","Patient W Root|422554|(0.8, -53.5)|waver|None|medium","Patient X Root|465904|(0.0, 0.0)|walker|None|high","Open World Civilian 1 Male Root|497209|(8.2, -26.6)|waver|None|medium","Open World Marine 2 Male Root|534682|(10.3, -23.0)|still|None|high","Open World Marine 1 Female Root|588674|(14.2, -27.9)|walker|None|medium","Open World Civilian 2 Female Root|623775|(0.0, 0.0)|still|None|high",623098.0,233.24402195467454,-0.12435971797655987,NPC 1 Root|-99999|None|walker|None|nan,NPC 2 Root|-99999|None|walker|None|nan,NPC 3 Root|-99999|None|walker|None|nan,NPC 4 Root|-99999|None|walker|None|nan,,,,,,,,,,,,,False,True,13,2024201,161051.0,176615.0,10,6,9,0,False,615726.0,100.0,7,677821,677,0,38,0.0,587997,1909,677144,56,0,0,0,0,0,Triage
c6d3a90f-68c0-4948-bd96-537e80973605,0,11,"Simulation Root|63441|(0.0, 0.0)|None|None|nan","patient U Root|247796|(-3.8, -0.5)|still|None|high","patient V Root|315927|(4.2, -0.5)|still|None|high","patient W Root|366547|(0.5, -5.6)|still|None|high","patient X Root|390088|(0.0, 0.0)|still|None|high","bystander Root|505091|(0.0, -9.1)|still|None|medium","Navy Soldier 1 Male Root|583746|(-0.4, -0.3)|still|None|high","Navy Soldier 3 Male Root|644516|(-0.5, 3.3)|waver|None|medium","Navy Soldier 2 Male Root|691272|(-0.1, -5.5)|waver|None|high","Navy Soldier 4 Female Root|830456|(-4.4, 0.0)|waver|None|high",583037.0,61.05678922669778,1.0,electrician Root|-99999|None|still|None|high,,,,,,,,,,,,,,,,True,True,8,2024216,240385.0,247796.0,14,1,24,0,False,810288.0,100.0,32,886260,709,1,77,10775.0,690563,2682,885551,31,2,1,1,3,1,Triage
c6d3a90f-68c0-4948-bd96-537e80973605,1,0,,,,,,,,,,,,0.0,,,,,,,,,,,,,,,,,,False,False,4,2024216,,,0,0,0,0,True,,,0,896947,896863,1,2,,0,2,84,0,0,0,1,0,0,Orientation
c99de80f-15cc-45cb-aa64-5af0f2f118ca,0,15,"US Soldier 1 Root|289962|(4.7, 3.8)|waver|None|medium","Local Soldier 1 Root|319813|(5.5, 0.3)|waver|None|medium","Simulation Root|385795|(0.0, 0.0)|None|None|nan","Patient V Root|397383|(3.2, -23.2)|waver|None|high","Patient U Root|429581|(0.0, 0.0)|waver|None|low","Patient X Root|526455|(0.0, 0.0)|walker|None|high","Patient W Root|569384|(0.9, -53.5)|waver|None|medium","Open World Civilian 2 Female Root|673059|(14.1, -25.6)|still|None|high","Open World Civilian 1 Male Root|720181|(8.0, -26.4)|waver|None|medium","Open World Marine 2 Male Root|779890|(10.3, -23.0)|still|None|high",779147.0,157.21575697844676,-0.08094696100964827,NPC 1 Root|-99999|None|walker|None|nan,NPC 2 Root|-99999|None|walker|None|nan,NPC 3 Root|-99999|None|walker|None|nan,NPC 4 Root|-99999|None|walker|None|nan,,,,"Open World Marine 1 Female Root|841056|(14.9, -27.8)|walker|None|medium",,,,,,,,,False,True,6,2024222,127236.0,289962.0,11,2,12,0,False,817368.0,75.0,18,857004,743,0,55,10552.5,826592,1194,856261,41,1,1,0,4,1,Triage
c99de80f-15cc-45cb-aa64-5af0f2f118ca,1,0,,,,,,,,,,,,0.0,,,,,,,,,,,,,,,,,,False,False,4,2024222,,,0,0,0,0,True,,,0,866555,866555,1,0,,0,1,0,0,0,0,1,0,0,Orientation
c9a8dc60-f61d-44bb-bcb5-6e2466f3c9a0,0,10,"patient V Root|119855|(4.2, -0.5)|still|None|high","patient U Root|174470|(-3.8, -0.5)|still|None|high","patient X Root|284223|(0.0, 0.0)|still|None|high","patient W Root|357216|(0.5, -5.6)|still|None|high","electrician Root|649124|(0.1, -4.8)|still|None|high","Navy Soldier 2 Male Root|708899|(0.4, -6.8)|waver|None|high","Navy Soldier 1 Male Root|857661|(-0.5, 0.2)|still|None|high","Navy Soldier 3 Male Root|957485|(-0.3, 3.4)|waver|None|medium",,,857017.0,30.63569663452502,1.0,Navy Soldier 4 Female Root|-99999|None|waver|None|high,bystander Root|-99999|None|still|None|medium,,,,,,,,,,,,,,,True,True,14,2024223,85082.0,119855.0,15,1,20,0,False,955024.0,100.0,15,1011040,644,1,42,44966.5,981308,2964,1010396,15,0,0,1,0,0,Triage
cbbf410f-4657-428e-9616-8a777cc4704d,0,10,"patient U Root|130969|(-3.8, -0.5)|still|None|high","patient V Root|223003|(4.2, -0.5)|still|None|high","patient W Root|292247|(0.0, 0.0)|still|None|high","patient X Root|377104|(0.0, 0.0)|still|None|high",,,,,,,376368.0,12.22965719651132,1.0,Navy Soldier 1 Male Root|-99999|None|still|None|high,Navy Soldier 2 Male Root|-99999|None|waver|None|high,Navy Soldier 3 Male Root|-99999|None|waver|None|medium,Navy Soldier 4 Female Root|-99999|None|waver|None|high,bystander Root|-99999|None|still|None|medium,electrician Root|-99999|None|still|None|high,,,,,,,,,,,True,True,15,2024204,113388.0,130969.0,4,2,3,0,False,543948.0,0.0,13,618347,736,1,38,0.0,45818,1119,617611,14,0,0,1,2,1,Triage
d13091cc-98e4-4aba-8d02-7eca8bd1a30c,0,12,"Civilian 1 Root|61651|(2.2, 1.9)|still|None|medium","Patient U Root|144261|(-5.1, -20.9)|walker|None|high","Patient V Root|159654|(-4.3, -22.8)|walker|None|high","Patient X Root|209721|(0.0, 0.0)|still|None|high","Patient W Root|252612|(-1.1, -19.7)|still|None|medium","Simulation Root|307662|(0.0, 0.0)|None|None|nan","Open World Marine 4 Male Root|311893|(0.8, 1.1)|still|None|high","Open World Marine 1 Male Root|374509|(2.9, 2.5)|still|None|high","Open World Marine 2 Female Root|410442|(0.5, -0.8)|waver|None|medium","Open World Marine 3 Male Root|446253|(0.6, -2.7)|waver|None|high",373787.0,98.53210342832027,-0.05450275077890354,Civilian 2 Root|-99999|None|still|None|medium,NPC Root|-99999|None|still|None|nan,,,,,,,,,,,,,,,False,True,2,2024216,54621.0,61651.0,12,2,12,0,False,579562.0,0.0,31,640703,722,0,65,1784.0,407803,1218,639981,13,0,0,0,0,0,Triage
d2aaf0ef-a32f-4255-b3f5-56df927ae0b4,0,16,"Simulation Root|86526|(0.0, 0.0)|None|None|nan","Patient V Root|107958|(-19.8, -10.0)|waver|None|high","Patient U Root|173145|(0.0, 0.0)|waver|None|low","Patient X Root|308550|(0.0, 0.0)|walker|None|high","Patient W Root|415686|(-13.6, 5.6)|waver|None|medium","Adept Victim Root|634363|(21.1, -28.4)|still|None|high","Marine 1 Male Root|753049|(0.0, 0.0)|still|None|high","Marine 4 Male Root|780868|(10.1, 18.6)|waver|None|medium","Marine 3 Male Root|874190|(11.3, 10.4)|waver|None|high","Marine 2 Male Root|953543|(14.1, 9.6)|waver|None|medium",752311.0,180.49659467349034,0.009068484540545985,Adept Shooter Root|-99999|None|still|None|medium,NPC 1 Root|-99999|None|walker|None|nan,NPC 2 Root|-99999|None|walker|None|nan,NPC 3 Root|-99999|None|walker|None|nan,NPC 4 Root|-99999|None|walker|None|nan,,,"Civilian 1 Female Root|1026190|(13.1, 4.6)|waver|None|high",,,,,,,,,False,True,5,2024214,83177.0,107958.0,10,1,13,0,True,991209.0,75.0,56,1091916,738,0,92,7714.5,1025452,2146,1091178,6,0,0,0,4,1,Triage
ddfb4e6e-f7c3-4321-89df-b6208f336318,0,0,,,,,,,,,,,,0.0,,,,,,,,,,,,,,,,,,False,False,4,2024205,,,0,0,0,0,False,,,0,16165,668,1,0,,0,0,15497,1,0,0,1,0,0,Orientation
ddfb4e6e-f7c3-4321-89df-b6208f336318,1,14,"US Soldier 1 Root|137580|(0.0, 0.0)|waver|None|medium","Local Soldier 1 Root|236588|(5.5, 0.3)|waver|None|medium","NPC 2 Root|426940|(0.0, 0.0)|walker|None|nan","NPC 1 Root|440737|(0.0, 0.0)|walker|None|nan","NPC 3 Root|457831|(0.0, 0.0)|walker|None|nan","NPC 4 Root|472196|(0.0, 0.0)|walker|None|nan",,,,,-116253.0,11.01635148313633,1.0,Open World Civilian 1 Male Root|-99999|None|waver|None|medium,Open World Civilian 2 Female Root|-99999|None|still|None|high,Open World Marine 1 Female Root|-99999|None|walker|None|medium,Open World Marine 2 Male Root|-99999|None|still|None|high,Patient U Root|-99999|None|waver|None|low,Patient V Root|-99999|None|waver|None|high,Patient W Root|-99999|None|waver|None|medium,,Patient X Root|-99999|None|walker|None|high,,,,,,,,True,True,15,2024205,136693.0,236588.0,1,0,1,0,True,466715.0,0.0,8,505331,16254,1,49,0.0,10975,691,489077,74,0,0,1,0,0,Triage
df2fcf88-874b-4cf9-9707-3fa0b30c348f,0,15,"Patient V Root|127549|(-19.9, -10.0)|waver|None|high","Patient U Root|189186|(0.0, 0.0)|waver|None|low","Patient W Root|317798|(-13.6, 5.6)|waver|None|medium","Patient X Root|391210|(-17.7, 4.4)|walker|None|high","Adept Shooter Root|496682|(20.2, -24.6)|still|None|medium","Adept Victim Root|525653|(0.0, 0.0)|still|None|high","Marine 4 Male Root|675234|(10.1, 19.1)|waver|None|medium","Marine 1 Male Root|711977|(7.4, 21.4)|still|None|high","Marine 3 Male Root|809527|(12.4, 10.4)|waver|None|high",,711313.0,158.04001784218946,-0.12595419555099108,Civilian 1 Female Root|-99999|None|waver|None|high,Marine 2 Male Root|-99999|None|waver|None|medium,NPC 1 Root|-99999|None|walker|None|nan,NPC 2 Root|-99999|None|walker|None|nan,NPC 3 Root|-99999|None|walker|None|nan,NPC 4 Root|-99999|None|walker|None|nan,,,,,,,,,,,False,True,6,2024205,114345.0,127549.0,9,4,10,0,False,779469.0,50.0,15,839987,664,0,68,16041.666666666666,822436,1451,839323,78,0,0,0,0,0,Triage
dfec642f-45c9-4813-91d8-3445d5ca763c,0,16,"Patient V Root|76573|(-19.9, -10.0)|waver|None|high","Patient U Root|109722|(0.0, 0.0)|waver|None|low","Patient W Root|202278|(-13.6, 5.6)|waver|None|medium","Patient X Root|259194|(0.0, 0.0)|walker|None|high","Adept Victim Root|336610|(21.1, -28.4)|still|None|high","Simulation Root|370333|(0.0, 0.0)|None|None|nan","Adept Shooter Root|377388|(20.2, -24.9)|still|None|medium","Marine 1 Male Root|514024|(7.4, 21.4)|still|None|high","Marine 4 Male Root|576377|(10.1, 18.6)|waver|None|medium","Marine 3 Male Root|690303|(11.3, 10.4)|waver|None|high",513286.0,221.90873882394027,0.1484371089641261,NPC 1 Root|-99999|None|walker|None|nan,NPC 2 Root|-99999|None|walker|None|nan,NPC 3 Root|-99999|None|walker|None|nan,NPC 4 Root|-99999|None|walker|None|nan,,,,"Marine 2 Male Root|744348|(14.1, 9.6)|waver|None|medium",,"Civilian 1 Female Root|799521|(12.6, 5.6)|waver|None|high",,,,,,,False,True,7,2024213,67180.0,76573.0,15,0,23,0,False,895769.0,100.0,12,972035,738,0,126,6594.833333333333,817690,2160,971297,1,0,0,0,0,0,Triage
fc676b00-9559-467d-adbb-696dd6e9fb08,0,15,"Local Soldier 1 Root|277454|(5.5, 0.3)|waver|None|medium","US Soldier 1 Root|346336|(0.0, 0.0)|waver|None|medium","Simulation Root|416011|(0.0, 0.0)|None|None|nan","Patient V Root|425166|(3.1, -23.2)|waver|None|high","Patient U Root|476878|(2.2, -24.9)|waver|None|low","Patient X Root|575714|(0.0, 0.0)|walker|None|high","Patient W Root|622138|(0.8, -53.5)|waver|None|medium","Open World Civilian 2 Female Root|721954|(14.2, -25.7)|still|None|high","Open World Marine 1 Female Root|792438|(14.9, -27.8)|walker|None|medium","Open World Marine 2 Male Root|847992|(10.3, -23.0)|still|None|high",847282.0,153.31818119512607,-0.04858757715669171,NPC 1 Root|-99999|None|walker|None|nan,NPC 2 Root|-99999|None|walker|None|nan,NPC 3 Root|-99999|None|walker|None|nan,NPC 4 Root|-99999|None|walker|None|nan,,,,"Open World Civilian 1 Male Root|950853|(8.2, -26.7)|waver|None|medium",,,,,,,,,False,True,6,2024213,208151.0,277454.0,8,3,9,1,True,1071354.0,100.0,19,1084278,710,0,113,0.0,950143,1482,1083568,37,4,1,0,1,1,Triage
