ID,Group,file_name,session_file_name,session_uuid,scene_id,time_to_triage_scene,time_to_last_hemorrhage_controlled,time_to_hemorrhage_control_per_patient,mean_percentage_tag_correct,over_triage_error_rate,under_triage_error_rate,critical_triage_error_rate,encounter_layout,swaps_to_perfect_order,walk_command_issued,wave_command_issued
Responder 1,Medical Student,First responder master registry v2.0/22.03.15.0824r.csv,22.03.15.0824r.csv,fe077b96-8e52-4e1a-8ec7-e5c5f46e65c5,0.0,613228.0,387864.0,21513.4,90.90909091,0.0,9.1,0.0,First 11,1.0,1.0,1.0
Responder 2,Medical Student,First responder master registry v2.0/22.03.15.0826.csv,22.03.15.0826.csv,6cb3d605-3736-4255-bf3b-92473d9df21e,0.0,471611.0,446910.0,278510.4,54.54545455,12.5,12.5,0.0,First 11,1.0,1.0,1.0
Responder 3,Medical Student,First responder master registry v2.0/22.03.15.0844r.csv,22.03.15.0844r.csv,5d916938-e0d3-47ee-8f55-12bf12283ee1,0.0,411083.0,231353.0,10307.0,72.72727273,9.1,9.1,9.1,First 11,1.0,1.0,1.0
Responder 4,EM-Faculty,First responder master registry v2.0/22.03.15.0848r.csv,22.03.15.0848r.csv,a40659ab-dfbf-43ab-91cb-72a48a82c426,0.0,438803.0,342335.0,40005.2,72.72727273,27.3,0.0,0.0,First 11,0.0,0.0,0.0
Responder 5,Medical Student,First responder master registry v2.0/22.03.15.0926r.csv,22.03.15.0926r.csv,86366fd5-be94-43cc-a9e9-7c98609c0a66,0.0,554398.0,317589.0,36922.0,63.63636364,20.0,10.0,0.0,First 11,0.0,1.0,1.0
Responder 6,Medical Student,First responder master registry v2.0/22.03.15.0946.csv,22.03.15.0946.csv,9a6d2f32-10fb-40ea-bacc-dd6a7d2f4a13,1.0,616771.0,350390.0,53475.2,36.36363636,0.0,37.5,12.5,First 11,1.0,1.0,1.0
Responder 7,Medical Student,First responder master registry v2.0/22.03.15.1036r.csv,22.03.15.1036r.csv,aca8a746-0f72-4c8d-87a5-70d836da8768,0.0,536218.0,370823.0,21033.8,63.63636364,18.2,9.1,9.1,First 11,0.0,1.0,1.0
Responder 8,Medical Student,First responder master registry v2.0/22.03.15.1037r.csv,22.03.15.1037r.csv,0667e56a-abe6-4097-9a56-33735f4855e2,0.0,669719.0,503495.0,88109.4,72.72727273,10.0,0.0,10.0,First 11,0.0,1.0,1.0
Responder 9,Medical Student,First responder master registry v2.0/22.03.15.1052r.csv,22.03.15.1052r.csv,c82e4612-4e6f-4834-bc7f-6092327c44fa,0.0,409201.0,253159.0,12444.6,63.63636364,9.1,18.2,9.1,First 11,1.0,1.0,1.0
Responder 10,Medical Student,First responder master registry v2.0/22.03.15.1100.csv,22.03.15.1100.csv,2930a371-1187-4b98-adfc-19e095637e48,0.0,461215.0,287484.0,17269.4,81.81818182,0.0,0.0,18.2,First 11,1.0,1.0,1.0
Responder 11,Medical Student,First responder master registry v2.0/22.03.15.1106r.csv,22.03.15.1106r.csv,22e2c9a3-b93f-4f7f-896a-ca188c78505b,0.0,638276.0,420145.0,13249.6,36.36363636,9.1,45.5,9.1,First 11,1.0,1.0,1.0
Responder 12,EM-Faculty,First responder master registry v2.0/22.03.15.1119r.csv,22.03.15.1119r.csv,4ca5febe-0a4b-4c77-bd3e-6632ae760df1,0.0,748440.0,618707.0,43283.8,72.72727273,0.0,27.3,0.0,First 11,0.0,0.0,0.0
Responder 13,EM-Faculty,First responder master registry v2.0/22.03.15.1131r.csv,22.03.15.1131r.csv,677d1c18-f292-4bcb-924d-52f5e762533f,0.0,946700.0,736822.0,83625.8,54.54545455,18.2,0.0,27.3,First 11,0.0,0.0,0.0
Responder 14,Medical Student,First responder master registry v2.0/22.03.15.1315r.csv,22.03.15.1315r.csv,16373b36-886a-4d0d-9015-474d29d139cc,0.0,569124.0,384463.0,78293.2,81.81818182,18.2,0.0,0.0,First 11,1.0,1.0,1.0
Responder 15,Medical Student,First responder master registry v2.0/22.03.15.1316r.csv,22.03.15.1316r.csv,9f03c005-21d8-4934-8bb9-7152347726d1,0.0,654825.0,599744.0,92442.0,36.36363636,9.1,54.5,0.0,First 11,1.0,1.0,1.0
Responder 16,Medical Student,First responder master registry v2.0/22.03.15.1337.csv,22.03.15.1337.csv,9cd41444-4813-45a8-81d0-a1d068184c8e,0.0,460942.0,346792.0,9025.2,54.54545455,0.0,36.4,9.1,First 11,1.0,1.0,1.0
Responder 17,Medical Student,First responder master registry v2.0/22.03.15.1339.csv,22.03.15.1339.csv,e249e6d4-c3d4-4e20-8fab-fa35fd59e871,0.0,698129.0,501539.0,38843.0,72.72727273,18.2,9.1,0.0,First 11,1.0,1.0,1.0
Responder 18,Medical Student,First responder master registry v2.0/22.03.15.1356.csv,22.03.15.1356.csv,9e0f8037-329b-496a-817a-daae83aa941f,0.0,537861.0,516390.0,68005.0,54.54545455,33.3,0.0,0.0,First 11,1.0,1.0,1.0
Responder 19,Medical Student,First responder master registry v2.0/22.03.15.1427.csv,22.03.15.1427.csv,2d26ca7b-1dbb-42e4-9bbf-bf0d131e2e06,0.0,481427.0,436377.0,223687.0,27.27272727,0.0,28.6,28.6,First 11,1.0,1.0,1.0
Responder 20,Medical Student,First responder master registry v2.0/22.03.15.1445.csv,22.03.15.1445.csv,d11543fd-7b7f-4883-bd69-afe8128a76f2,0.0,411487.0,294022.0,12415.4,63.63636364,18.2,0.0,18.2,First 11,3.0,0.0,0.0
Responder 21,Medical Student,First responder master registry v2.0/22.03.15.1446.csv,22.03.15.1446.csv,38b995b3-fb77-4fda-b0b4-21f062ed6a38,0.0,781506.0,678670.0,155848.2,27.27272727,25.0,25.0,12.5,First 11,1.0,1.0,1.0
Responder 22,Medical Student,First responder master registry v2.0/22.03.15.1505.csv,22.03.15.1505.csv,1046b7d9-5848-41b5-9438-cf0dc4dc6cbe,0.0,552086.0,301066.0,13828.6,54.54545455,33.3,0.0,0.0,First 11,3.0,1.0,1.0
Responder 23,Medical Student,First responder master registry v2.0/22.03.15.1508.csv,22.03.15.1508.csv,27c2fa44-ba05-417c-ae95-317b06870dc9,0.0,824136.0,514962.0,78977.6,81.81818182,0.0,18.2,0.0,First 11,1.0,1.0,1.0
Responder 24,EM Resident,First responder master registry v2.0/22.03.16.0844r.csv,22.03.16.0844.csv,daca96a3-b61d-4087-9747-cea6fd7e3a43,0.0,657124.0,557983.0,14436.4,90.90909091,9.1,0.0,0.0,First 11,0.0,1.0,0.0
Responder 25,EM Resident,First responder master registry v2.0/22.03.16.0852.csv,22.03.16.0852.csv,321db911-0ed9-421a-9219-bb02038ac660,0.0,615663.0,574558.0,151695.0,63.63636364,27.3,9.1,0.0,First 11,1.0,1.0,1.0
Responder 26,EM Resident,First responder master registry v2.0/22.03.16.0901r.csv,22.03.16.0901r.csv,ce41d7c3-9e24-4840-865f-3b7f7cd828f7,0.0,488626.0,321956.0,12405.0,72.72727273,27.3,0.0,0.0,First 11,1.0,1.0,1.0
Responder 27,EM Resident,First responder master registry v2.0/22.03.16.0910.csv,22.03.16.0910.csv,a437d61b-adad-424f-9714-83382548fda2,0.0,527634.0,411249.0,20593.8,72.72727273,18.2,9.1,0.0,First 11,1.0,1.0,1.0
Responder 28,EM Resident,First responder master registry v2.0/22.03.16.0917r.csv,22.03.16.0917r.csv,67ed9702-0908-454a-8069-7ca4a6f2bee9,0.0,323859.0,170527.0,6267.2,63.63636364,9.1,27.3,0.0,First 11,3.0,0.0,0.0
Responder 29,EM Resident,First responder master registry v2.0/22.03.16.0931r.csv,22.03.16.0931r.csv,d8c6bf18-14e3-45f2-bfa1-9a904cb4b82b,0.0,461207.0,377263.0,44746.2,81.81818182,9.1,9.1,0.0,First 11,1.0,1.0,1.0
Responder 30,EM Resident,First responder master registry v2.0/22.03.16.0944.csv,22.03.16.0944.csv,b26d61b8-9027-4b16-ba3b-bc337bc6e681,0.0,388061.0,262792.0,20844.0,100.0,0.0,0.0,0.0,First 11,1.0,1.0,1.0
Responder 31,EM Resident,First responder master registry v2.0/22.03.16.0955r.csv,22.03.16.0955r.csv,75b3227f-2f3c-4fe0-b9b8-9e0fe3baa210,0.0,685982.0,675510.0,101435.2,63.63636364,0.0,12.5,0.0,First 11,1.0,1.0,1.0
Responder 32,EM Resident,First responder master registry v2.0/22.03.16.1012.csv,22.03.16.1012.csv,33b51683-fa6a-4dd3-82e5-de08bcc17c14,0.0,413487.0,313956.0,59637.6,54.54545455,9.1,18.2,18.2,First 11,0.0,1.0,1.0
Responder 33,EM Resident,First responder master registry v2.0/22.03.16.1019r.csv,22.03.16.1019r.csv,5c720560-85f5-4bb1-9aa5-41207f6259a2,0.0,503603.0,444171.0,26812.0,45.45454545,25.0,0.0,12.5,First 11,1.0,1.0,1.0
Responder 34,EM Resident,First responder master registry v2.0/22.03.16.1027.csv,22.03.16.1027.csv,26f08763-076e-4531-a6f7-f00232f664bd,0.0,291709.0,290956.0,65908.8,54.54545455,0.0,12.5,12.5,First 11,1.0,1.0,1.0
Responder 35,EM Resident,First responder master registry v2.0/22.03.16.1039r.csv,22.03.16.1039r.csv,009b848c-ea64-4f22-bd40-711213a3d327,0.0,668415.0,322897.0,83673.0,72.72727273,18.2,9.1,0.0,First 11,1.0,1.0,1.0
Responder 36,EM Resident,First responder master registry v2.0/22.03.16.1047.csv,22.03.16.1047.csv,1044049f-c7e0-4a16-98d3-e3826b4b8bfc,0.0,520167.0,371822.0,56520.4,54.54545455,18.2,18.2,9.1,First 11,1.0,1.0,1.0
Responder 37,EM Resident,First responder master registry v2.0/22.03.16.1104r.csv,22.03.16.1104r.csv,0d3e0c62-db52-40f9-9ee8-7fc84a1dcbf2,0.0,501693.0,393141.0,29854.2,63.63636364,27.3,0.0,9.1,First 11,1.0,1.0,1.0
Responder 38,EM Resident,First responder master registry v2.0/22.03.16.1108.csv,22.03.16.1108.csv,09f30ce2-1507-4ef1-84f1-3dfb3e6d9b86,0.0,454873.0,434341.0,100523.4,63.63636364,20.0,10.0,0.0,First 11,0.0,1.0,1.0
Responder 39,EM Resident,First responder master registry v2.0/22.03.16.1123r.csv,22.03.16.1123r.csv,24205a11-9e21-44b7-a565-985454c90776,0.0,459490.0,400144.0,130362.8,72.72727273,10.0,0.0,10.0,First 11,1.0,1.0,1.0
Responder 40,EM Resident,First responder master registry v2.0/22.03.16.1124.csv,22.03.16.1124.csv,991af001-9414-4a2d-8079-0663c4ddb1e4,0.0,649185.0,462280.0,32394.0,72.72727273,20.0,0.0,0.0,First 11,1.0,1.0,1.0
Responder 41,EM Resident,First responder master registry v2.0/22.03.16.1141r.csv,22.03.16.1141r.csv,46c273a6-b8be-46ea-96cd-72903780d43d,0.0,459383.0,409061.0,79614.2,72.72727273,18.2,0.0,9.1,First 11,0.0,1.0,1.0
Responder 42,EM Resident,First responder master registry v2.0/22.03.16.1146.csv,22.03.16.1146.csv,a98adcc8-6df3-470d-961d-8248246472ca,0.0,524762.0,373299.0,35313.0,54.54545455,9.1,9.1,27.3,First 11,0.0,1.0,0.0
Responder 43,EM Resident,First responder master registry v2.0/22.03.16.1156r.csv,22.03.16.1156r.csv,b541f5c9-93fe-4ef3-9fe7-38493b8aa8a8,0.0,486541.0,305086.0,34259.8,63.63636364,0.0,10.0,20.0,First 11,1.0,1.0,1.0
Responder 44,EM Resident,First responder master registry v2.0/22.03.16.1204.csv,22.03.16.1204.csv,e353eee2-a630-40cd-b931-a98b12edd9b6,0.0,532007.0,510905.0,70366.2,72.72727273,20.0,0.0,0.0,First 11,1.0,1.0,1.0
Responder 45,EM Resident,First responder master registry v2.0/22.03.16.1215r.csv,22.03.16.1215r.csv,0b1d6253-9c4f-43b7-8217-6f0e486aabe7,0.0,721147.0,557553.0,108786.0,72.72727273,10.0,10.0,0.0,First 11,1.0,1.0,1.0
Responder 46,EM Resident,First responder master registry v2.0/22.03.16.1221.csv,22.03.16.1221.csv,09024025-1320-4891-aefa-a497744ed3e2,0.0,534911.0,406196.0,48226.0,81.81818182,0.0,9.1,9.1,First 11,1.0,1.0,0.0
Responder 47,EM Resident,First responder master registry v2.0/22.03.16.1239.csv,22.03.16.1239.csv,578a0cfc-a256-4002-ba75-4a61d700204e,0.0,719775.0,562422.0,40210.8,81.81818182,9.1,0.0,9.1,First 11,3.0,1.0,0.0
Responder 48,EM Resident,First responder master registry v2.0/22.03.16.1253.csv,22.03.16.1253.csv,b1ebfdc9-6338-4b80-ba76-947f8690bd91,0.0,440597.0,380812.0,28166.0,45.45454545,20.0,10.0,20.0,First 11,2.0,1.0,1.0
Responder 49,Paramedic,First responder master registry v2.0/23.03.03.1047.csv,23.03.03.1047.csv,ce1350af-79e6-475b-9c07-802b5ff5ca0a,0.0,380040.0,293597.0,5917.0,81.81818182,9.1,9.1,0.0,First 11,1.0,1.0,1.0
Responder 50,Paramedic,First responder master registry v2.0/23.03.03.1102.csv,23.03.03.1102.csv,d4f8b28e-a0a3-4969-a156-5bf86e4794ba,0.0,391842.0,120798.0,5625.75,81.81818182,9.1,9.1,0.0,First 11,1.0,1.0,1.0
Responder 51,EMT-Basic,First responder master registry v2.0/23.03.03.1117.csv,23.03.03.1117.csv,5c8b0274-379c-40ca-b6ff-b846f9e14ad5,0.0,571230.0,265461.0,17474.0,72.72727273,9.1,9.1,9.1,First 11,1.0,1.0,1.0
Responder 52,Paramedic,First responder master registry v2.0/23.03.03.1135.csv,23.03.03.1135.csv,5dce5abe-7ded-46e7-8d07-b2e2cd76ef55,0.0,482783.0,290348.0,10882.0,90.90909091,0.0,9.1,0.0,First 11,1.0,1.0,1.0
Responder 53,Paramedic,First responder master registry v2.0/23.03.03.1152.csv,23.03.03.1152.csv,30a49dd8-c08a-4994-a622-57647670b5bb,0.0,489001.0,368810.0,6242.0,9.090909091,60.0,0.0,20.0,First 11,3.0,1.0,1.0
Responder 54,Paramedic,First responder master registry v2.0/23.03.03.1213.csv,23.03.03.1213.csv,206da802-d38f-4f3a-98e3-44f99481479d,0.0,636471.0,405716.0,15860.0,63.63636364,9.1,9.1,18.2,First 11,3.0,1.0,1.0
Responder 55,Paramedic,First responder master registry v2.0/23.03.03.1321r.csv,23.03.03.1321r.csv,e8cb6ae0-6d68-410f-88fc-4adf30d8bfac,0.0,558044.0,319354.0,70984.75,81.81818182,0.0,9.1,9.1,First 11,0.0,1.0,1.0
Responder 56,Paramedic,First responder master registry v2.0/23.03.03.1346.csv,23.03.03.1346.csv,e2e599c8-8e48-487f-9f95-a0a382432ca5,0.0,419573.0,284356.0,36259.0,81.81818182,10.0,0.0,0.0,First 11,1.0,1.0,1.0
Responder 57,Paramedic,First responder master registry v2.0/23.03.07.0958.csv,23.03.07.0958.csv,2aeb2057-cbe2-494c-98a5-fc2bdbef1355,0.0,601880.0,538123.0,38145.5,90.90909091,0.0,9.1,0.0,First 11,1.0,1.0,1.0
Responder 58,Paramedic,First responder master registry v2.0/23.03.07.1016.csv,23.03.07.1016.csv,33e7d6b6-2868-42e6-8967-d6890efb87a7,0.0,346535.0,246384.0,6842.0,81.81818182,9.1,9.1,0.0,First 11,1.0,1.0,1.0
Responder 59,Paramedic,First responder master registry v2.0/23.03.07.1028.csv,23.03.07.1028.csv,400b6351-6f35-4f5b-98a6-db100a2fefd8,0.0,426931.0,250154.0,5086.0,72.72727273,10.0,0.0,10.0,First 11,2.0,1.0,1.0
Responder 60,Paramedic,First responder master registry v2.0/23.03.07.1044.csv,23.03.07.1044.csv,3f142e7e-1e18-4341-947a-71f2e7f35aa2,0.0,427646.0,366171.0,30447.25,54.54545455,10.0,30.0,0.0,First 11,2.0,1.0,1.0
Responder 61,Paramedic,First responder master registry v2.0/23.03.07.1100.csv,23.03.07.1100.csv,868d644f-b0fa-4ef7-b29e-88bac6fb5740,0.0,357152.0,222405.0,11844.75,81.81818182,0.0,18.2,0.0,First 11,1.0,1.0,1.0
Responder 62,Paramedic,First responder master registry v2.0/23.03.07.1129.csv,23.03.07.1129.csv,524d5418-62f4-4834-9f1e-47202c30e667,0.0,723799.0,424710.0,17669.5,63.63636364,9.1,27.3,0.0,First 11,0.0,1.0,1.0
Responder 63,Paramedic,First responder master registry v2.0/23.03.07.1223.csv,23.03.07.1223.csv,e2458ea2-71b5-4b84-bbfb-dff0a969c9d2,0.0,472722.0,215186.0,15074.25,63.63636364,27.3,9.1,0.0,First 11,1.0,1.0,0.0
Responder 64,Paramedic,First responder master registry v2.0/23.03.07.1329.csv,23.03.07.1329.csv,e3c2b4c6-d8b7-4b64-8cd0-7ca0e622f9b5,0.0,518836.0,316099.0,6206.75,81.81818182,9.1,9.1,0.0,First 11,0.0,1.0,1.0
Responder 65,Paramedic,First responder master registry v2.0/23.03.07.1348.csv,23.03.07.1348.csv,ee8a8276-1a9c-41fd-a793-a3eb6d337ff7,0.0,426221.0,308172.0,14185.5,72.72727273,18.2,9.1,0.0,First 11,1.0,1.0,1.0
Responder 66,Paramedic,First responder master registry v2.0/23.03.07.1408.csv,23.03.07.1408.csv,b878d528-37a0-4175-a294-16c4de1fd5eb,0.0,526472.0,290472.0,16662.25,90.90909091,9.1,0.0,0.0,First 11,0.0,1.0,1.0
Responder 67,Nurse,First responder master registry v2.0/23.03.08.1009.csv,23.03.08.1009.csv,b52e71ec-050f-49e1-b495-7c36f5537544,0.0,444812.0,235884.0,13936.75,90.90909091,9.1,0.0,0.0,First 11,0.0,0.0,0.0
Responder 68,Paramedic,First responder master registry v2.0/23.03.08.1038.csv,23.03.08.1038.csv,89c48e7e-780f-4f1b-a846-fc0f4fd9841c,0.0,622590.0,422054.0,11820.5,72.72727273,0.0,20.0,0.0,First 11,0.0,1.0,1.0
Responder 69,Paramedic,First responder master registry v2.0/23.03.08.1127.csv,23.03.08.1127.csv,4ce8ee9f-45ea-42a8-86df-0038c777f040,0.0,451783.0,324301.0,49317.25,72.72727273,0.0,10.0,10.0,First 11,1.0,1.0,1.0
Responder 70,Paramedic,First responder master registry v2.0/23.03.10.0753.csv,23.03.10.0753.csv,cf714cd2-2824-4ad2-8d98-3199b1df0bdb,0.0,375196.0,256288.0,11495.0,72.72727273,0.0,27.3,0.0,First 11,0.0,1.0,1.0
Responder 71,Paramedic,First responder master registry v2.0/23.03.10.0814.csv,23.03.10.0814.csv,040ba585-ccae-45ef-b4bd-a0e35ec222b0,0.0,364187.0,184918.0,14924.0,100.0,0.0,0.0,0.0,First 11,1.0,1.0,1.0
Responder 72,Paramedic,First responder master registry v2.0/23.03.10.0831.csv,23.03.10.0831.csv,40efaf29-70b3-435a-8847-bcd4235720be,0.0,417380.0,268688.0,16412.5,54.54545455,27.3,18.2,0.0,First 11,0.0,1.0,1.0
Responder 73,Paramedic,First responder master registry v2.0/23.03.10.0855.csv,23.03.10.0855.csv,50e4351a-3afd-43ff-a65f-f84eaab0d0fd,0.0,409890.0,265336.0,9941.75,90.90909091,0.0,0.0,9.1,First 11,0.0,1.0,1.0
Responder 74,Paramedic,First responder master registry v2.0/23.03.10.0925.csv,23.03.10.0925.csv,75865699-63f9-46de-9adc-6936ad7c7d46,0.0,427084.0,284436.0,15180.75,72.72727273,9.1,18.2,0.0,First 11,1.0,1.0,1.0
Responder 75,Paramedic,First responder master registry v2.0/23.03.10.1007.csv,23.03.10.1007.csv,7e340eb0-fda8-4eea-addc-5f554be907a5,0.0,417042.0,232564.0,11916.5,63.63636364,18.2,18.2,0.0,First 11,1.0,1.0,0.0
Responder 76,Paramedic,First responder master registry v2.0/23.03.10.1026.csv,23.03.10.1026.csv,1cfebb9a-6000-4742-81be-6103ebe168bc,0.0,437191.0,287103.0,11038.75,81.81818182,0.0,18.2,0.0,First 11,1.0,1.0,1.0
Responder 77,Medical Student,First responder master registry v2.0/23.03.14.0948.csv,23.03.14.0948.csv,37db3752-51c8-463f-94a5-2196b6854cf6,0.0,522680.0,392337.0,53699.25,90.90909091,9.1,0.0,0.0,First 11,1.0,1.0,1.0
Responder 78,Medical Student,First responder master registry v2.0/23.03.14.1014.csv,23.03.14.1014.csv,590bdfe9-828c-4367-a783-75ec19d7b7d0,0.0,541305.0,272728.0,8003.75,90.90909091,9.1,0.0,0.0,First 11,3.0,1.0,1.0
Responder 79,Medical Student,First responder master registry v2.0/23.03.14.1035.csv,23.03.14.1035.csv,37ed31fb-6f8a-4cc0-b80e-ac4138e42405,0.0,612964.0,400656.0,15090.0,54.54545455,45.5,0.0,0.0,First 11,1.0,1.0,1.0
Responder 80,Medical Student,First responder master registry v2.0/23.03.14.1100.csv,23.03.14.1100.csv,a275e363-d113-4f29-873c-a312f732ae0d,0.0,550856.0,323497.0,13058.25,72.72727273,18.2,9.1,0.0,First 11,2.0,1.0,1.0
Responder 81,Medical Student,First responder master registry v2.0/23.03.14.1136.csv,23.03.14.1136.csv,13839608-6085-4a88-a8f2-74af9fd06a05,0.0,661645.0,484933.0,12110.0,72.72727273,20.0,0.0,0.0,First 11,3.0,1.0,1.0
Responder 82,Medical Student,First responder master registry v2.0/23.03.14.1231.csv,23.03.14.1231.csv,00b2e9d8-c3bb-4d89-92c1-abce5c4a0655,0.0,487326.0,309256.0,14765.25,81.81818182,9.1,9.1,0.0,First 11,1.0,1.0,1.0
Responder 83,Medical Student,First responder master registry v2.0/23.03.14.1252.csv,23.03.14.1252.csv,1344120d-5834-4bbf-8f60-383a8752b512,0.0,597307.0,364960.0,12413.25,72.72727273,18.2,9.1,0.0,First 11,2.0,1.0,1.0
Responder 84,Medical Student,First responder master registry v2.0/23.03.14.1310.csv,23.03.14.1310.csv,b97662b0-aa86-4317-adae-7bce0e065eb5,0.0,370773.0,282475.0,14805.75,45.45454545,27.3,27.3,0.0,First 11,1.0,1.0,1.0
Responder 85,Medical Student,First responder master registry v2.0/23.03.14.1328.csv,23.03.14.1328.csv,fe2602f0-e9e8-4913-8bf3-806852ce738a,0.0,548249.0,346500.0,26991.75,63.63636364,20.0,0.0,10.0,First 11,0.0,1.0,1.0
Responder 86,Medical Student,First responder master registry v2.0/23.03.14.1349.csv,23.03.14.1349.csv,1663640c-5a60-4fa6-8bf4-249f41a693a5,0.0,460231.0,391094.0,12459.75,81.81818182,9.1,9.1,0.0,First 11,3.0,1.0,1.0
Responder 87,Medical Student,First responder master registry v2.0/23.03.14.1408.csv,23.03.14.1408.csv,0fb12cf8-dcf5-4110-b090-3b3271e9add6,0.0,626974.0,507141.0,22207.5,100.0,0.0,0.0,0.0,First 11,3.0,1.0,1.0
Responder 88,Medical Student,First responder master registry v2.0/23.03.14.1434.csv,23.03.14.1434.csv,5de8dcc6-c6ab-43e5-9103-85c8d069cf4b,0.0,402876.0,307263.0,15569.0,90.90909091,9.1,0.0,0.0,First 11,1.0,1.0,1.0
Responder 89,Medical Student,First responder master registry v2.0/23.03.14.1436.csv,23.03.14.1436.csv,f02dc87e-8f04-4ddd-90fd-74dce1206bd6,0.0,373143.0,263296.0,13154.5,100.0,0.0,0.0,0.0,First 11,1.0,1.0,1.0
Responder 90,Medical Student,First responder master registry v2.0/23.03.14.1449.csv,23.03.14.1449.csv,a6470837-fcab-4478-bdbf-c27bdc3960ef,0.0,476507.0,443566.0,13164.0,90.90909091,9.1,0.0,0.0,First 11,2.0,1.0,1.0
Responder 91,Medical Student,First responder master registry v2.0/23.03.14.1519.csv,23.03.14.1519.csv,eb641af4-13da-4e13-a5dd-02eb0e7e6c23,0.0,554604.0,495787.0,80398.0,72.72727273,0.0,18.2,9.1,First 11,1.0,1.0,1.0
Responder 92,Medical Student,First responder master registry v2.0/23.03.14.1540.csv,23.03.14.1540.csv,6b704e43-9ef4-4d5c-b39b-40c41648f8d3,0.0,493592.0,295262.0,19117.75,72.72727273,10.0,10.0,0.0,First 11,0.0,1.0,1.0
Responder 93,Medical Student,First responder master registry v2.0/23.03.15.0821.csv,23.03.15.0821.csv,b05e5139-6dd4-41d2-adb5-aedfebb028a6,0.0,448425.0,320181.0,5063.75,81.81818182,9.1,0.0,9.1,First 11,3.0,1.0,1.0
Responder 94,Medical Student,First responder master registry v2.0/23.03.15.0838.csv,23.03.15.0838.csv,b0ff9d39-598b-46b3-b3bc-1be3a791f10c,0.0,457816.0,255069.0,12680.0,72.72727273,27.3,0.0,0.0,First 11,0.0,1.0,1.0
Responder 95,EM-Faculty,First responder master registry v2.0/23.03.15.0905.csv,23.03.15.0905.csv,0fa439d6-476c-49a5-b478-48e3454974e1,0.0,428337.0,271677.0,13608.75,72.72727273,9.1,18.2,0.0,First 11,0.0,0.0,0.0
Responder 96,EM Resident,First responder master registry v2.0/23.03.15.1203.csv,23.03.15.1203r.csv,a7804ee3-6a1c-4462-957a-17976a540483,1.0,521285.0,448066.0,41357.75,81.81818182,0.0,18.2,0.0,First 11,3.0,1.0,1.0
Responder 97,EM Resident,First responder master registry v2.0/23.03.15.1216.csv,23.03.15.1216.csv,b3f3b351-c82b-47ef-81b5-0bce3be917f3,0.0,584172.0,540908.0,14688.5,63.63636364,18.2,9.1,9.1,First 11,2.0,1.0,1.0
Responder 98,EM Resident,First responder master registry v2.0/23.03.15.1227.csv,23.03.15.1227.csv,06303b89-128e-4bfb-9e6f-a843da3134f9,0.0,431858.0,326317.0,6250.75,90.90909091,9.1,0.0,0.0,First 11,1.0,1.0,1.0
Responder 99,EM Resident,First responder master registry v2.0/23.03.15.1240.csv,23.03.15.1240.csv,a98b7327-dfd7-43c2-86e7-b5080ec86806,0.0,436640.0,296318.0,9350.25,63.63636364,22.2,0.0,0.0,First 11,1.0,1.0,1.0
Responder 100,EM Resident,First responder master registry v2.0/23.03.15.1250.csv,23.03.15.1250.csv,4bac0722-bc76-4418-88f0-ccbbba469c5a,0.0,451626.0,240439.0,1594.5,81.81818182,18.2,0.0,0.0,First 11,1.0,1.0,1.0
Responder 101,EM Resident,First responder master registry v2.0/23.03.15.1313.csv,23.03.15.1313.csv,61dd1584-76e8-4536-9aeb-15276e646ff4,0.0,489646.0,393903.0,11340.5,81.81818182,18.2,0.0,0.0,First 11,2.0,1.0,1.0
Responder 102,Medical Student,First responder master registry v2.0/23.03.15.1334.csv,23.03.15.1334.csv,dd601aee-8360-41f2-b89d-c37f3eb2c617,0.0,438380.0,167293.0,18964.0,63.63636364,27.3,0.0,9.1,First 11,2.0,1.0,1.0
Responder 103,EM Resident,First responder master registry v2.0/23.03.15.1344.csv,23.03.15.1344.csv,66cc58aa-8f53-4d06-b129-879fb3b08239,0.0,503225.0,380684.0,11276.75,72.72727273,27.3,0.0,0.0,First 11,3.0,1.0,1.0
Responder 104,Medical Student,First responder master registry v2.0/23.03.15.1353.csv,23.03.15.1353.csv,43313faf-6031-4433-be70-d5d828f55cff,0.0,301782.0,143569.0,6718.0,63.63636364,22.2,0.0,0.0,First 11,2.0,1.0,1.0
Responder 105,Paramedic,First responder master registry v2.0/23.04.19.0936.csv,23.04.19.0936.csv,5ffacacb-a874-43d3-a399-3cb959505047,0.0,357882.0,252266.0,7625.5,63.63636364,0.0,9.1,27.3,First 11,1.0,1.0,1.0
Responder 106,Paramedic,First responder master registry v2.0/23.04.19.0949.csv,23.04.19.0949.csv,fd1c7057-2c2d-4dec-9297-92ef0621c15e,0.0,369400.0,314867.0,5638.5,72.72727273,27.3,0.0,0.0,First 11,3.0,1.0,1.0
Responder 107,Paramedic,First responder master registry v2.0/23.04.19.1002.csv,23.04.19.1002.csv,f3cbb8a9-8d0c-48f0-ac0c-e379ac4d9411,0.0,470253.0,219611.0,16004.5,54.54545455,0.0,22.2,11.1,First 11,1.0,1.0,1.0
Responder 108,Paramedic,First responder master registry v2.0/23.04.19.1017.csv,23.04.19.1017.csv,f1b2887d-8ed3-499e-8663-0fb9bd909fbc,0.0,425461.0,245561.0,7865.5,72.72727273,27.3,0.0,0.0,First 11,1.0,1.0,1.0
Responder 109,Paramedic,First responder master registry v2.0/23.04.19.1032.csv,23.04.19.1032.csv,f3228193-b6dc-41fa-a2ab-1c5085046347,0.0,395870.0,237655.0,8744.5,100.0,0.0,0.0,0.0,First 11,1.0,1.0,1.0
Responder 110,Paramedic,First responder master registry v2.0/23.04.19.1104.csv,23.04.19.1104.csv,af8ec7e7-e34b-472d-98ea-2a78285c8de8,0.0,342233.0,163612.0,7357.75,90.90909091,0.0,9.1,0.0,First 11,0.0,1.0,1.0
Responder 111,Paramedic,First responder master registry v2.0/23.04.19.1117.csv,23.04.19.1117.csv,1df10bfd-0f85-42ff-a873-36dfe05df77b,1.0,468316.0,304519.0,21092.75,63.63636364,9.1,27.3,0.0,First 11,1.0,1.0,1.0
Responder 112,Paramedic,First responder master registry v2.0/23.04.19.1134.csv,23.04.19.1134.csv,d433b532-d35b-4fc6-b9fd-ed2e18e57c28,0.0,447071.0,342362.0,13909.75,63.63636364,9.1,18.2,9.1,First 11,1.0,1.0,1.0
Responder 113,Paramedic,First responder master registry v2.0/23.04.19.1154.csv,23.04.19.1154.csv,3228f729-d512-431a-bb96-d6f9aacb5d00,0.0,396201.0,250706.0,15483.25,63.63636364,0.0,27.3,9.1,First 11,0.0,1.0,1.0
Responder 114,Paramedic,First responder master registry v2.0/23.04.19.1226.csv,23.04.19.1226.csv,e1d845d3-9874-449b-83ef-6c649073a868,0.0,394724.0,292472.0,15692.0,90.90909091,9.1,0.0,0.0,First 11,3.0,1.0,1.0
Responder 115,Paramedic,First responder master registry v2.0/23.04.19.1256.csv,23.04.19.1256.csv,79426650-c950-40ee-816e-decddddd22e9,0.0,322212.0,216684.0,8529.75,81.81818182,9.1,0.0,9.1,First 11,0.0,1.0,1.0
Responder 116,Paramedic,First responder master registry v2.0/23.04.19.1324.csv,23.04.19.1324.csv,34bef815-47b3-4977-91f7-3bb68803387a,0.0,370593.0,284354.0,8201.0,72.72727273,20.0,0.0,0.0,First 11,2.0,1.0,1.0
Responder 117,Paramedic,First responder master registry v2.0/23.04.19.1342.csv,23.04.19.1342.csv,6cc2fd2a-88a9-4ffa-9230-cfab1f206fce,0.0,362988.0,226028.0,8537.25,90.90909091,0.0,9.1,0.0,First 11,0.0,1.0,1.0
Responder 118,Paramedic,First responder master registry v2.0/23.04.19.1400.csv,23.04.19.1400.csv,b2276063-07ef-40b9-8764-bfb5e064699c,0.0,429051.0,402843.0,21543.0,72.72727273,18.2,0.0,9.1,First 11,2.0,1.0,1.0
Responder 119,Paramedic,First responder master registry v2.0/23.04.19.1416.csv,23.04.19.1416.csv,7407aba4-aef4-4012-be6c-a237d225809d,0.0,644326.0,524934.0,55107.25,81.81818182,0.0,0.0,0.0,First 11,4.0,1.0,1.0
Responder 120,Paramedic,First responder master registry v2.0/23.04.19.1437.csv,23.04.19.1437.csv,2107820d-d55c-40bb-bb90-6b10c227664c,0.0,472220.0,329042.0,9844.75,100.0,0.0,0.0,0.0,First 11,1.0,1.0,1.0
Responder 121,Paramedic,First responder master registry v2.0/23.04.20.0826.csv,23.04.20.0826.csv,b792d8cf-a314-47ba-8da6-6998a8d735c2,0.0,620270.0,524764.0,86311.25,81.81818182,18.2,0.0,0.0,First 11,1.0,1.0,1.0
Responder 122,EMT-Basic,First responder master registry v2.0/23.04.20.0847.csv,23.04.20.0847.csv,788af03e-aeee-4d53-8c97-f0060df61932,0.0,316675.0,266257.0,9933.75,100.0,0.0,0.0,0.0,First 11,3.0,1.0,1.0
Responder 123,Paramedic,First responder master registry v2.0/23.04.20.0858.csv,23.04.20.0858.csv,60d2041e-9b37-4c13-a73d-906e6ecebd01,0.0,328816.0,269869.0,31882.0,72.72727273,0.0,18.2,9.1,First 11,1.0,1.0,1.0
Responder 124,Paramedic,First responder master registry v2.0/23.04.20.0911.csv,23.04.20.0911.csv,f33f702d-4b79-43d9-b980-42dc10c2b882,0.0,444039.0,349690.0,10601.0,100.0,0.0,0.0,0.0,First 11,1.0,1.0,1.0
Responder 125,Paramedic,First responder master registry v2.0/23.04.20.0933.csv,23.04.20.0933.csv,41f05171-141a-4df6-9d89-334331310c9b,0.0,373555.0,256836.0,12623.25,72.72727273,0.0,11.1,0.0,First 11,1.0,1.0,1.0
Responder 126,Paramedic,First responder master registry v2.0/23.04.20.0951.csv,23.04.20.0951.csv,63b272d4-ae7c-4cc3-8e5b-d474b09a44c2,0.0,724083.0,617166.0,93035.25,72.72727273,0.0,10.0,10.0,First 11,1.0,1.0,1.0
Responder 127,Paramedic,First responder master registry v2.0/23.04.20.1023.csv,23.04.20.1023.csv,f7d9738a-35c1-4af0-8e98-5bf3a1cff310,0.0,446906.0,244813.0,2489.0,63.63636364,9.1,27.3,0.0,First 11,1.0,1.0,1.0
Responder 128,Paramedic,First responder master registry v2.0/23.04.20.1049.csv,23.04.20.1049.csv,04acc8f2-1e64-47b2-9606-8d661f584aec,0.0,596164.0,435357.0,24487.25,90.90909091,9.1,0.0,0.0,First 11,0.0,1.0,1.0
Responder 129,Paramedic,First responder master registry v2.0/23.04.20.1115.csv,23.04.20.1115.csv,48e95cfe-1dd7-4085-9662-c77827980bdd,0.0,324118.0,246728.0,12367.0,81.81818182,0.0,18.2,0.0,First 11,1.0,1.0,1.0
Responder 130,Paramedic,First responder master registry v2.0/23.04.20.1134.csv,23.04.20.1134.csv,30d6a023-e0a3-4678-9ef2-6011964d225a,0.0,395919.0,307067.0,15383.0,81.81818182,0.0,18.2,0.0,First 11,1.0,1.0,1.0
Responder 131,Paramedic,First responder master registry v2.0/23.04.20.1151.csv,23.04.20.1151.csv,1fb559e8-15c6-463a-bda8-79ca0bfc330f,0.0,292979.0,184064.0,5032.75,90.90909091,9.1,0.0,0.0,First 11,0.0,1.0,1.0
Responder 132,Paramedic,First responder master registry v2.0/23.04.20.1203.csv,23.04.20.1203.csv,de04bec3-9503-467c-9c49-675720c4bab0,0.0,808968.0,500944.0,19253.0,90.90909091,9.1,0.0,0.0,First 11,0.0,1.0,1.0
Responder 133,Paramedic,First responder master registry v2.0/23.04.20.1255.csv,23.04.20.1255.csv,fdb4a6d9-72ef-4af7-bdd4-a05ba354a300,0.0,444616.0,309881.0,9095.75,72.72727273,9.1,9.1,9.1,First 11,1.0,1.0,1.0
Responder 134,EMT-Basic,First responder master registry v2.0/23.04.20.1308.csv,23.04.20.1308.csv,20168f93-040c-4290-aa7e-2b197825c9de,0.0,800854.0,654676.0,11352.75,90.90909091,9.1,0.0,0.0,First 11,1.0,1.0,1.0
Responder 135,Paramedic,First responder master registry v2.0/23.04.20.1326.csv,23.04.20.1326.csv,b5a82a5b-e259-4d87-bdb7-94f9cb1ce6ea,0.0,378819.0,318636.0,20507.0,90.90909091,9.1,0.0,0.0,First 11,3.0,1.0,1.0
Responder 136,Paramedic,First responder master registry v2.0/23.04.20.1343.csv,23.04.20.1343.csv,dd46bfb4-d2df-4b1c-923f-5f3568a14f29,0.0,616797.0,447354.0,9121.5,72.72727273,0.0,20.0,0.0,First 11,0.0,1.0,1.0
Responder 137,EMT-Basic,First responder master registry v2.0/23.04.20.1405.csv,23.04.20.1405.csv,2bc11b9d-374b-4ab7-9d87-967931962fe8,0.0,454869.0,294741.0,5188.5,81.81818182,9.1,9.1,0.0,First 11,1.0,1.0,1.0
Responder 138,Paramedic,First responder master registry v2.0/23.04.21.0818.csv,23.04.21.0818.csv,ee42b183-00b2-4bb9-89b9-0b38b73e69eb,0.0,469537.0,354575.0,15625.75,90.90909091,0.0,0.0,0.0,First 11,0.0,1.0,1.0
Responder 139,Paramedic,First responder master registry v2.0/23.04.21.0836.csv,23.04.21.0836.csv,736e625b-bb07-452c-9302-b37bb27cbf43,0.0,412659.0,388356.0,4473.25,72.72727273,9.1,18.2,0.0,First 11,3.0,1.0,1.0
Responder 140,Paramedic,First responder master registry v2.0/23.04.21.0849.csv,23.04.21.0849.csv,6925e2d8-3f2b-443d-8e59-7bac6684464d,0.0,352698.0,226159.0,10336.5,100.0,0.0,0.0,0.0,First 11,1.0,1.0,1.0
Responder 141,Paramedic,First responder master registry v2.0/23.04.21.0900.csv,23.04.21.0900.csv,3ce991bc-a2d1-46fd-a3a4-d3611e946ed7,0.0,492464.0,373406.0,16297.25,100.0,0.0,0.0,0.0,First 11,3.0,1.0,1.0
Responder 142,Paramedic,First responder master registry v2.0/23.04.21.0927.csv,23.04.21.0927.csv,87efcdf5-9090-4fa5-afac-25c778924e9a,0.0,433207.0,312972.0,13244.5,81.81818182,0.0,9.1,9.1,First 11,1.0,1.0,1.0
Responder 143,Paramedic,First responder master registry v2.0/23.04.21.0940.csv,23.04.21.0940.csv,f68ce2b4-67dc-4829-89fc-cfe478391148,0.0,489748.0,391352.0,12862.25,90.90909091,9.1,0.0,0.0,First 11,3.0,1.0,1.0
Responder 144,Paramedic,First responder master registry v2.0/23.04.21.1006.csv,23.04.21.1006.csv,cf953248-e6cf-4544-95ce-4843d0f56f10,0.0,495644.0,288084.0,16203.75,72.72727273,0.0,27.3,0.0,First 11,0.0,1.0,1.0
Responder 145,Paramedic,First responder master registry v2.0/23.04.21.1023.csv,23.04.21.1023.csv,cc6ad812-608f-4fc3-bae6-f837aaa056c0,0.0,280593.0,203280.0,10872.0,72.72727273,9.1,18.2,0.0,First 11,1.0,1.0,1.0
Responder 146,Paramedic,First responder master registry v2.0/23.04.21.1033.csv,23.04.21.1033.csv,7a1065f6-1a05-4d2b-bf14-73cafdb9ce4b,0.0,340791.0,305352.0,10878.25,81.81818182,10.0,0.0,0.0,First 11,1.0,1.0,1.0
Responder 147,Paramedic,First responder master registry v2.0/23.04.21.1044.csv,23.04.21.1044.csv,313259a4-162f-44f6-8479-92e4554a1464,0.0,464331.0,270436.0,5732.0,90.90909091,9.1,0.0,0.0,First 11,0.0,1.0,1.0
Responder 148,Paramedic,First responder master registry v2.0/23.04.21.1058.csv,23.04.21.1058.csv,3435501b-192a-457f-9763-7985f7975784,0.0,503491.0,422495.0,19689.25,90.90909091,9.1,0.0,0.0,First 11,3.0,1.0,1.0
Responder 149,Paramedic,First responder master registry v2.0/23.04.21.1115.csv,23.04.21.1115.csv,8b5e760a-1f1a-4a28-bd8f-768bc5f216c6,0.0,453895.0,371905.0,9846.75,63.63636364,18.2,18.2,0.0,First 11,3.0,1.0,1.0
Responder 150,Paramedic,First responder master registry v2.0/23.04.21.1139.csv,23.04.21.1139.csv,6909d3b6-a43a-4d26-8c83-9bd8a5ea569f,0.0,392917.0,309155.0,15177.25,72.72727273,20.0,0.0,0.0,First 11,1.0,1.0,1.0
Responder 151,EMT-Basic,First responder master registry v2.0/23.04.21.1154.csv,23.04.21.1154.csv,efed5e1c-4427-47df-8e3f-9e4714880169,0.0,352911.0,291526.0,9050.25,81.81818182,9.1,9.1,0.0,First 11,2.0,1.0,1.0
Responder 152,Paramedic,First responder master registry v2.0/23.04.21.1207.csv,23.04.21.1207.csv,60d42fe6-f30b-4eab-ba01-644dde714e4d,0.0,480888.0,326489.0,7751.75,90.90909091,0.0,9.1,0.0,First 11,0.0,1.0,1.0
Responder 153,Paramedic,First responder master registry v2.0/23.04.21.1225.csv,23.04.21.1225.csv,3bac8365-232a-4be0-a551-c5214b9f0706,0.0,456997.0,263641.0,13662.5,81.81818182,0.0,9.1,9.1,First 11,3.0,1.0,1.0
Responder 154,Paramedic,First responder master registry v2.0/23.04.21.1242.csv,23.04.21.1242.csv,45118b95-412c-4a2d-9373-8f7da3428ca8,0.0,551816.0,359317.0,20125.0,63.63636364,18.2,18.2,0.0,First 11,1.0,1.0,1.0
Responder 155,Paramedic,First responder master registry v2.0/23.04.25.0934.csv,23.04.25.0934.csv,61dba1bb-2326-48f9-968f-9e0e4c867eee,0.0,430121.0,413781.0,24260.25,90.90909091,0.0,9.1,0.0,First 11,2.0,1.0,1.0
Responder 156,Paramedic,First responder master registry v2.0/23.04.25.0956.csv,23.04.25.0956.csv,89ec8f32-0018-48e7-8cad-c86bd73257f2,0.0,359015.0,247356.0,14780.0,72.72727273,18.2,9.1,0.0,First 11,0.0,1.0,1.0
Responder 157,Paramedic,First responder master registry v2.0/23.04.25.1013.csv,23.04.25.1013.csv,16359508-f91b-4f85-baeb-dade7d574a61,0.0,347985.0,284818.0,8955.0,90.90909091,0.0,9.1,0.0,First 11,2.0,1.0,1.0
Responder 158,EMT-Basic,First responder master registry v2.0/23.04.25.1031.csv,23.04.25.1031.csv,84282ed0-0e63-44e0-8b39-5156e3c868d0,0.0,628952.0,523505.0,10424.5,45.45454545,27.3,18.2,9.1,First 11,2.0,1.0,1.0
Responder 159,Paramedic,First responder master registry v2.0/23.04.25.1105.csv,23.04.25.1105.csv,ee694b2c-dad2-4b9a-acc9-4e025e1b299b,0.0,402915.0,375140.0,17875.25,63.63636364,11.1,11.1,0.0,First 11,2.0,1.0,1.0
Responder 160,Paramedic,First responder master registry v2.0/23.04.25.1132.csv,23.04.25.1132.csv,33f3d2d4-49b4-43cf-80d4-cd7d5993aca4,0.0,475707.0,347878.0,16820.0,81.81818182,18.2,0.0,0.0,First 11,1.0,1.0,1.0
Responder 161,Paramedic,First responder master registry v2.0/23.04.25.1231.csv,23.04.25.1231.csv,dcd4a197-ba73-4d2f-a2aa-8ff3206219b9,0.0,323610.0,228179.0,9652.25,63.63636364,10.0,10.0,10.0,First 11,2.0,1.0,1.0
Responder 162,Paramedic,First responder master registry v2.0/23.04.25.1254.csv,23.04.25.1254.csv,2d511693-6144-45ee-89df-aba0ca629c84,0.0,342682.0,227439.0,6852.75,81.81818182,0.0,9.1,9.1,First 11,3.0,1.0,1.0
Responder 163,Paramedic,First responder master registry v2.0/23.04.25.1322.csv,23.04.25.1322.csv,89f0e2ad-384b-4ef0-ab96-d865521f88ce,0.0,476677.0,323761.0,10815.0,63.63636364,9.1,18.2,9.1,First 11,1.0,1.0,1.0
Responder 164,Paramedic,First responder master registry v2.0/23.04.25.1342.csv,23.04.25.1342.csv,eecb1d19-1d05-4725-9289-eb02d601cdf3,0.0,577754.0,439108.0,9447.0,90.90909091,9.1,0.0,0.0,First 11,1.0,1.0,1.0
Responder 165,Paramedic,First responder master registry v2.0/23.04.25.1403.csv,23.04.25.1403.csv,21b0f09b-03b4-4af8-ac65-11ab1e5458d8,0.0,312598.0,212915.0,38596.5,63.63636364,27.3,0.0,9.1,First 11,1.0,1.0,1.0
Responder 166,Paramedic,First responder master registry v2.0/23.05.09.0810.csv,23.05.09.0810.csv,9d142377-69d6-4622-958d-a29a6a0a0d21,0.0,419684.0,336348.0,10021.0,72.72727273,27.3,0.0,0.0,First 11,3.0,1.0,1.0
Responder 167,Paramedic,First responder master registry v2.0/23.05.09.0841.csv,23.05.09.0841.csv,5aca0157-02d0-4409-a4fe-f64d03fd34a1,0.0,342471.0,244457.0,9048.25,100.0,0.0,0.0,0.0,First 11,2.0,1.0,1.0
Responder 168,Paramedic,First responder master registry v2.0/23.05.09.0853.csv,23.05.09.0853.csv,8f6097ce-795d-483a-a811-e6a5423bc59d,0.0,714358.0,562224.0,46258.75,54.54545455,10.0,30.0,0.0,First 11,1.0,1.0,1.0
Responder 169,Paramedic,First responder master registry v2.0/23.05.09.0913.csv,23.05.09.0913.csv,d0e616ae-5458-42c9-a013-55b8f3b51b06,0.0,337336.0,242309.0,17441.75,90.90909091,0.0,9.1,0.0,First 11,0.0,1.0,1.0
Responder 170,Paramedic,First responder master registry v2.0/23.05.09.0927.csv,23.05.09.0927.csv,992d4672-7993-44ba-890c-0d8605ccefdd,0.0,403952.0,314612.0,13869.75,81.81818182,18.2,0.0,0.0,First 11,2.0,1.0,1.0
Responder 171,Paramedic,First responder master registry v2.0/23.05.09.0942.csv,23.05.09.0942.csv,d347b967-5e20-4527-95dd-3a0fdf73af1d,0.0,511927.0,313360.0,111547.25,81.81818182,18.2,0.0,0.0,First 11,1.0,1.0,1.0
Responder 172,Paramedic,First responder master registry v2.0/23.05.09.0959.csv,23.05.09.0959.csv,ff97fc56-c803-4aa7-b419-35e0ac17d0b3,0.0,339859.0,202591.0,9571.75,100.0,0.0,0.0,0.0,First 11,0.0,1.0,1.0
Responder 173,Paramedic,First responder master registry v2.0/23.05.09.1012.csv,23.05.09.1012.csv,52e2653e-2230-4d8a-929b-e2a12dcb56c4,0.0,456807.0,339444.0,16394.25,27.27272727,44.4,0.0,22.2,First 11,1.0,1.0,1.0
Responder 174,EMT-Basic,First responder master registry v2.0/23.05.09.1028.csv,23.05.09.1028.csv,cdc7b0ec-a883-4705-9b55-b618d429808e,0.0,428909.0,135046.0,10596.0,81.81818182,0.0,9.1,9.1,First 11,1.0,1.0,1.0
Responder 175,Paramedic,First responder master registry v2.0/23.05.09.1042.csv,23.05.09.1042.csv,d66b46ee-9057-43d6-8108-179b83820a37,0.0,317522.0,246570.0,9925.0,81.81818182,0.0,10.0,0.0,First 11,0.0,1.0,1.0
Responder 176,EMT-Basic,First responder master registry v2.0/23.05.09.1057.csv,23.05.09.1057.csv,868cbf3b-f04a-4e1a-a207-95881d529378,0.0,379477.0,253577.0,13251.75,90.90909091,0.0,9.1,0.0,First 11,1.0,1.0,1.0
Responder 177,Paramedic,First responder master registry v2.0/23.05.09.1112.csv,23.05.09.1112.csv,7dacebd5-f16e-4faa-8a00-f738b7d04e3b,0.0,495581.0,371888.0,18262.75,72.72727273,9.1,9.1,9.1,First 11,3.0,1.0,1.0
Responder 178,Paramedic,First responder master registry v2.0/23.05.10.1008.csv,23.05.10.1008.csv,2df4352b-22b9-4a9f-9c2c-6031978251e1,0.0,489653.0,252834.0,13294.5,81.81818182,9.1,9.1,0.0,First 11,1.0,1.0,1.0
Responder 179,Paramedic,First responder master registry v2.0/23.05.10.1024.csv,23.05.10.1024.csv,d06f4054-097a-46ef-a88e-69665bf42389,0.0,355764.0,197533.0,7069.75,81.81818182,0.0,10.0,0.0,First 11,1.0,1.0,1.0
Responder 180,Paramedic,First responder master registry v2.0/23.05.10.1040.csv,23.05.10.1040.csv,741e494b-63ff-4ea2-ad88-657f2276045d,0.0,525535.0,357763.0,15008.0,63.63636364,0.0,27.3,9.1,First 11,1.0,1.0,1.0
Responder 181,Paramedic,First responder master registry v2.0/23.05.10.1105.csv,23.05.10.1105.csv,a1cb9dd5-e62b-4085-99d8-688e0a3856ee,0.0,397968.0,293116.0,18936.0,63.63636364,0.0,36.4,0.0,First 11,2.0,1.0,1.0
Responder 182,Paramedic,First responder master registry v2.0/23.05.10.1120.csv,23.05.10.1120.csv,d2c676e2-fddc-4872-9a26-b621d6585df9,0.0,402952.0,315251.0,38635.5,100.0,0.0,0.0,0.0,First 11,2.0,1.0,1.0
Responder 183,Paramedic,First responder master registry v2.0/23.05.10.1140.csv,23.05.10.1140.csv,b0a0d36e-4fb8-43b7-a966-d730e1130945,0.0,371702.0,308771.0,17245.0,72.72727273,18.2,0.0,9.1,First 11,1.0,1.0,1.0
Responder 184,EMT-Basic,First responder master registry v2.0/23.05.10.1159.csv,23.05.10.1159.csv,d81f6dfd-3151-415f-a354-541240e7fbae,0.0,791540.0,559065.0,54415.75,90.90909091,9.1,0.0,0.0,First 11,1.0,1.0,1.0
Responder 185,Paramedic,First responder master registry v2.0/23.05.11.0851.csv,23.05.11.0851.csv,6774cf2a-7728-4387-8788-934246a1e906,0.0,628403.0,386862.0,43496.5,72.72727273,9.1,9.1,9.1,First 11,0.0,1.0,1.0
Responder 186,Paramedic,First responder master registry v2.0/23.05.11.0910.csv,23.05.11.0910.csv,e2ddf563-3583-404c-917a-8eb7bec38471,0.0,390906.0,201204.0,11404.75,72.72727273,10.0,10.0,0.0,First 11,2.0,1.0,1.0
Responder 187,Paramedic,First responder master registry v2.0/23.05.11.0953.csv,23.05.11.0953.csv,25309ebf-8ca2-4678-af43-2d4030eb1c5d,0.0,643123.0,373773.0,22343.0,90.90909091,9.1,0.0,0.0,First 11,1.0,1.0,1.0
Responder 188,Paramedic,First responder master registry v2.0/23.05.11.1018.csv,23.05.11.1018.csv,c12f8355-5a14-4ccc-bde4-d8038cae9220,0.0,384114.0,228332.0,38364.75,90.90909091,9.1,0.0,0.0,First 11,0.0,1.0,1.0
Responder 189,Paramedic,First responder master registry v2.0/23.05.11.1031.csv,23.05.11.1031.csv,8581c1f8-a4e8-4245-ac73-2bd671237001,0.0,340440.0,199873.0,4390.5,81.81818182,0.0,18.2,0.0,First 11,0.0,1.0,1.0
Responder 190,EMT-Basic,First responder master registry v2.0/23.05.11.1045.csv,23.05.11.1045.csv,4226ad6c-bb0a-4df0-8c4a-64c312927578,0.0,361967.0,254446.0,15447.5,72.72727273,10.0,10.0,0.0,First 11,1.0,1.0,1.0
Responder 191,Paramedic,First responder master registry v2.0/23.05.11.1121.csv,23.05.11.1121.csv,1e7d274d-f393-4888-9f28-4de53b0260e3,1.0,442994.0,340735.0,20782.0,72.72727273,0.0,10.0,10.0,First 11,0.0,1.0,1.0
Responder 192,Paramedic,First responder master registry v2.0/23.05.11.1200.csv,23.05.11.1200.csv,cc319a3d-a27d-44a2-a594-ff5cecd9ee9a,0.0,470620.0,308445.0,18872.0,63.63636364,18.2,0.0,18.2,First 11,3.0,1.0,1.0
Responder 193,Paramedic,First responder master registry v2.0/23.05.31.0826.csv,23.05.31.0826.csv,97401484-055e-4590-9a11-7d911c42564b,0.0,355260.0,201628.0,7736.75,81.81818182,9.1,0.0,9.1,First 11,3.0,1.0,1.0
Responder 194,Paramedic,First responder master registry v2.0/23.05.31.0845.csv,23.05.31.0845.csv,f80ef1e8-e0d1-4106-9f18-4024ff911e22,0.0,376258.0,347315.0,11954.25,81.81818182,0.0,9.1,9.1,First 11,2.0,1.0,1.0
Responder 195,Paramedic,First responder master registry v2.0/23.05.31.0902.csv,23.05.31.0902.csv,9179223d-a6e0-4612-8200-40f30d05c11e,0.0,305139.0,225603.0,9298.0,63.63636364,0.0,30.0,0.0,First 11,2.0,1.0,1.0
Responder 196,Paramedic,First responder master registry v2.0/23.05.31.0915.csv,23.05.31.0915.csv,14a344df-eee2-4fd1-b182-e3cdacd9026c,0.0,527446.0,395502.0,14483.25,90.90909091,9.1,0.0,0.0,First 11,1.0,1.0,1.0
Responder 197,Paramedic,First responder master registry v2.0/23.05.31.0932.csv,23.05.31.0932.csv,f0a4acff-b70a-4577-a27e-df492cb9638d,0.0,244401.0,178378.0,8538.75,90.90909091,9.1,0.0,0.0,First 11,2.0,1.0,1.0
Responder 198,Paramedic,First responder master registry v2.0/23.05.31.0945.csv,23.05.31.0945.csv,e96d123b-455b-4335-9278-988ff9ba8ecf,0.0,366120.0,173682.0,10833.75,72.72727273,9.1,9.1,9.1,First 11,5.0,1.0,1.0
Responder 199,Paramedic,First responder master registry v2.0/23.05.31.1020.csv,23.05.31.1020.csv,deecd930-56c6-4679-87d8-7d6627631934,0.0,296631.0,136544.0,3980.75,81.81818182,18.2,0.0,0.0,First 11,1.0,1.0,1.0
Responder 200,Paramedic,First responder master registry v2.0/23.05.31.1034.csv,23.05.31.1034.csv,d605640c-fde5-412f-8d33-b9b2744172ab,0.0,368322.0,284826.0,5871.75,81.81818182,9.1,9.1,0.0,First 11,1.0,1.0,1.0
Responder 201,Paramedic,First responder master registry v2.0/23.05.31.1049.csv,23.05.31.1049.csv,c51a263e-fca1-4d93-929a-2c644cc441c6,0.0,324733.0,189839.0,8191.0,90.90909091,0.0,9.1,0.0,First 11,0.0,1.0,1.0
Responder 202,Paramedic,First responder master registry v2.0/23.06.07.0837.csv,23.06.07.0837.csv,e072d31f-2592-4c7e-8709-3db1e111240c,0.0,569513.0,353617.0,6765.0,81.81818182,9.1,0.0,9.1,First 11,1.0,1.0,1.0
Responder 203,Paramedic,First responder master registry v2.0/23.06.07.0856.csv,23.06.07.0856.csv,8ceb28a3-e268-4930-a1c6-84cac4f6239c,0.0,334646.0,182558.0,8744.25,72.72727273,0.0,18.2,9.1,First 11,0.0,1.0,1.0
Responder 204,Paramedic,First responder master registry v2.0/23.06.07.0909.csv,23.06.07.0909.csv,81d7c616-7896-4e0a-9cfc-155590686377,0.0,427079.0,294468.0,4415.0,90.90909091,0.0,9.1,0.0,First 11,1.0,1.0,1.0
Responder 205,Paramedic,First responder master registry v2.0/23.06.07.0923.csv,23.06.07.0923.csv,b440a9ce-e511-43e3-bc20-c9b2bed11005,0.0,426987.0,320829.0,11566.5,81.81818182,18.2,0.0,0.0,First 11,3.0,1.0,1.0
Responder 206,Paramedic,First responder master registry v2.0/23.06.07.0937.csv,23.06.07.0937.csv,7f639dc1-fce0-4aa9-b76a-c355894d05ed,0.0,523799.0,287726.0,17887.75,72.72727273,18.2,9.1,0.0,First 11,2.0,1.0,1.0
Responder 207,Paramedic,First responder master registry v2.0/23.06.07.0953.csv,23.06.07.0953.csv,c993d63e-166e-45fa-9cb3-07908a234428,0.0,362342.0,245606.0,7113.75,100.0,0.0,0.0,0.0,First 11,2.0,1.0,1.0
Responder 208,Paramedic,First responder master registry v2.0/23.06.07.1010.csv,23.06.07.1010.csv,51f8d40c-9550-4ef1-a71c-e030c0a08f29,0.0,322891.0,257246.0,8905.5,100.0,0.0,0.0,0.0,First 11,1.0,1.0,1.0
Responder 209,Paramedic,First responder master registry v2.0/23.06.07.1026.csv,23.06.07.1026.csv,04882754-51a0-4e5b-9617-b200e3609116,0.0,497774.0,467516.0,19737.0,90.90909091,9.1,0.0,0.0,First 11,5.0,1.0,1.0
Responder 210,Paramedic,First responder master registry v2.0/23.06.07.1044.csv,23.06.07.1044.csv,9fac5a9d-0f55-4473-9744-f7100561354f,0.0,464863.0,329595.0,17278.0,72.72727273,9.1,9.1,9.1,First 11,3.0,1.0,1.0
Responder 211,Paramedic,First responder master registry v2.0/23.06.23.0941.csv,23.06.23.0941.csv,e0b7bea0-1cf9-42a8-a02c-e8699a962779,0.0,353868.0,220576.0,11252.5,72.72727273,0.0,20.0,0.0,First 11,0.0,1.0,1.0
Responder 212,Paramedic,First responder master registry v2.0/23.06.23.0957.csv,23.06.23.0957.csv,7de52180-d823-4f9e-9003-aeab8139970b,0.0,310490.0,282695.0,11764.5,81.81818182,0.0,9.1,9.1,First 11,5.0,1.0,1.0
Responder 213,Paramedic,First responder master registry v2.0/23.06.23.1011.csv,23.06.23.1011.csv,a118a19a-0126-48ea-9d7b-7762f8e99926,0.0,380304.0,278574.0,45331.5,100.0,0.0,0.0,0.0,First 11,1.0,1.0,1.0
Responder 214,Paramedic,First responder master registry v2.0/23.06.23.1024.csv,23.06.23.1024.csv,3459b742-650d-4c82-bb7b-db84a843cc66,0.0,445714.0,320543.0,5208.25,81.81818182,9.1,9.1,0.0,First 11,3.0,1.0,1.0
Responder 215,Paramedic,First responder master registry v2.0/23.06.23.1038.csv,23.06.23.1038.csv,2d920452-cfa3-41f4-95de-36b62a023900,0.0,409283.0,236283.0,11907.75,100.0,0.0,0.0,0.0,First 11,1.0,1.0,1.0
Responder 216,EMT-Basic,First responder master registry v2.0/23.06.23.1054.csv,23.06.23.1054.csv,0b41cfdc-0891-4d1d-91ea-ac86fa54a34c,0.0,409248.0,221889.0,13990.0,72.72727273,18.2,0.0,9.1,First 11,0.0,1.0,1.0
Responder 217,Paramedic,First responder master registry v2.0/23.06.23.1106.csv,23.06.23.1106.csv,926de73a-7764-4409-920e-b2416cb57f9b,0.0,399736.0,222450.0,9439.75,72.72727273,10.0,10.0,0.0,First 11,2.0,1.0,1.0
Responder 218,Paramedic,First responder master registry v2.0/23.07.25.0847.csv,23.07.25.0847.csv,55dcba1c-2bfc-4028-984d-5c288c8b7265,0.0,466776.0,328257.0,47943.0,72.72727273,10.0,0.0,10.0,First 11,2.0,1.0,1.0
Responder 219,Paramedic,First responder master registry v2.0/23.07.25.0916.csv,23.07.25.0916.csv,d8fe95a5-c1fb-4239-8b42-12d28c35e111,0.0,437349.0,241982.0,11795.0,90.90909091,9.1,0.0,0.0,First 11,1.0,1.0,1.0
Responder 220,Paramedic,First responder master registry v2.0/23.07.25.1029.csv,23.07.25.1029.csv,f807c3e2-6cc7-4670-8488-4dd13431cc15,0.0,505411.0,338096.0,17511.0,81.81818182,9.1,0.0,9.1,First 11,2.0,1.0,1.0
Responder 221,Paramedic,First responder master registry v2.0/23.07.25.1206.csv,23.07.25.1206.csv,1507bc88-8d4c-4c1c-9291-210f790c96e3,0.0,531588.0,382274.0,13952.5,45.45454545,0.0,37.5,0.0,First 11,1.0,1.0,1.0
Responder 222,Paramedic,First responder master registry v2.0/23.07.25.1231.csv,23.07.25.1231.csv,d1445846-942b-422f-86ae-8b2a0b6133a8,0.0,391601.0,318202.0,7507.25,100.0,0.0,0.0,0.0,First 11,3.0,1.0,1.0
Responder 223,Paramedic,First responder master registry v2.0/23.07.25.1351.csv,23.07.25.1351.csv,251a4532-ff1f-4182-91ce-4215786a339a,0.0,474411.0,284910.0,8589.5,90.90909091,0.0,0.0,9.1,First 11,2.0,1.0,1.0
Responder 224,Paramedic,First responder master registry v2.0/23.07.25.1432.csv,23.07.25.1432.csv,d58c859d-d4b5-4213-88d7-df5c168fa646,0.0,539928.0,337374.0,31145.25,72.72727273,9.1,9.1,9.1,First 11,1.0,1.0,1.0
Responder 225,Paramedic,First responder master registry v2.0/23.07.25.1454.csv,23.07.25.1454.csv,6816890d-3882-41a2-ac2a-e6c4171d2da2,0.0,423764.0,227997.0,12791.25,90.90909091,9.1,0.0,0.0,First 11,3.0,1.0,1.0
Responder 226,Paramedic,First responder master registry v2.0/23.07.26.0740.csv,23.07.26.0740.csv,15bb887b-b5ae-49a5-8a23-f2ac7808f11f,0.0,454027.0,301211.0,14690.0,81.81818182,9.1,9.1,0.0,First 11,4.0,1.0,1.0
Responder 227,EMT-Basic,First responder master registry v2.0/23.07.26.0813.csv,23.07.26.0813.csv,73df0a9b-795b-41e2-97a0-6079fb7ca739,0.0,439544.0,183974.0,5572.75,90.90909091,0.0,9.1,0.0,First 11,1.0,1.0,1.0
Responder 228,Paramedic,First responder master registry v2.0/23.07.26.0950.csv,23.07.26.0950.csv,17b80e0f-9afe-497f-b3a3-0549c14a4ba9,0.0,475638.0,298815.0,69982.0,81.81818182,18.2,0.0,0.0,First 11,0.0,1.0,1.0
Responder 229,Paramedic,First responder master registry v2.0/23.07.26.1007.csv,23.07.26.1007.csv,ccfca520-5965-40d9-9a19-f0a19d208fdc,0.0,325872.0,203322.0,7455.5,72.72727273,20.0,0.0,0.0,First 11,1.0,1.0,0.0
Responder 230,Paramedic,First responder master registry v2.0/23.07.26.1025.csv,23.07.26.1025.csv,77c15654-dbf5-46da-8e84-fe418cdf1c59,0.0,435366.0,237227.0,10374.25,72.72727273,0.0,18.2,9.1,First 11,2.0,1.0,1.0
Responder 231,Paramedic,First responder master registry v2.0/23.07.26.1220.csv,23.07.26.1220.csv,18bfbc11-3c60-4c89-94cc-ac8fea028318,0.0,436906.0,278750.0,10518.75,63.63636364,9.1,18.2,9.1,First 11,0.0,1.0,1.0
Responder 232,Paramedic,First responder master registry v2.0/23.07.26.1242.csv,23.07.26.1242.csv,5c5c9f6e-555c-4ae2-a0c0-7e5eb84a92dd,0.0,360467.0,239164.0,6436.25,54.54545455,30.0,10.0,0.0,First 11,1.0,1.0,1.0
Responder 233,Paramedic,First responder master registry v2.0/23.07.26.1346.csv,23.07.26.1346.csv,ec6c5444-8f8b-417d-a840-f1173d3a0296,0.0,376323.0,163983.0,13640.5,81.81818182,10.0,0.0,0.0,First 11,0.0,1.0,1.0
Responder 234,Paramedic,First responder master registry v2.0/23.07.27.0840.csv,23.07.27.0840.csv,86c4cdb2-0073-43fb-b60a-dc13fa46a9ca,0.0,512085.0,335580.0,12138.75,72.72727273,0.0,18.2,9.1,First 11,2.0,1.0,1.0
Responder 235,Paramedic,First responder master registry v2.0/23.07.27.1034.csv,23.07.27.1034.csv,e1a418bf-114d-4b8e-b0a1-0a0ff144c0aa,0.0,345204.0,262585.0,7940.5,63.63636364,0.0,22.2,0.0,First 11,1.0,1.0,0.0
Responder 236,Paramedic,First responder master registry v2.0/23.07.27.1100.csv,23.07.27.1100.csv,401ce554-b556-4a10-88bb-424ed5c22ea8,0.0,508503.0,393562.0,20879.75,100.0,0.0,0.0,0.0,First 11,1.0,1.0,1.0
Responder 237,Paramedic,First responder master registry v2.0/23.07.27.1313.csv,23.07.27.1313.csv,6d681ea4-2632-4ede-a5d6-6e493c5ebd53,0.0,573081.0,356509.0,75346.0,72.72727273,9.1,9.1,9.1,First 11,1.0,1.0,0.0
Responder 238,Paramedic,First responder master registry v2.0/23.07.27.1334.csv,23.07.27.1334.csv,a62cdd57-739f-4f98-b0bd-45e7aced8b73,0.0,516590.0,401185.0,6412.5,90.90909091,0.0,9.1,0.0,First 11,3.0,1.0,0.0
Responder 239,Paramedic,First responder master registry v2.0/23.07.27.1354.csv,23.07.27.1354.csv,f9b3d74c-634d-40fc-9183-4c4bad4e7548,0.0,563436.0,452389.0,72479.75,72.72727273,20.0,0.0,0.0,First 11,1.0,1.0,1.0
Responder 240,Paramedic,First responder master registry v2.0/23.07.27.1417.csv,23.07.27.1417.csv,83b96c70-e156-4c10-b463-800c5a468ec5,0.0,637304.0,429833.0,13135.5,81.81818182,9.1,0.0,9.1,First 11,3.0,1.0,1.0
Responder 241,Paramedic,First responder master registry v2.0/23.08.01.0744.csv,23.08.01.0744.csv,71a7d2ce-2dea-4bec-8348-028e74fcd092,0.0,398772.0,300246.0,5561.5,72.72727273,9.1,9.1,9.1,First 11,3.0,1.0,1.0
Responder 242,Paramedic,First responder master registry v2.0/23.08.01.0757.csv,23.08.01.0757.csv,4f66ee10-3104-44ec-8d31-9e1c2b33f36d,0.0,311872.0,226587.0,8485.0,90.90909091,9.1,0.0,0.0,First 11,3.0,1.0,1.0
Responder 243,Paramedic,First responder master registry v2.0/23.08.01.0942.csv,23.08.01.0942.csv,8f0e76c0-6ff2-4974-b0f7-3f416e22fa90,0.0,568123.0,275856.0,9179.25,72.72727273,0.0,27.3,0.0,First 11,1.0,1.0,1.0
Responder 244,Paramedic,First responder master registry v2.0/23.08.01.1000.csv,23.08.01.1000.csv,5e1e1072-2244-4473-996d-e2cb337b805b,0.0,381885.0,226370.0,8750.5,81.81818182,9.1,9.1,0.0,First 11,3.0,1.0,1.0
Responder 245,Paramedic,First responder master registry v2.0/23.08.01.1218.csv,23.08.01.1218.csv,e4b17764-a999-4733-b455-1968588effc8,0.0,663462.0,572806.0,98224.0,81.81818182,9.1,9.1,0.0,First 11,1.0,1.0,0.0
Responder 246,Paramedic,First responder master registry v2.0/23.08.01.1434.csv,23.08.01.1434.csv,1813599d-cfde-45f0-8555-428b57478ebb,0.0,421768.0,241960.0,7438.5,72.72727273,0.0,27.3,0.0,First 11,1.0,1.0,1.0
Responder 247,Paramedic,First responder master registry v2.0/23.08.01.1453.csv,23.08.01.1453.csv,18e1dec6-b780-4e77-a6b9-f608f2483e53,0.0,489084.0,463884.0,9229.25,81.81818182,0.0,18.2,0.0,First 11,2.0,1.0,1.0
Responder 248,Paramedic,First responder master registry v2.0/23.08.02.0802.csv,23.08.02.0802.csv,68f0ccd0-ecbc-4b90-b5d1-83d9517995b8,0.0,490780.0,343546.0,19774.5,90.90909091,0.0,0.0,9.1,First 11,3.0,1.0,1.0
Responder 249,EMT-Basic,First responder master registry v2.0/23.08.02.0821.csv,23.08.02.0821.csv,0b01cf49-87cc-4647-9f29-b8dff39dcd6c,0.0,614685.0,401670.0,12505.0,81.81818182,18.2,0.0,0.0,First 11,2.0,1.0,1.0
Responder 250,Paramedic,First responder master registry v2.0/23.08.02.0950.csv,23.08.02.0950.csv,638950ca-b008-4b14-bd07-933e16e7d8e0,0.0,338475.0,231721.0,4352.75,81.81818182,18.2,0.0,0.0,First 11,2.0,1.0,0.0
Responder 251,Paramedic,First responder master registry v2.0/23.08.02.1005.csv,23.08.02.1005.csv,983344e9-c2d0-46b5-a8ba-da6e37d04f1d,0.0,399473.0,299402.0,14699.0,54.54545455,27.3,9.1,9.1,First 11,1.0,1.0,1.0
Responder 252,EMT-Basic,First responder master registry v2.0/23.08.02.1021.csv,23.08.02.1021.csv,dee5a112-91db-43bb-8564-dc4ce4195a88,0.0,461080.0,172277.0,4732.5,81.81818182,18.2,0.0,0.0,First 11,0.0,1.0,1.0
Responder 253,Paramedic,First responder master registry v2.0/23.08.02.1227.csv,23.08.02.1227.csv,98bad4ce-f31e-40f1-898e-ed38755e0340,0.0,545157.0,323166.0,21021.25,81.81818182,0.0,18.2,0.0,First 11,0.0,1.0,1.0
Responder 254,Paramedic,First responder master registry v2.0/23.08.02.1248.csv,23.08.02.1248.csv,684d04c4-83c1-49b6-b798-ddd431438857,0.0,829580.0,763817.0,25677.75,81.81818182,9.1,9.1,0.0,First 11,2.0,1.0,1.0
Responder 255,EMT-Basic,First responder master registry v2.0/23.08.02.1316.csv,23.08.02.1316.csv,4a504e80-0232-4978-9a63-7e503e86c5e3,0.0,545593.0,337446.0,15982.75,90.90909091,0.0,9.1,0.0,First 11,0.0,1.0,0.0
Responder 256,Paramedic,First responder master registry v2.0/23.08.02.1335.csv,23.08.02.1335.csv,d45ac4ce-be32-424b-a50f-fa8007af4fed,0.0,348280.0,192113.0,10133.75,63.63636364,10.0,10.0,10.0,First 11,2.0,1.0,1.0
Responder 257,Paramedic,First responder master registry v2.0/23.08.03.0755r.csv,23.08.03.0755r.csv,ab1f8cd1-8d65-45da-b087-89b25ff46c66,0.0,775735.0,453779.0,17967.75,81.81818182,18.2,0.0,0.0,First 11,1.0,1.0,1.0
Responder 258,EMT-Basic,First responder master registry v2.0/23.08.03.0824.csv,23.08.03.0824.csv,ed079161-e1ea-4682-9abb-d0b1736e3ee5,0.0,581028.0,243053.0,8205.0,81.81818182,9.1,9.1,0.0,First 11,1.0,1.0,1.0
Responder 259,Paramedic,First responder master registry v2.0/23.08.03.0857.csv,23.08.03.0857.csv,f2eb6809-d49f-4c3e-be62-91f1538ed437,0.0,501388.0,279953.0,53676.5,63.63636364,18.2,18.2,0.0,First 11,3.0,1.0,0.0
Responder 260,EMT-Basic,First responder master registry v2.0/23.08.03.0952.csv,23.08.03.0952.csv,f3447210-99fa-4990-8c1b-747a1e916e79,0.0,405933.0,233974.0,10840.25,90.90909091,9.1,0.0,0.0,First 11,1.0,1.0,0.0
Responder 261,Paramedic,First responder master registry v2.0/23.08.03.1007.csv,23.08.03.1007.csv,84f8db6a-1993-493f-b6cb-609ac3b45107,0.0,324415.0,140984.0,7592.75,81.81818182,9.1,9.1,0.0,First 11,2.0,1.0,1.0
Responder 262,Paramedic,First responder master registry v2.0/23.08.03.1039.csv,23.08.03.1039.csv,93b9eeb6-e902-4466-a518-a992c61146f8,0.0,479821.0,422369.0,200854.0,54.54545455,20.0,20.0,0.0,First 11,1.0,1.0,1.0
Responder 263,Paramedic,First responder master registry v2.0/23.08.03.1211.csv,23.08.03.1211.csv,c7587083-faff-4bca-b678-ae156bd4a3f0,0.0,399569.0,191829.0,14576.5,63.63636364,9.1,27.3,0.0,First 11,2.0,1.0,0.0
Responder 264,Paramedic,First responder master registry v2.0/23.08.03.1231.csv,23.08.03.1231.csv,716087c9-37c5-43b8-93ab-18339caefcd2,0.0,430473.0,248865.0,15555.75,72.72727273,0.0,18.2,9.1,First 11,1.0,1.0,1.0
Responder 265,Paramedic,First responder master registry v2.0/23.08.03.1404.csv,23.08.03.1404.csv,03b398c5-6fc8-459c-9662-ce1e0babe4b1,0.0,372595.0,252367.0,11384.75,81.81818182,9.1,0.0,9.1,First 11,1.0,1.0,1.0
Responder 266,Paramedic,First responder master registry v2.0/23.08.08.0748.csv,23.08.08.0748.csv,e8be80d7-4d11-430d-93b7-bc15e1bfb445,0.0,358227.0,247847.0,16098.75,45.45454545,27.3,9.1,18.2,First 11,1.0,1.0,1.0
Responder 267,Paramedic,First responder master registry v2.0/23.08.08.0804.csv,23.08.08.0804.csv,a3113d56-505e-40c1-8c39-09baacc82efa,0.0,415533.0,266655.0,48039.5,72.72727273,0.0,9.1,18.2,First 11,1.0,1.0,1.0
Responder 268,Paramedic,First responder master registry v2.0/23.08.08.0927.csv,23.08.08.0927.csv,21577c78-0085-4962-a363-b88526e3c212,0.0,588254.0,481005.0,12714.75,81.81818182,18.2,0.0,0.0,First 11,3.0,1.0,1.0
Responder 269,Paramedic,First responder master registry v2.0/23.08.08.0947.csv,23.08.08.0947.csv,02f6a42e-5211-40ea-8384-824a83ab6760,0.0,620353.0,467032.0,106183.5,63.63636364,9.1,27.3,0.0,First 11,3.0,1.0,1.0
Responder 270,Paramedic,First responder master registry v2.0/23.08.08.1007.csv,23.08.08.1007.csv,25de35e0-354f-4785-9738-31c44e37fcbc,0.0,481026.0,308121.0,8070.75,63.63636364,27.3,9.1,0.0,First 11,3.0,1.0,1.0
Responder 271,Other HP,First responder master registry v2.0/23.08.08.1026.csv,23.08.08.1026.csv,8832990e-c81c-45c4-96d5-3ca57a75cbe6,0.0,503035.0,403395.0,14214.0,72.72727273,18.2,9.1,0.0,First 11,0.0,0.0,0.0
Responder 272,Paramedic,First responder master registry v2.0/23.08.08.1109.csv,23.08.08.1109.csv,ffecd29f-ebcd-45d2-9bc1-12adf56cfff8,0.0,558189.0,292312.0,44801.5,90.90909091,9.1,0.0,0.0,First 11,1.0,1.0,1.0
Responder 273,Paramedic,First responder master registry v2.0/23.08.08.1134.csv,23.08.08.1134.csv,3e4e23e4-ce9e-44b7-9a1e-6e2923b33123,0.0,318103.0,260514.0,11221.75,90.90909091,9.1,0.0,0.0,First 11,2.0,1.0,1.0
Responder 274,Paramedic,First responder master registry v2.0/23.08.08.1146.csv,23.08.08.1146.csv,1563e213-aaa4-4b79-84a1-8f917ea9f7a9,0.0,249628.0,179048.0,7362.0,100.0,0.0,0.0,0.0,First 11,1.0,1.0,1.0
Responder 275,Paramedic,First responder master registry v2.0/23.08.08.1338.csv,23.08.08.1338.csv,36ebe99c-dcda-4677-945c-cb05f312d61c,0.0,551858.0,322208.0,10763.75,81.81818182,9.1,9.1,0.0,First 11,0.0,1.0,1.0
Responder 276,Paramedic,First responder master registry v2.0/23.08.08.1405.csv,23.08.08.1405.csv,b97bfac8-c52a-4019-8494-1e9ae36df7cf,0.0,450253.0,290584.0,12584.5,81.81818182,9.1,9.1,0.0,First 11,3.0,1.0,1.0
Responder 277,Paramedic,First responder master registry v2.0/23.08.09.0800.csv,23.08.09.0800.csv,445ceb23-1514-4490-9aa6-f2fc55b5d28e,0.0,363771.0,284789.0,25307.0,45.45454545,18.2,27.3,9.1,First 11,1.0,1.0,1.0
Responder 278,Paramedic,First responder master registry v2.0/23.08.09.0952.csv,23.08.09.0952.csv,496ff2bf-605d-4654-b945-dc2b0aaea626,0.0,454979.0,291981.0,10321.75,63.63636364,18.2,18.2,0.0,First 11,1.0,1.0,1.0
Responder 279,Paramedic,First responder master registry v2.0/23.08.09.1009.csv,23.08.09.1009.csv,693461dd-b8f6-4c60-92b6-bd1db0ffcac8,0.0,484017.0,302260.0,8023.0,81.81818182,9.1,9.1,0.0,First 11,1.0,1.0,1.0
Responder 280,Paramedic,First responder master registry v2.0/23.08.09.1211.csv,23.08.09.1211.csv,dfa09c43-42f4-4cb5-8f74-381744e0d320,0.0,467770.0,304552.0,15979.5,63.63636364,20.0,10.0,0.0,First 11,2.0,1.0,1.0
Responder 281,Paramedic,First responder master registry v2.0/23.08.09.1233.csv,23.08.09.1233.csv,44458d4a-3cce-4907-85e3-3db1375ce6bb,0.0,519379.0,380512.0,11763.25,72.72727273,20.0,0.0,0.0,First 11,2.0,1.0,1.0
Responder 282,EMT-Basic,First responder master registry v2.0/23.08.10.0841.csv,23.08.10.0841.csv,0786a1df-d010-4b1b-a99a-e00df486d479,0.0,458250.0,236370.0,24043.75,54.54545455,18.2,18.2,9.1,First 11,3.0,1.0,1.0
Responder 283,Paramedic,First responder master registry v2.0/23.08.10.1034.csv,23.08.10.1034.csv,f5dafd5d-461d-4440-9e3b-1b1c899df9e4,0.0,518564.0,308159.0,10604.5,90.90909091,9.1,0.0,0.0,First 11,1.0,1.0,1.0
Responder 284,EMT-Basic,First responder master registry v2.0/23.08.10.1057.csv,23.08.10.1057.csv,14f8e67c-bdc3-4c9c-9603-70cd51eb2367,0.0,463751.0,246484.0,7463.5,81.81818182,0.0,9.1,9.1,First 11,0.0,1.0,1.0
Responder 285,Paramedic,First responder master registry v2.0/23.08.10.1112.csv,23.08.10.1112.csv,37daf3d7-4288-4954-a0bd-ca6872cf1e82,0.0,610969.0,384313.0,10198.5,72.72727273,9.1,18.2,0.0,First 11,1.0,1.0,1.0
Responder 286,Paramedic,First responder master registry v2.0/23.08.10.1131.csv,23.08.10.1131.csv,13862ebb-4616-4d09-a725-c34661b6fa9c,0.0,470781.0,368082.0,18265.5,81.81818182,0.0,18.2,0.0,First 11,3.0,1.0,1.0
Responder 287,Paramedic,First responder master registry v2.0/23.08.10.1225.csv,23.08.10.1225.csv,20e5782a-d6f7-4361-a590-7e710c176765,0.0,274799.0,129668.0,6642.5,90.90909091,0.0,9.1,0.0,First 11,5.0,1.0,1.0
Responder 288,Paramedic,First responder master registry v2.0/23.08.16.1053.csv,23.08.16.1053.csv,cde3b77f-2e08-4b86-9081-d0faa979cbc8,0.0,509732.0,272814.0,9225.25,54.54545455,45.5,0.0,0.0,First 11,1.0,1.0,1.0
,,,,,0.0,,,,,,,,,,,
,,,,,0.0,,,,,,,,,,,
,,,,,0.0,,,,75.75757575951724,,,,,,,
